ISO-10303-21;
HEADER;
FILE_DESCRIPTION (( 'STEP AP214' ),
    '1' );
FILE_NAME ('RotorStatorAssembly_STEP214.STEP',
    '2025-05-01T21:50:36',
    ( '' ),
    ( '' ),
    'SwSTEP 2.0',
    'SolidWorks 2024',
    '' );
FILE_SCHEMA (( 'AUTOMOTIVE_DESIGN' ));
ENDSEC;

DATA;
#1 = ORIENTED_EDGE ( 'NONE', *, *, #6776, .T. ) ;
#2 = ITEM_DEFINED_TRANSFORMATION ( 'NONE', 'NONE', #1122,  #3479 ) ;
#3 = DIRECTION ( 'NONE',  ( 0.000000000000000000, 1.000000000000000000, -0.000000000000000000 ) ) ;
#4 = EDGE_CURVE ( 'NONE', #2989, #5641, #2857, .T. ) ;
#5 = AXIS2_PLACEMENT_3D ( 'NONE', #393, #4150, #463 ) ;
#6 = LINE ( 'NONE', #1082, #4008 ) ;
#7 = EDGE_CURVE ( 'NONE', #2667, #3361, #4849, .T. ) ;
#8 = LINE ( 'NONE', #6479, #5239 ) ;
#9 = ORIENTED_EDGE ( 'NONE', *, *, #2576, .T. ) ;
#10 = EDGE_LOOP ( 'NONE', ( #6567, #2613, #4926, #2644 ) ) ;
#11 = EDGE_CURVE ( 'NONE', #5878, #1816, #2131, .T. ) ;
#12 = DIRECTION ( 'NONE',  ( 0.000000000000000000, 0.000000000000000000, 1.000000000000000000 ) ) ;
#13 = CARTESIAN_POINT ( 'NONE',  ( -0.4340147425487534405, 0.5000000000000000000, 0.8000000000000000444 ) ) ;
#14 = CYLINDRICAL_SURFACE ( 'NONE', #4694, 0.2000000000000003164 ) ;
#15 = LINE ( 'NONE', #2120, #606 ) ;
#16 = PRODUCT_DEFINITION_CONTEXT ( 'detailed design', #6164, 'design' ) ;
#17 = VERTEX_POINT ( 'NONE', #1602 ) ;
#18 = CARTESIAN_POINT ( 'NONE',  ( 3.563660942325263203, 2.928964839118206598, 5.259618756977674892 ) ) ;
#19 = EDGE_LOOP ( 'NONE', ( #2888, #4306, #6091, #1257 ) ) ;
#20 = EDGE_LOOP ( 'NONE', ( #6312, #804, #5699, #5920 ) ) ;
#21 = DIRECTION ( 'NONE',  ( -0.000000000000000000, 1.000000000000000000, -0.000000000000000000 ) ) ;
#22 = CARTESIAN_POINT ( 'NONE',  ( -2.188630767697643975, 0.000000000000000000, 0.5354648973191198369 ) ) ;
#23 = DIRECTION ( 'NONE',  ( -0.000000000000000000, 1.000000000000000000, -0.000000000000000000 ) ) ;
#24 = CARTESIAN_POINT ( 'NONE',  ( -1.160284766201845397, 1.000000000000000000, 1.918881981277011928 ) ) ;
#25 = DIRECTION ( 'NONE',  ( 0.000000000000000000, 0.000000000000000000, 1.000000000000000000 ) ) ;
#26 = VECTOR ( 'NONE', #339, 39.37007874015748143 ) ;
#27 = EDGE_CURVE ( 'NONE', #4367, #226, #1675, .T. ) ;
#28 = ORIENTED_EDGE ( 'NONE', *, *, #2533, .T. ) ;
#29 = ORIENTED_EDGE ( 'NONE', *, *, #1734, .T. ) ;
#30 = FACE_BOUND ( 'NONE', #4951, .T. ) ;
#31 = SURFACE_STYLE_USAGE ( .BOTH. , #2701 ) ;
#32 = CARTESIAN_POINT ( 'NONE',  ( 1.732050807568872974, 1.000000000000000000, 1.000000000000007994 ) ) ;
#33 = DIRECTION ( 'NONE',  ( 0.9828721869343218787, 0.000000000000000000, -0.1842885350501853314 ) ) ;
#34 = VERTEX_POINT ( 'NONE', #4894 ) ;
#35 = DIRECTION ( 'NONE',  ( -0.000000000000000000, 1.000000000000000000, -0.000000000000000000 ) ) ;
#36 = ORIENTED_EDGE ( 'NONE', *, *, #4935, .T. ) ;
#37 = LINE ( 'NONE', #3859, #626 ) ;
#38 = LINE ( 'NONE', #4311, #4011 ) ;
#39 = LINE ( 'NONE', #1943, #2011 ) ;
#40 = CARTESIAN_POINT ( 'NONE',  ( 1.746607323071575735, 0.000000000000000000, -1.206318475930117096 ) ) ;
#41 = ORIENTED_EDGE ( 'NONE', *, *, #360, .F. ) ;
#42 = EDGE_CURVE ( 'NONE', #3133, #2741, #710, .T. ) ;
#43 = EDGE_CURVE ( 'NONE', #1816, #5996, #1524, .T. ) ;
#44 = ORIENTED_EDGE ( 'NONE', *, *, #3049, .F. ) ;
#45 = LINE ( 'NONE', #2153, #1868 ) ;
#46 = EDGE_CURVE ( 'NONE', #226, #6664, #4262, .T. ) ;
#47 = CARTESIAN_POINT ( 'NONE',  ( 3.117691453624106934, 0.2500000000000000000, -1.800000000000221201 ) ) ;
#48 = DIRECTION ( 'NONE',  ( -0.000000000000000000, 1.000000000000000000, -0.000000000000000000 ) ) ;
#49 = EDGE_LOOP ( 'NONE', ( #1678, #3282, #3342, #1797 ) ) ;
#50 =( NAMED_UNIT ( * ) SI_UNIT ( $, .STERADIAN. ) SOLID_ANGLE_UNIT ( ) );
#51 = VERTEX_POINT ( 'NONE', #6318 ) ;
#52 = ORIENTED_EDGE ( 'NONE', *, *, #4488, .F. ) ;
#53 = CARTESIAN_POINT ( 'NONE',  ( 3.460620106547131147, 0.000000000000000000, 0.2585873273816753914 ) ) ;
#54 = AXIS2_PLACEMENT_3D ( 'NONE', #3798, #4322, #5850 ) ;
#55 = CARTESIAN_POINT ( 'NONE',  ( 0.6590147425487519195, 0.000000000000000000, -3.599999999999999645 ) ) ;
#56 = DIRECTION ( 'NONE',  ( 0.7660444431189860071, -3.239521767463302742E-17, -0.6427876096865300370 ) ) ;
#57 = DIRECTION ( 'NONE',  ( -0.000000000000000000, 1.000000000000000000, -0.000000000000000000 ) ) ;
#58 = DIRECTION ( 'NONE',  ( 0.000000000000000000, 0.000000000000000000, -1.000000000000000000 ) ) ;
#59 = AXIS2_PLACEMENT_3D ( 'NONE', #5387, #3717, #1119 ) ;
#60 = LINE ( 'NONE', #4336, #2193 ) ;
#61 = ORIENTED_EDGE ( 'NONE', *, *, #3873, .F. ) ;
#62 = ORIENTED_EDGE ( 'NONE', *, *, #2109, .T. ) ;
#63 = CARTESIAN_POINT ( 'NONE',  ( 1.732050807569004647, 0.2500000000000000000, -1.000000000000221378 ) ) ;
#64 = DIRECTION ( 'NONE',  ( -0.000000000000000000, 1.000000000000000000, -0.000000000000000000 ) ) ;
#65 = ADVANCED_FACE ( 'NONE', ( #3741 ), #4221, .F. ) ;
#66 = CARTESIAN_POINT ( 'NONE',  ( -1.632050807568493855, 0.5000000000000000000, 1.173205080757109720 ) ) ;
#67 = ORIENTED_EDGE ( 'NONE', *, *, #332, .F. ) ;
#68 = DIRECTION ( 'NONE',  ( 0.8660254037844383745, 0.000000000000000000, -0.5000000000000006661 ) ) ;
#69 = VERTEX_POINT ( 'NONE', #1069 ) ;
#70 = ADVANCED_FACE ( 'NONE', ( #1036 ), #3214, .T. ) ;
#71 = DIRECTION ( 'NONE',  ( 0.000000000000000000, 0.000000000000000000, -1.000000000000000000 ) ) ;
#72 = CARTESIAN_POINT ( 'NONE',  ( 1.873500401103514568, 0.000000000000000000, -1.251728221555592491 ) ) ;
#73 = DIRECTION ( 'NONE',  ( 0.000000000000000000, 1.000000000000000000, 0.000000000000000000 ) ) ;
#74 = EDGE_CURVE ( 'NONE', #1924, #498, #4776, .T. ) ;
#75 = VECTOR ( 'NONE', #6401, 39.37007874015748143 ) ;
#76 = DIRECTION ( 'NONE',  ( 0.000000000000000000, 0.000000000000000000, -1.000000000000000000 ) ) ;
#77 = ORIENTED_EDGE ( 'NONE', *, *, #3314, .F. ) ;
#78 = ORIENTED_EDGE ( 'NONE', *, *, #3215, .F. ) ;
#79 = VECTOR ( 'NONE', #1942, 39.37007874015748854 ) ;
#80 = CARTESIAN_POINT ( 'NONE',  ( 1.632050807569004780, 0.2500000000000000000, -1.173205080757109053 ) ) ;
#81 = LINE ( 'NONE', #5959, #1413 ) ;
#82 = EDGE_CURVE ( 'NONE', #5279, #5199, #4301, .T. ) ;
#83 = EDGE_CURVE ( 'NONE', #4842, #2912, #5974, .T. ) ;
#84 = VECTOR ( 'NONE', #4917, 39.37007874015748854 ) ;
#85 = DIRECTION ( 'NONE',  ( 0.000000000000000000, 0.000000000000000000, 1.000000000000000000 ) ) ;
#86 = CARTESIAN_POINT ( 'NONE',  ( -1.799999999999967404, 0.2500000000000000000, -3.117691453623849807 ) ) ;
#87 = VERTEX_POINT ( 'NONE', #2165 ) ;
#88 = SHAPE_DEFINITION_REPRESENTATION ( #1512, #880 ) ;
#89 = ORIENTED_EDGE ( 'NONE', *, *, #1024, .T. ) ;
#90 = ORIENTED_EDGE ( 'NONE', *, *, #1955, .T. ) ;
#91 = CARTESIAN_POINT ( 'NONE',  ( -0.6840402866513518587, 0.000000000000000000, 1.879385241571811749 ) ) ;
#92 = VECTOR ( 'NONE', #4000, 39.37007874015748854 ) ;
#93 = EDGE_CURVE ( 'NONE', #5199, #3609, #5739, .T. ) ;
#94 = CARTESIAN_POINT ( 'NONE',  ( -0.3446038644311285593, 1.000000000000000000, 2.215765550180974319 ) ) ;
#95 = EDGE_CURVE ( 'NONE', #604, #2707, #4638, .T. ) ;
#96 = DIRECTION ( 'NONE',  ( 0.6427876096865300370, 2.216514893527523383E-17, 0.7660444431189860071 ) ) ;
#97 = FACE_OUTER_BOUND ( 'NONE', #941, .T. ) ;
#98 = CARTESIAN_POINT ( 'NONE',  ( 0.3462715702632570003, 0.000000000000000000, 3.452948729325139965 ) ) ;
#99 = VECTOR ( 'NONE', #1598, 39.37007874015748143 ) ;
#100 = MECHANICAL_DESIGN_GEOMETRIC_PRESENTATION_REPRESENTATION (  '', ( #2441 ), #1994 ) ;
#101 = CARTESIAN_POINT ( 'NONE',  ( 1.732050807568872974, 0.000000000000000000, 1.000000000000007994 ) ) ;
#102 = ORIENTED_EDGE ( 'NONE', *, *, #5499, .F. ) ;
#103 = VERTEX_POINT ( 'NONE', #1637 ) ;
#104 = FACE_OUTER_BOUND ( 'NONE', #965, .T. ) ;
#105 = CYLINDRICAL_SURFACE ( 'NONE', #5230, 0.2000000000000005940 ) ;
#106 = VECTOR ( 'NONE', #1469, 39.37007874015748143 ) ;
#107 =( GEOMETRIC_REPRESENTATION_CONTEXT ( 3 ) GLOBAL_UNCERTAINTY_ASSIGNED_CONTEXT ( ( #4841 ) ) GLOBAL_UNIT_ASSIGNED_CONTEXT ( ( #2586, #2057, #3179 ) ) REPRESENTATION_CONTEXT ( 'NONE', 'WORKASPACE' ) );
#108 = DIRECTION ( 'NONE',  ( -1.000000000000000000, 0.000000000000000000, 1.280553747030123569E-16 ) ) ;
#109 = PLANE ( 'NONE',  #4030 ) ;
#110 = EDGE_LOOP ( 'NONE', ( #1397, #907, #3107, #6661 ) ) ;
#111 = DIRECTION ( 'NONE',  ( -0.000000000000000000, -0.000000000000000000, -1.000000000000000000 ) ) ;
#112 = VECTOR ( 'NONE', #6435, 39.37007874015748143 ) ;
#113 = ORIENTED_EDGE ( 'NONE', *, *, #3894, .F. ) ;
#114 = CARTESIAN_POINT ( 'NONE',  ( 0.4340147425487538291, 0.5000000000000000000, 0.7999999999999999334 ) ) ;
#115 = CARTESIAN_POINT ( 'NONE',  ( 0.8267949192435893879, 0.5000000000000000000, 1.832050807568749384 ) ) ;
#116 = AXIS2_PLACEMENT_3D ( 'NONE', #895, #1850, #3005 ) ;
#117 = VECTOR ( 'NONE', #811, 39.37007874015748854 ) ;
#118 = CARTESIAN_POINT ( 'NONE',  ( 0.000000000000000000, 0.000000000000000000, 0.5000000000000000000 ) ) ;
#119 = ORIENTED_EDGE ( 'NONE', *, *, #4786, .T. ) ;
#120 = EDGE_LOOP ( 'NONE', ( #89, #3465, #2792, #3162, #158, #119, #6509, #1506 ) ) ;
#121 = AXIS2_PLACEMENT_3D ( 'NONE', #259, #5159, #3030 ) ;
#122 = FACE_OUTER_BOUND ( 'NONE', #4950, .T. ) ;
#123 = DIRECTION ( 'NONE',  ( 0.000000000000000000, 1.000000000000000000, -0.000000000000000000 ) ) ;
#124 = AXIS2_PLACEMENT_3D ( 'NONE', #608, #2834, #3285 ) ;
#125 = SHAPE_REPRESENTATION ( 'IndividualCoil', ( #3479 ), #3816 ) ;
#126 = DIRECTION ( 'NONE',  ( -0.8660254037844385966, -0.000000000000000000, -0.5000000000000002220 ) ) ;
#127 = DIRECTION ( 'NONE',  ( 0.000000000000000000, 0.000000000000000000, -1.000000000000000000 ) ) ;
#128 = ORIENTED_EDGE ( 'NONE', *, *, #4749, .F. ) ;
#129 = APPLICATION_PROTOCOL_DEFINITION ( 'draft international standard', 'automotive_design', 1998, #1511 ) ;
#130 = EDGE_CURVE ( 'NONE', #2699, #5057, #1107, .T. ) ;
#131 = ORIENTED_EDGE ( 'NONE', *, *, #4867, .F. ) ;
#132 = CARTESIAN_POINT ( 'NONE',  ( 0.6305891799356178051, 0.5000000000000000000, 0.6368577070100370774 ) ) ;
#133 = EDGE_CURVE ( 'NONE', #4122, #403, #576, .T. ) ;
#134 = DIRECTION ( 'NONE',  ( -1.000000000000000000, 0.000000000000000000, 1.036337966848353057E-16 ) ) ;
#135 = CARTESIAN_POINT ( 'NONE',  ( 0.3152945899678092356, 0.3500000000000000333, 0.3184288535050185942 ) ) ;
#136 = CYLINDRICAL_SURFACE ( 'NONE', #3185, 0.2000000000000000389 ) ;
#137 = EDGE_CURVE ( 'NONE', #6580, #3789, #935, .T. ) ;
#138 = ADVANCED_FACE ( 'NONE', ( #6457 ), #5409, .F. ) ;
#139 = ORIENTED_EDGE ( 'NONE', *, *, #6059, .F. ) ;
#140 = ORIENTED_EDGE ( 'NONE', *, *, #725, .F. ) ;
#141 = VERTEX_POINT ( 'NONE', #1813 ) ;
#142 = EDGE_CURVE ( 'NONE', #4574, #5411, #6599, .T. ) ;
#143 = DIRECTION ( 'NONE',  ( 0.000000000000000000, 0.000000000000000000, 1.000000000000000000 ) ) ;
#144 = ORIENTED_EDGE ( 'NONE', *, *, #1498, .F. ) ;
#145 = FACE_OUTER_BOUND ( 'NONE', #1738, .T. ) ;
#146 = ORIENTED_EDGE ( 'NONE', *, *, #6463, .T. ) ;
#147 = EDGE_CURVE ( 'NONE', #1480, #5956, #2395, .T. ) ;
#148 = LINE ( 'NONE', #2141, #4523 ) ;
#149 = EDGE_LOOP ( 'NONE', ( #756, #1246, #3447, #6204 ) ) ;
#150 = CARTESIAN_POINT ( 'NONE',  ( -3.117691453623594899, 0.2500000000000000000, 1.800000000000222533 ) ) ;
#151 = FACE_OUTER_BOUND ( 'NONE', #793, .T. ) ;
#152 = DIRECTION ( 'NONE',  ( 0.9828721869343218787, 0.000000000000000000, 0.1842885350501853869 ) ) ;
#153 = CARTESIAN_POINT ( 'NONE',  ( 2.690312454397194131, 1.000000000000000000, -2.180944595493418348 ) ) ;
#154 = ORIENTED_EDGE ( 'NONE', *, *, #6306, .F. ) ;
#155 = ORIENTED_EDGE ( 'NONE', *, *, #2051, .T. ) ;
#156 = CARTESIAN_POINT ( 'NONE',  ( -1.688248517051402331, 0.000000000000000000, 1.475867792664167899 ) ) ;
#157 = LINE ( 'NONE', #3275, #2664 ) ;
#158 = ORIENTED_EDGE ( 'NONE', *, *, #4039, .T. ) ;
#159 = ORIENTED_EDGE ( 'NONE', *, *, #844, .T. ) ;
#160 = CARTESIAN_POINT ( 'NONE',  ( 0.6305891799356178051, -0.5000000000000000000, 0.6368577070100370774 ) ) ;
#161 = EDGE_CURVE ( 'NONE', #6630, #5732, #2589, .T. ) ;
#162 = FACE_OUTER_BOUND ( 'NONE', #395, .T. ) ;
#163 = EDGE_CURVE ( 'NONE', #2309, #6255, #165, .T. ) ;
#164 = CARTESIAN_POINT ( 'NONE',  ( 0.000000000000000000, 0.5000000000000000000, 0.000000000000000000 ) ) ;
#165 = LINE ( 'NONE', #4933, #5622 ) ;
#166 = ORIENTED_EDGE ( 'NONE', *, *, #6524, .F. ) ;
#167 = ORIENTED_EDGE ( 'NONE', *, *, #4036, .T. ) ;
#168 = EDGE_LOOP ( 'NONE', ( #6118, #4766, #3297, #6267 ) ) ;
#169 = VECTOR ( 'NONE', #4374, 39.37007874015748143 ) ;
#170 = CARTESIAN_POINT ( 'NONE',  ( -1.081658159549176546, 0.000000000000000000, -1.964277073793397665 ) ) ;
#171 = EDGE_CURVE ( 'NONE', #6430, #5164, #6001, .T. ) ;
#172 = VECTOR ( 'NONE', #2953, 39.37007874015748143 ) ;
#173 = EDGE_CURVE ( 'NONE', #4173, #3491, #4410, .T. ) ;
#174 = DIRECTION ( 'NONE',  ( 0.000000000000000000, 0.000000000000000000, 1.000000000000000000 ) ) ;
#175 = ORIENTED_EDGE ( 'NONE', *, *, #3634, .T. ) ;
#176 = FACE_OUTER_BOUND ( 'NONE', #6727, .T. ) ;
#177 = ORIENTED_EDGE ( 'NONE', *, *, #2608, .F. ) ;
#178 = CARTESIAN_POINT ( 'NONE',  ( 1.873500401103514568, 0.000000000000000000, -1.251728221555592491 ) ) ;
#179 = CIRCLE ( 'NONE', #6199, 0.2000000000000000389 ) ;
#180 = DIRECTION ( 'NONE',  ( 0.000000000000000000, 0.000000000000000000, 1.000000000000000000 ) ) ;
#181 = ADVANCED_FACE ( 'NONE', ( #5538 ), #136, .F. ) ;
#182 = CARTESIAN_POINT ( 'NONE',  ( -0.2170073712743761929, -0.3499999999999999778, 0.3999999999999999667 ) ) ;
#183 = DIRECTION ( 'NONE',  ( 0.000000000000000000, 0.000000000000000000, -1.000000000000000000 ) ) ;
#184 = ORIENTED_EDGE ( 'NONE', *, *, #6824, .T. ) ;
#185 = VECTOR ( 'NONE', #2717, 39.37007874015748143 ) ;
#186 = ORIENTED_EDGE ( 'NONE', *, *, #3382, .T. ) ;
#187 = DIRECTION ( 'NONE',  ( 0.000000000000000000, 1.000000000000000000, -0.000000000000000000 ) ) ;
#188 = FACE_OUTER_BOUND ( 'NONE', #5530, .T. ) ;
#189 = VECTOR ( 'NONE', #2378, 39.37007874015748143 ) ;
#190 = VECTOR ( 'NONE', #6832, 39.37007874015748143 ) ;
#191 = ORIENTED_EDGE ( 'NONE', *, *, #2432, .F. ) ;
#192 = ORIENTED_EDGE ( 'NONE', *, *, #93, .F. ) ;
#193 = CYLINDRICAL_SURFACE ( 'NONE', #2112, 0.1999999999999998446 ) ;
#194 = DIRECTION ( 'NONE',  ( 0.000000000000000000, 0.000000000000000000, 1.000000000000000000 ) ) ;
#195 = DIRECTION ( 'NONE',  ( 0.000000000000000000, 0.000000000000000000, -1.000000000000000000 ) ) ;
#196 = PLANE ( 'NONE',  #5692 ) ;
#197 = DIRECTION ( 'NONE',  ( -0.000000000000000000, 1.000000000000000000, -0.000000000000000000 ) ) ;
#198 = ORIENTED_EDGE ( 'NONE', *, *, #2402, .T. ) ;
#199 = EDGE_LOOP ( 'NONE', ( #5789, #1375, #4844, #6768 ) ) ;
#200 = ORIENTED_EDGE ( 'NONE', *, *, #4873, .T. ) ;
#201 = ADVANCED_FACE ( 'NONE', ( #6069 ), #4963, .T. ) ;
#202 = DIRECTION ( 'NONE',  ( 0.9828721869343218787, 0.000000000000000000, -0.1842885350501854147 ) ) ;
#203 = VECTOR ( 'NONE', #6568, 39.37007874015748143 ) ;
#204 = DIRECTION ( 'NONE',  ( 0.000000000000000000, 1.000000000000000000, 0.000000000000000000 ) ) ;
#205 = ORIENTED_EDGE ( 'NONE', *, *, #2883, .T. ) ;
#206 = CARTESIAN_POINT ( 'NONE',  ( 1.732050807569004647, 0.2500000000000000000, -1.000000000000221378 ) ) ;
#207 = ORIENTED_EDGE ( 'NONE', *, *, #2321, .F. ) ;
#208 = VECTOR ( 'NONE', #6268, 39.37007874015748143 ) ;
#209 = CIRCLE ( 'NONE', #4558, 0.1999999999999997891 ) ;
#210 = CARTESIAN_POINT ( 'NONE',  ( 0.000000000000000000, 0.000000000000000000, 0.000000000000000000 ) ) ;
#211 = FACE_OUTER_BOUND ( 'NONE', #5248, .T. ) ;
#212 = FACE_OUTER_BOUND ( 'NONE', #168, .T. ) ;
#213 = LINE ( 'NONE', #6019, #537 ) ;
#214 = ORIENTED_EDGE ( 'NONE', *, *, #4269, .F. ) ;
#215 = CIRCLE ( 'NONE', #3462, 0.1000000000000000194 ) ;
#216 = AXIS2_PLACEMENT_3D ( 'NONE', #3062, #6236, #5123 ) ;
#217 = ADVANCED_FACE ( 'NONE', ( #6528 ), #2301, .F. ) ;
#218 = ORIENTED_EDGE ( 'NONE', *, *, #5139, .T. ) ;
#219 = EDGE_CURVE ( 'NONE', #2751, #1545, #1268, .T. ) ;
#220 = AXIS2_PLACEMENT_3D ( 'NONE', #5066, #3497, #2480 ) ;
#221 = FACE_BOUND ( 'NONE', #5597, .T. ) ;
#222 = VECTOR ( 'NONE', #6395, 39.37007874015748854 ) ;
#223 = EDGE_CURVE ( 'NONE', #5218, #2651, #3517, .T. ) ;
#224 = AXIS2_PLACEMENT_3D ( 'NONE', #3359, #5478, #1243 ) ;
#225 = VERTEX_POINT ( 'NONE', #5029 ) ;
#226 = VERTEX_POINT ( 'NONE', #1244 ) ;
#227 = CARTESIAN_POINT ( 'NONE',  ( -2.314035394871508888, 0.000000000000000000, -2.757759995228349581 ) ) ;
#228 = DIRECTION ( 'NONE',  ( 0.000000000000000000, 1.000000000000000000, 0.000000000000000000 ) ) ;
#229 = LINE ( 'NONE', #5675, #676 ) ;
#230 = CARTESIAN_POINT ( 'NONE',  ( -0.6590147425487534738, 0.5000000000000000000, -0.8000000000000000444 ) ) ;
#231 = ORIENTED_EDGE ( 'NONE', *, *, #3171, .T. ) ;
#232 = CARTESIAN_POINT ( 'NONE',  ( 0.000000000000000000, 0.000000000000000000, 0.000000000000000000 ) ) ;
#233 = VERTEX_POINT ( 'NONE', #3393 ) ;
#234 = ORIENTED_EDGE ( 'NONE', *, *, #5398, .T. ) ;
#235 = CARTESIAN_POINT ( 'NONE',  ( 0.2503407046077101294, 0.3499999999999999778, 0.4449999999999998956 ) ) ;
#236 = DIRECTION ( 'NONE',  ( 0.000000000000000000, 0.000000000000000000, -1.000000000000000000 ) ) ;
#237 = VERTEX_POINT ( 'NONE', #5507 ) ;
#238 = CARTESIAN_POINT ( 'NONE',  ( 0.000000000000000000, 0.000000000000000000, 0.5000000000000000000 ) ) ;
#239 = ORIENTED_EDGE ( 'NONE', *, *, #1226, .T. ) ;
#240 = DIRECTION ( 'NONE',  ( -1.000000000000000000, 0.000000000000000000, -0.000000000000000000 ) ) ;
#241 = PRODUCT_DEFINITION_SHAPE ( 'NONE', 'NONE',  #6925 ) ;
#242 = PLANE ( 'NONE',  #2998 ) ;
#243 = LINE ( 'NONE', #5175, #1790 ) ;
#244 = CARTESIAN_POINT ( 'NONE',  ( 2.000000000000255351, 0.2500000000000000000, -0.2000000000002552791 ) ) ;
#245 = ORIENTED_EDGE ( 'NONE', *, *, #3138, .T. ) ;
#246 = EDGE_CURVE ( 'NONE', #5062, #6897, #2866, .T. ) ;
#247 = DIRECTION ( 'NONE',  ( 0.000000000000000000, 1.000000000000000000, -0.000000000000000000 ) ) ;
#248 = VERTEX_POINT ( 'NONE', #2333 ) ;
#249 = FACE_OUTER_BOUND ( 'NONE', #4513, .T. ) ;
#250 = DIRECTION ( 'NONE',  ( -0.000000000000000000, 1.000000000000000000, -0.000000000000000000 ) ) ;
#251 = DIRECTION ( 'NONE',  ( -0.000000000000000000, 1.000000000000000000, -0.000000000000000000 ) ) ;
#252 = EDGE_CURVE ( 'NONE', #5229, #248, #4858, .T. ) ;
#253 = ORIENTED_EDGE ( 'NONE', *, *, #3022, .T. ) ;
#254 = CARTESIAN_POINT ( 'NONE',  ( 1.285575219373081168, 0.000000000000000000, -1.532088886237954473 ) ) ;
#255 = DIRECTION ( 'NONE',  ( -0.000000000000000000, 1.000000000000000000, -0.000000000000000000 ) ) ;
#256 = CARTESIAN_POINT ( 'NONE',  ( -1.173205080756854368, 0.2500000000000000000, -1.632050807568748985 ) ) ;
#257 = EDGE_CURVE ( 'NONE', #5666, #5143, #6101, .T. ) ;
#258 = EDGE_CURVE ( 'NONE', #1572, #315, #5575, .T. ) ;
#259 = CARTESIAN_POINT ( 'NONE',  ( 3.600000000000254996, 0.2500000000000000000, -0.2000000000002555012 ) ) ;
#260 = DIRECTION ( 'NONE',  ( 1.000000000000000000, 0.000000000000000000, -1.364065023876727600E-16 ) ) ;
#261 = ORIENTED_EDGE ( 'NONE', *, *, #2144, .F. ) ;
#262 = VERTEX_POINT ( 'NONE', #6496 ) ;
#263 = ORIENTED_EDGE ( 'NONE', *, *, #5095, .T. ) ;
#264 = DIRECTION ( 'NONE',  ( -0.000000000000000000, 1.000000000000000000, -0.000000000000000000 ) ) ;
#265 = CARTESIAN_POINT ( 'NONE',  ( -0.2000000000000000111, 0.5000000000000000000, -3.599999999999999645 ) ) ;
#266 = LINE ( 'NONE', #3038, #6585 ) ;
#267 = ORIENTED_EDGE ( 'NONE', *, *, #2446, .T. ) ;
#268 = AXIS2_PLACEMENT_3D ( 'NONE', #4816, #6421, #58 ) ;
#269 = CARTESIAN_POINT ( 'NONE',  ( -3.599999999999744738, 0.2500000000000000000, 2.559668354255167113E-13 ) ) ;
#270 = ORIENTED_EDGE ( 'NONE', *, *, #4047, .F. ) ;
#271 = LINE ( 'NONE', #2410, #514 ) ;
#272 = CARTESIAN_POINT ( 'NONE',  ( 0.6305891799356178051, 0.5000000000000000000, 0.6368577070100370774 ) ) ;
#273 = VECTOR ( 'NONE', #5060, 39.37007874015748854 ) ;
#274 = LINE ( 'NONE', #4543, #3017 ) ;
#275 = LINE ( 'NONE', #2490, #875 ) ;
#276 = ORIENTED_EDGE ( 'NONE', *, *, #5992, .T. ) ;
#277 = CARTESIAN_POINT ( 'NONE',  ( -0.5435971967451100895, 1.000000000000000000, 3.420351227372337988 ) ) ;
#278 = VECTOR ( 'NONE', #1612, 39.37007874015748143 ) ;
#279 = VERTEX_POINT ( 'NONE', #1711 ) ;
#280 = CARTESIAN_POINT ( 'NONE',  ( -3.599999999999744738, 0.2500000000000000000, -0.1999999999997440769 ) ) ;
#281 = ADVANCED_FACE ( 'NONE', ( #3848 ), #5970, .F. ) ;
#282 = CARTESIAN_POINT ( 'NONE',  ( -0.1999999999999999278, 0.2500000000000000000, 0.8000000000000001554 ) ) ;
#283 = VECTOR ( 'NONE', #2239, 39.37007874015748143 ) ;
#284 = VERTEX_POINT ( 'NONE', #3551 ) ;
#285 = LINE ( 'NONE', #227, #2901 ) ;
#286 = PRODUCT_RELATED_PRODUCT_CATEGORY ( 'part', '', ( #2827 ) ) ;
#287 = CARTESIAN_POINT ( 'NONE',  ( 2.000000000000255351, 0.5000000000000000000, -0.2000000000002552791 ) ) ;
#288 = DIRECTION ( 'NONE',  ( 0.000000000000000000, 0.000000000000000000, 1.000000000000000000 ) ) ;
#289 = AXIS2_PLACEMENT_3D ( 'NONE', #2073, #3643, #5180 ) ;
#290 = CARTESIAN_POINT ( 'NONE',  ( -1.618049801134249899, 0.000000000000000000, -1.253109587306345141 ) ) ;
#291 = CARTESIAN_POINT ( 'NONE',  ( 0.3795073712743766148, 0.3499999999999999778, -0.4438888888888889439 ) ) ;
#292 = ORIENTED_EDGE ( 'NONE', *, *, #3178, .F. ) ;
#293 = EDGE_CURVE ( 'NONE', #2071, #1532, #5160, .T. ) ;
#294 = PRODUCT_DEFINITION_SHAPE ( 'NONE', 'NONE',  #5668 ) ;
#295 = EDGE_CURVE ( 'NONE', #4810, #1170, #5712, .T. ) ;
#296 = VERTEX_POINT ( 'NONE', #887 ) ;
#297 = VERTEX_POINT ( 'NONE', #6697 ) ;
#298 = EDGE_CURVE ( 'NONE', #2887, #5353, #4597, .T. ) ;
#299 = AXIS2_PLACEMENT_3D ( 'NONE', #6842, #5819, #2572 ) ;
#300 = CARTESIAN_POINT ( 'NONE',  ( -1.332398236215194931, 0.000000000000000000, 1.817014648731372528 ) ) ;
#301 = DIRECTION ( 'NONE',  ( -0.000000000000000000, 1.000000000000000000, -0.000000000000000000 ) ) ;
#302 = ORIENTED_EDGE ( 'NONE', *, *, #4518, .T. ) ;
#303 = VECTOR ( 'NONE', #3345, 39.37007874015748143 ) ;
#304 = LINE ( 'NONE', #1381, #728 ) ;
#305 = EDGE_CURVE ( 'NONE', #4468, #1261, #5609, .T. ) ;
#306 = ORIENTED_EDGE ( 'NONE', *, *, #5260, .T. ) ;
#307 =( REPRESENTATION_RELATIONSHIP ('NONE','NONE', #880, #2002 ) REPRESENTATION_RELATIONSHIP_WITH_TRANSFORMATION ( #1934 )SHAPE_REPRESENTATION_RELATIONSHIP( ) );
#308 = DIRECTION ( 'NONE',  ( -0.7660444431189860071, 0.000000000000000000, 0.6427876096865298150 ) ) ;
#309 = VECTOR ( 'NONE', #3164, 39.37007874015748854 ) ;
#310 = DIRECTION ( 'NONE',  ( 0.000000000000000000, 0.000000000000000000, -1.000000000000000000 ) ) ;
#311 = ORIENTED_EDGE ( 'NONE', *, *, #2710, .T. ) ;
#312 = DIRECTION ( 'NONE',  ( 0.000000000000000000, 0.000000000000000000, -1.000000000000000000 ) ) ;
#313 = VECTOR ( 'NONE', #3913, 39.37007874015748143 ) ;
#314 = AXIS2_PLACEMENT_3D ( 'NONE', #5452, #656, #6006 ) ;
#315 = VERTEX_POINT ( 'NONE', #2017 ) ;
#316 = DIRECTION ( 'NONE',  ( -0.9828721869343218787, 0.000000000000000000, 0.1842885350501852482 ) ) ;
#317 = FACE_BOUND ( 'NONE', #3866, .T. ) ;
#318 = VECTOR ( 'NONE', #5706, 39.37007874015748143 ) ;
#319 = AXIS2_PLACEMENT_3D ( 'NONE', #574, #1671, #3879 ) ;
#320 = DIRECTION ( 'NONE',  ( -0.8660254037844385966, 0.000000000000000000, 0.5000000000000001110 ) ) ;
#321 = EDGE_CURVE ( 'NONE', #5147, #1043, #4151, .T. ) ;
#322 = VERTEX_POINT ( 'NONE', #3490 ) ;
#323 = AXIS2_PLACEMENT_3D ( 'NONE', #562, #3195, #4799 ) ;
#324 = AXIS2_PLACEMENT_3D ( 'NONE', #1530, #3635, #2663 ) ;
#325 = DIRECTION ( 'NONE',  ( 0.000000000000000000, 1.000000000000000000, 0.000000000000000000 ) ) ;
#326 = DIRECTION ( 'NONE',  ( -0.000000000000000000, 1.000000000000000000, -0.000000000000000000 ) ) ;
#327 = CARTESIAN_POINT ( 'NONE',  ( -0.4340147425487536625, 1.000000000000000000, -2.200000000000000178 ) ) ;
#328 = VECTOR ( 'NONE', #23, 39.37007874015748143 ) ;
#329 = AXIS2_PLACEMENT_3D ( 'NONE', #3209, #1101, #3249 ) ;
#330 = CYLINDRICAL_SURFACE ( 'NONE', #3577, 0.5000000000000000000 ) ;
#331 = DIRECTION ( 'NONE',  ( 0.6427876096865406952, 0.000000000000000000, -0.7660444431189769032 ) ) ;
#332 = EDGE_CURVE ( 'NONE', #6638, #4450, #6761, .T. ) ;
#333 = ORIENTED_EDGE ( 'NONE', *, *, #3668, .T. ) ;
#334 = ORIENTED_EDGE ( 'NONE', *, *, #4078, .T. ) ;
#335 = VERTEX_POINT ( 'NONE', #4665 ) ;
#336 = AXIS2_PLACEMENT_3D ( 'NONE', #164, #6456, #2270 ) ;
#337 = DIRECTION ( 'NONE',  ( -0.000000000000000000, 1.000000000000000000, -0.000000000000000000 ) ) ;
#338 = EDGE_CURVE ( 'NONE', #5061, #3399, #6272, .T. ) ;
#339 = DIRECTION ( 'NONE',  ( -1.000000000000000000, -0.000000000000000000, 1.036337966848352934E-16 ) ) ;
#340 = VERTEX_POINT ( 'NONE', #4562 ) ;
#341 = AXIS2_PLACEMENT_3D ( 'NONE', #1741, #3846, #2163 ) ;
#342 = CARTESIAN_POINT ( 'NONE',  ( -3.460620106547134700, 1.000000000000000000, 0.2585873273816295947 ) ) ;
#343 = ORIENTED_EDGE ( 'NONE', *, *, #6883, .F. ) ;
#344 = DIRECTION ( 'NONE',  ( -0.000000000000000000, 1.000000000000000000, -0.000000000000000000 ) ) ;
#345 = DIRECTION ( 'NONE',  ( -0.9828721869343218787, 0.000000000000000000, 0.1842885350501853869 ) ) ;
#346 = LINE ( 'NONE', #6612, #5358 ) ;
#347 = ADVANCED_FACE ( 'NONE', ( #4018 ), #6726, .F. ) ;
#348 = DIRECTION ( 'NONE',  ( 0.000000000000000000, -0.000000000000000000, -1.000000000000000000 ) ) ;
#349 = CARTESIAN_POINT ( 'NONE',  ( -3.233909651142261588, 0.000000000000000000, -1.239406631878953391 ) ) ;
#350 = ITEM_DEFINED_TRANSFORMATION ( 'NONE', 'NONE', #1249,  #3479 ) ;
#351 = ORIENTED_EDGE ( 'NONE', *, *, #6071, .T. ) ;
#352 = APPLICATION_CONTEXT ( 'automotive_design' ) ;
#353 = DIRECTION ( 'NONE',  ( -0.000000000000000000, 1.000000000000000000, -0.000000000000000000 ) ) ;
#354 = LINE ( 'NONE', #775, #3897 ) ;
#355 = PRODUCT_DEFINITION_SHAPE ( 'NONE', 'NONE',  #5763 ) ;
#356 = CARTESIAN_POINT ( 'NONE',  ( -0.9531006376118713597, 1.000000000000000000, -1.811068185169599776 ) ) ;
#357 = PRODUCT_DEFINITION_FORMATION_WITH_SPECIFIED_SOURCE ( 'ANY', '', #739, .NOT_KNOWN. ) ;
#358 = ORIENTED_EDGE ( 'NONE', *, *, #5174, .T. ) ;
#359 = LINE ( 'NONE', #6653, #5246 ) ;
#360 = EDGE_CURVE ( 'NONE', #4769, #6078, #1372, .T. ) ;
#361 = FACE_OUTER_BOUND ( 'NONE', #1985, .T. ) ;
#362 = CARTESIAN_POINT ( 'NONE',  ( 1.680643291471281664, 0.000000000000000000, -3.028157617715626859 ) ) ;
#363 = DIRECTION ( 'NONE',  ( -0.000000000000000000, 1.000000000000000000, -0.000000000000000000 ) ) ;
#364 = ORIENTED_EDGE ( 'NONE', *, *, #6398, .T. ) ;
#365 = ORIENTED_EDGE ( 'NONE', *, *, #6218, .T. ) ;
#366 = ORIENTED_EDGE ( 'NONE', *, *, #5720, .F. ) ;
#367 = DIRECTION ( 'NONE',  ( 0.000000000000000000, 1.000000000000000000, -0.000000000000000000 ) ) ;
#368 = CARTESIAN_POINT ( 'NONE',  ( 1.173205080756921648, 0.5000000000000000000, -1.632050807569005002 ) ) ;
#369 = LINE ( 'NONE', #1346, #26 ) ;
#370 = VERTEX_POINT ( 'NONE', #848 ) ;
#371 = FACE_OUTER_BOUND ( 'NONE', #380, .T. ) ;
#372 = ORIENTED_EDGE ( 'NONE', *, *, #3682, .T. ) ;
#373 = LINE ( 'NONE', #1457, #5108 ) ;
#374 = PRODUCT_RELATED_PRODUCT_CATEGORY ( 'part', '', ( #1983 ) ) ;
#375 = CARTESIAN_POINT ( 'NONE',  ( 0.1999999999999999278, 0.2500000000000000000, -0.8000000000000000444 ) ) ;
#376 = LINE ( 'NONE', #6852, #6130 ) ;
#377 = VECTOR ( 'NONE', #5936, 39.37007874015748143 ) ;
#378 =( CONVERSION_BASED_UNIT ( 'INCH', #1421 ) LENGTH_UNIT ( ) NAMED_UNIT ( #5972 ) );
#379 = DIRECTION ( 'NONE',  ( 0.000000000000000000, 1.000000000000000000, -0.000000000000000000 ) ) ;
#380 = EDGE_LOOP ( 'NONE', ( #6425, #3581, #1270, #4703 ) ) ;
#381 = ITEM_DEFINED_TRANSFORMATION ( 'NONE', 'NONE', #6601,  #3479 ) ;
#382 = ORIENTED_EDGE ( 'NONE', *, *, #6191, .F. ) ;
#383 = LINE ( 'NONE', #6298, #6766 ) ;
#384 = AXIS2_PLACEMENT_3D ( 'NONE', #4005, #6714, #312 ) ;
#385 = ADVANCED_FACE ( 'NONE', ( #3031 ), #6799, .F. ) ;
#386 = DIRECTION ( 'NONE',  ( 1.000000000000000000, 0.000000000000000000, -1.573591704294117338E-16 ) ) ;
#387 = DIRECTION ( 'NONE',  ( 0.8660254037844385966, 0.000000000000000000, 0.4999999999999998335 ) ) ;
#388 = AXIS2_PLACEMENT_3D ( 'NONE', #3082, #2559, #4649 ) ;
#389 = ORIENTED_EDGE ( 'NONE', *, *, #978, .F. ) ;
#390 = DIRECTION ( 'NONE',  ( 0.000000000000000000, 1.000000000000000000, -0.000000000000000000 ) ) ;
#391 = DIRECTION ( 'NONE',  ( -0.000000000000000000, 1.000000000000000000, -0.000000000000000000 ) ) ;
#392 = LINE ( 'NONE', #5356, #1104 ) ;
#393 = CARTESIAN_POINT ( 'NONE',  ( 1.800000000000477440, 0.2500000000000000000, 3.117691453623850695 ) ) ;
#394 = DIRECTION ( 'NONE',  ( 0.5000000000000003331, 0.000000000000000000, 0.8660254037844383745 ) ) ;
#395 = EDGE_LOOP ( 'NONE', ( #1169, #6683, #4588, #4169 ) ) ;
#396 = CARTESIAN_POINT ( 'NONE',  ( 2.538789811728792145, 2.928964839118206598, 1.434747626381251751 ) ) ;
#397 = EDGE_CURVE ( 'NONE', #2872, #6614, #4085, .T. ) ;
#398 = ORIENTED_EDGE ( 'NONE', *, *, #3090, .F. ) ;
#399 = ORIENTED_EDGE ( 'NONE', *, *, #3374, .F. ) ;
#400 = DIRECTION ( 'NONE',  ( 0.5000000000000002220, -0.000000000000000000, -0.8660254037844385966 ) ) ;
#401 = AXIS2_PLACEMENT_3D ( 'NONE', #4550, #3409, #1830 ) ;
#402 = CARTESIAN_POINT ( 'NONE',  ( 0.1472782379492916793, 0.000000000000000000, 2.248363052133775852 ) ) ;
#403 = VERTEX_POINT ( 'NONE', #4526 ) ;
#404 = FACE_OUTER_BOUND ( 'NONE', #923, .T. ) ;
#405 = AXIS2_PLACEMENT_3D ( 'NONE', #615, #4855, #5940 ) ;
#406 = ORIENTED_EDGE ( 'NONE', *, *, #3388, .T. ) ;
#407 = LINE ( 'NONE', #1491, #2316 ) ;
#408 = PRODUCT_DEFINITION_SHAPE ( 'NONE', 'NONE',  #6922 ) ;
#409 = DIRECTION ( 'NONE',  ( -0.000000000000000000, -1.000000000000000000, -0.000000000000000000 ) ) ;
#410 = DIRECTION ( 'NONE',  ( 0.000000000000000000, 0.000000000000000000, 1.000000000000000000 ) ) ;
#411 = AXIS2_PLACEMENT_3D ( 'NONE', #4621, #2671, #3685 ) ;
#412 = SURFACE_SIDE_STYLE ('',( #4614 ) ) ;
#413 = ORIENTED_EDGE ( 'NONE', *, *, #1402, .F. ) ;
#414 = PRODUCT_CONTEXT ( 'NONE', #2505, 'mechanical' ) ;
#415 = ORIENTED_EDGE ( 'NONE', *, *, #1592, .T. ) ;
#416 = AXIS2_PLACEMENT_3D ( 'NONE', #2412, #345, #4542 ) ;
#417 = CARTESIAN_POINT ( 'NONE',  ( -1.973205080756410101, 0.2500000000000000000, 3.017691453624107289 ) ) ;
#418 = LINE ( 'NONE', #1939, #6232 ) ;
#419 = AXIS2_PLACEMENT_3D ( 'NONE', #1919, #5512, #5613 ) ;
#420 = EDGE_CURVE ( 'NONE', #5154, #3160, #4630, .T. ) ;
#421 = ORIENTED_EDGE ( 'NONE', *, *, #3354, .T. ) ;
#422 = CARTESIAN_POINT ( 'NONE',  ( 0.000000000000000000, 0.000000000000000000, -4.000000000000000000 ) ) ;
#423 = AXIS2_PLACEMENT_3D ( 'NONE', #458, #6791, #12 ) ;
#424 = DIRECTION ( 'NONE',  ( -0.8660254037844389297, 0.000000000000000000, -0.4999999999999993894 ) ) ;
#425 = VECTOR ( 'NONE', #5967, 39.37007874015748143 ) ;
#426 = CARTESIAN_POINT ( 'NONE',  ( -0.2000000000000001221, 0.000000000000000000, -0.8000000000000000444 ) ) ;
#427 = EDGE_CURVE ( 'NONE', #4274, #69, #487, .T. ) ;
#428 = EDGE_CURVE ( 'NONE', #5851, #742, #6305, .T. ) ;
#429 = DIRECTION ( 'NONE',  ( -0.000000000000000000, -1.000000000000000000, -0.000000000000000000 ) ) ;
#430 = DIRECTION ( 'NONE',  ( -0.9396926207859106484, -0.000000000000000000, 0.3420201433256622736 ) ) ;
#431 = VECTOR ( 'NONE', #1194, 39.37007874015748143 ) ;
#432 = AXIS2_PLACEMENT_3D ( 'NONE', #3158, #2067, #1459 ) ;
#433 = ORIENTED_EDGE ( 'NONE', *, *, #5683, .T. ) ;
#434 =( CONVERSION_BASED_UNIT ( 'INCH', #1029 ) LENGTH_UNIT ( ) NAMED_UNIT ( #6512 ) );
#435 = ORIENTED_EDGE ( 'NONE', *, *, #420, .F. ) ;
#436 = ORIENTED_EDGE ( 'NONE', *, *, #1054, .T. ) ;
#437 = DIRECTION ( 'NONE',  ( -0.000000000000000000, 1.000000000000000000, -0.000000000000000000 ) ) ;
#438 = CIRCLE ( 'NONE', #5142, 0.09999999999999996392 ) ;
#439 = VECTOR ( 'NONE', #1870, 39.37007874015748143 ) ;
#440 =( LENGTH_UNIT ( ) NAMED_UNIT ( * ) SI_UNIT ( $, .METRE. ) );
#441 = FACE_OUTER_BOUND ( 'NONE', #1230, .T. ) ;
#442 = ORIENTED_EDGE ( 'NONE', *, *, #4286, .F. ) ;
#443 = APPLICATION_CONTEXT ( 'automotive_design' ) ;
#444 = LINE ( 'NONE', #6735, #2524 ) ;
#445 = EDGE_LOOP ( 'NONE', ( #4898, #4971, #3326, #6392, #5256, #28, #686, #6707 ) ) ;
#446 = LINE ( 'NONE', #931, #4106 ) ;
#447 = CARTESIAN_POINT ( 'NONE',  ( -1.832050807568750050, 0.2500000000000000000, -0.8267949192428897254 ) ) ;
#448 = DIRECTION ( 'NONE',  ( -0.000000000000000000, 1.000000000000000000, -0.000000000000000000 ) ) ;
#449 = CARTESIAN_POINT ( 'NONE',  ( 0.4777945899678088248, 0.3499999999999999778, -0.3254600353838704163 ) ) ;
#450 = VERTEX_POINT ( 'NONE', #2540 ) ;
#451 = DIRECTION ( 'NONE',  ( -0.000000000000000000, -1.000000000000000000, -0.000000000000000000 ) ) ;
#452 = DIRECTION ( 'NONE',  ( 1.000000000000000000, 0.000000000000000000, -8.998007023192930631E-17 ) ) ;
#453 = CARTESIAN_POINT ( 'NONE',  ( -3.430871201744703392, 0.000000000000000000, -1.274136267412339762 ) ) ;
#454 = EDGE_CURVE ( 'NONE', #4958, #5576, #2397, .T. ) ;
#455 = EDGE_CURVE ( 'NONE', #6171, #6630, #4190, .T. ) ;
#456 = CYLINDRICAL_SURFACE ( 'NONE', #1783, 0.1000000000000000888 ) ;
#457 = ORIENTED_EDGE ( 'NONE', *, *, #6374, .F. ) ;
#458 = CARTESIAN_POINT ( 'NONE',  ( -3.273993744141478590, 0.000000000000000000, 1.129276491484287215 ) ) ;
#459 = CYLINDRICAL_SURFACE ( 'NONE', #4338, 0.1000000000000000888 ) ;
#460 = EDGE_CURVE ( 'NONE', #3125, #3609, #4728, .T. ) ;
#461 = ADVANCED_FACE ( 'NONE', ( #3142 ), #3655, .F. ) ;
#462 = AXIS2_PLACEMENT_3D ( 'NONE', #3104, #6275, #1594 ) ;
#463 = DIRECTION ( 'NONE',  ( 0.8660254037844385966, 0.000000000000000000, -0.5000000000000001110 ) ) ;
#464 = FACE_OUTER_BOUND ( 'NONE', #1061, .T. ) ;
#465 = ORIENTED_EDGE ( 'NONE', *, *, #4320, .F. ) ;
#466 = DIRECTION ( 'NONE',  ( 1.000000000000000000, 0.000000000000000000, 0.000000000000000000 ) ) ;
#467 = ORIENTED_EDGE ( 'NONE', *, *, #4928, .F. ) ;
#468 = ORIENTED_EDGE ( 'NONE', *, *, #298, .F. ) ;
#469 = CARTESIAN_POINT ( 'NONE',  ( 1.626794919243146120, 0.5000000000000000000, -3.217691453624107467 ) ) ;
#470 = ADVANCED_FACE ( 'NONE', ( #464 ), #5368, .F. ) ;
#471 = DIRECTION ( 'NONE',  ( 0.000000000000000000, 0.000000000000000000, 1.000000000000000000 ) ) ;
#472 = DIRECTION ( 'NONE',  ( 0.000000000000000000, 0.000000000000000000, 1.000000000000000000 ) ) ;
#473 = FACE_OUTER_BOUND ( 'NONE', #5837, .T. ) ;
#474 = CARTESIAN_POINT ( 'NONE',  ( 1.746607323071575735, 1.000000000000000000, -1.406318475930117273 ) ) ;
#475 =( NAMED_UNIT ( * ) PLANE_ANGLE_UNIT ( ) SI_UNIT ( $, .RADIAN. ) );
#476 = ORIENTED_EDGE ( 'NONE', *, *, #3957, .T. ) ;
#477 = FACE_OUTER_BOUND ( 'NONE', #1379, .T. ) ;
#478 = DIRECTION ( 'NONE',  ( 0.1629875097639928438, 0.000000000000000000, -0.9866281324090309113 ) ) ;
#479 = CARTESIAN_POINT ( 'NONE',  ( -1.799999999999522426, 0.5000000000000000000, 3.117691453624107378 ) ) ;
#480 = FACE_OUTER_BOUND ( 'NONE', #1187, .T. ) ;
#481 = VERTEX_POINT ( 'NONE', #6866 ) ;
#482 = CARTESIAN_POINT ( 'NONE',  ( 0.6590147425487534738, 0.5000000000000000000, -0.5999999999999999778 ) ) ;
#483 = CARTESIAN_POINT ( 'NONE',  ( 3.273993744141463935, 1.000000000000000000, 1.129276491484332512 ) ) ;
#484 = DIRECTION ( 'NONE',  ( 0.000000000000000000, 0.000000000000000000, -1.000000000000000000 ) ) ;
#485 = VECTOR ( 'NONE', #1743, 39.37007874015748854 ) ;
#486 = LINE ( 'NONE', #2672, #5344 ) ;
#487 = CIRCLE ( 'NONE', #1273, 4.000000000000000000 ) ;
#488 = EDGE_LOOP ( 'NONE', ( #4290, #5971, #4480, #205 ) ) ;
#489 = ADVANCED_FACE ( 'NONE', ( #4807 ), #2084, .F. ) ;
#490 = DIRECTION ( 'NONE',  ( -0.000000000000000000, 1.000000000000000000, -0.000000000000000000 ) ) ;
#491 = CARTESIAN_POINT ( 'NONE',  ( 1.809200813408591069, 0.000000000000000000, -3.181366506339421196 ) ) ;
#492 = CIRCLE ( 'NONE', #1384, 4.000000000000000000 ) ;
#493 = DIRECTION ( 'NONE',  ( 0.8660254037844362651, 0.000000000000000000, 0.5000000000000041078 ) ) ;
#494 = CARTESIAN_POINT ( 'NONE',  ( -1.506366858664282660, 0.000000000000000000, -3.126278588807878567 ) ) ;
#495 = PRODUCT_DEFINITION_CONTEXT ( 'detailed design', #2736, 'design' ) ;
#496 = ORIENTED_EDGE ( 'NONE', *, *, #6524, .T. ) ;
#497 = ORIENTED_EDGE ( 'NONE', *, *, #5683, .F. ) ;
#498 = VERTEX_POINT ( 'NONE', #494 ) ;
#499 = VECTOR ( 'NONE', #1677, 39.37007874015748143 ) ;
#500 = PLANE ( 'NONE',  #2570 ) ;
#501 = CARTESIAN_POINT ( 'NONE',  ( 0.3295073712743759597, 0.3499999999999999778, -0.4000000000000000777 ) ) ;
#502 = PLANE ( 'NONE',  #4245 ) ;
#503 = CARTESIAN_POINT ( 'NONE',  ( 2.000000000000255351, 0.2500000000000000000, 0.1999999999997445765 ) ) ;
#504 = ADVANCED_FACE ( 'NONE', ( #6308 ), #6279, .T. ) ;
#505 = DIMENSIONAL_EXPONENTS ( 1.000000000000000000, 0.000000000000000000, 0.000000000000000000, 0.000000000000000000, 0.000000000000000000, 0.000000000000000000, 0.000000000000000000 ) ;
#506 = VERTEX_POINT ( 'NONE', #1514 ) ;
#507 = CARTESIAN_POINT ( 'NONE',  ( 0.000000000000000000, 0.000000000000000000, 0.000000000000000000 ) ) ;
#508 = AXIS2_PLACEMENT_3D ( 'NONE', #1967, #4104, #5704 ) ;
#509 = CARTESIAN_POINT ( 'NONE',  ( 2.020778639052820846, 0.000000000000000000, -0.9966348305781737027 ) ) ;
#510 = DIRECTION ( 'NONE',  ( -0.6344653901597012702, 0.000000000000000000, 0.7729512718726181397 ) ) ;
#511 = EDGE_CURVE ( 'NONE', #340, #5486, #1550, .T. ) ;
#512 = DIRECTION ( 'NONE',  ( -0.000000000000000000, -1.000000000000000000, -0.000000000000000000 ) ) ;
#513 = ORIENTED_EDGE ( 'NONE', *, *, #4585, .T. ) ;
#514 = VECTOR ( 'NONE', #4643, 39.37007874015748854 ) ;
#515 = CARTESIAN_POINT ( 'NONE',  ( 0.5435971967450640152, 0.000000000000000000, 3.420351227372345981 ) ) ;
#516 = ORIENTED_EDGE ( 'NONE', *, *, #1973, .T. ) ;
#517 = ITEM_DEFINED_TRANSFORMATION ( 'NONE', 'NONE', #2817,  #5255 ) ;
#518 = DIRECTION ( 'NONE',  ( 0.4999999999999993894, -0.000000000000000000, -0.8660254037844389297 ) ) ;
#519 = CIRCLE ( 'NONE', #5444, 0.2000000000000000389 ) ;
#520 = DIRECTION ( 'NONE',  ( -0.3420201433256630508, 0.000000000000000000, -0.9396926207859105373 ) ) ;
#521 = ORIENTED_EDGE ( 'NONE', *, *, #2618, .T. ) ;
#522 = AXIS2_PLACEMENT_3D ( 'NONE', #4590, #5052, #6093 ) ;
#523 = VERTEX_POINT ( 'NONE', #4840 ) ;
#524 = CARTESIAN_POINT ( 'NONE',  ( -1.973205080756855079, 0.2500000000000000000, -3.017691453623849718 ) ) ;
#525 = LINE ( 'NONE', #3137, #6443 ) ;
#526 =( REPRESENTATION_RELATIONSHIP ('NONE','NONE', #880, #6553 ) REPRESENTATION_RELATIONSHIP_WITH_TRANSFORMATION ( #2493 )SHAPE_REPRESENTATION_RELATIONSHIP( ) );
#527 = CIRCLE ( 'NONE', #1656, 0.1999999999999997891 ) ;
#528 = CYLINDRICAL_SURFACE ( 'NONE', #3025, 0.1000000000000000194 ) ;
#529 = DIRECTION ( 'NONE',  ( 0.000000000000000000, 0.000000000000000000, -1.000000000000000000 ) ) ;
#530 = VERTEX_POINT ( 'NONE', #3765 ) ;
#531 = AXIS2_PLACEMENT_3D ( 'NONE', #3131, #4831, #5285 ) ;
#532 = EDGE_LOOP ( 'NONE', ( #622, #261, #1427, #6439 ) ) ;
#533 = CIRCLE ( 'NONE', #5345, 0.2000000000000003164 ) ;
#534 = VERTEX_POINT ( 'NONE', #2049 ) ;
#535 = DIRECTION ( 'NONE',  ( -0.000000000000000000, -1.000000000000000000, -0.000000000000000000 ) ) ;
#536 = CARTESIAN_POINT ( 'NONE',  ( 0.3295073712743767924, -0.3500000000000000333, -0.4000000000000000777 ) ) ;
#537 = VECTOR ( 'NONE', #5013, 39.37007874015748854 ) ;
#538 = LENGTH_MEASURE_WITH_UNIT ( LENGTH_MEASURE( 0.02539999999999999897 ), #1600 );
#539 = AXIS2_PLACEMENT_3D ( 'NONE', #709, #5088, #288 ) ;
#540 = DIRECTION ( 'NONE',  ( -0.000000000000000000, 1.000000000000000000, -0.000000000000000000 ) ) ;
#541 = DIRECTION ( 'NONE',  ( 0.000000000000000000, 1.000000000000000000, -0.000000000000000000 ) ) ;
#542 = LINE ( 'NONE', #2696, #4872 ) ;
#543 = ORIENTED_EDGE ( 'NONE', *, *, #4289, .F. ) ;
#544 = ORIENTED_EDGE ( 'NONE', *, *, #6367, .T. ) ;
#545 = AXIS2_PLACEMENT_3D ( 'NONE', #5834, #2521, #1568 ) ;
#546 = CARTESIAN_POINT ( 'NONE',  ( -3.430871201744703392, 0.000000000000000000, -1.274136267412339762 ) ) ;
#547 = SURFACE_STYLE_FILL_AREA ( #1717 ) ;
#548 = ADVANCED_FACE ( 'NONE', ( #992 ), #6343, .F. ) ;
#549 = DIRECTION ( 'NONE',  ( 0.9396926207859057634, 0.000000000000000000, 0.3420201433256754853 ) ) ;
#550 = DIRECTION ( 'NONE',  ( -0.000000000000000000, 1.000000000000000000, -0.000000000000000000 ) ) ;
#551 = VERTEX_POINT ( 'NONE', #5293 ) ;
#552 = CIRCLE ( 'NONE', #3371, 0.1000000000000000194 ) ;
#553 = DIRECTION ( 'NONE',  ( -0.4906048554611521229, 0.000000000000000000, -0.8713821640347833020 ) ) ;
#554 = ORIENTED_EDGE ( 'NONE', *, *, #2359, .T. ) ;
#555 = CONTEXT_DEPENDENT_SHAPE_REPRESENTATION ( #5943, #1866 ) ;
#556 = CARTESIAN_POINT ( 'NONE',  ( 0.000000000000000000, 0.000000000000000000, 0.000000000000000000 ) ) ;
#557 = VECTOR ( 'NONE', #1819, 39.37007874015748143 ) ;
#558 = CARTESIAN_POINT ( 'NONE',  ( -0.2761998357659943282, 1.000000000000000000, 2.027827026023792278 ) ) ;
#559 = EDGE_CURVE ( 'NONE', #3553, #3361, #15, .T. ) ;
#560 = DIRECTION ( 'NONE',  ( 0.8660254037844385966, 0.000000000000000000, -0.5000000000000002220 ) ) ;
#561 = ADVANCED_FACE ( 'NONE', ( #2682 ), #2156, .F. ) ;
#562 = CARTESIAN_POINT ( 'NONE',  ( -0.4340147425487534405, 0.5000000000000000000, 0.8000000000000000444 ) ) ;
#563 = EDGE_LOOP ( 'NONE', ( #5511, #5093, #2201, #680, #707, #2698, #758, #5163, #4163 ) ) ;
#564 = ORIENTED_EDGE ( 'NONE', *, *, #588, .F. ) ;
#565 = CARTESIAN_POINT ( 'NONE',  ( -2.241942925751031268, 1.000000000000000000, 0.04539509251633994796 ) ) ;
#566 = CARTESIAN_POINT ( 'NONE',  ( 0.2170073712743769700, -0.3500000000000000333, 0.2999999999999999889 ) ) ;
#567 = FACE_OUTER_BOUND ( 'NONE', #849, .T. ) ;
#568 = DIRECTION ( 'NONE',  ( 0.000000000000000000, 1.000000000000000000, -0.000000000000000000 ) ) ;
#569 = ORIENTED_EDGE ( 'NONE', *, *, #1367, .F. ) ;
#570 = DIRECTION ( 'NONE',  ( 0.000000000000000000, 0.000000000000000000, 1.000000000000000000 ) ) ;
#571 = ORIENTED_EDGE ( 'NONE', *, *, #3024, .T. ) ;
#572 = ORIENTED_EDGE ( 'NONE', *, *, #3636, .F. ) ;
#573 = CARTESIAN_POINT ( 'NONE',  ( -0.3486279233011425061, 0.3499999999999999778, 0.3634288535050185787 ) ) ;
#574 = CARTESIAN_POINT ( 'NONE',  ( -0.3295073712743767369, 0.3500000000000000333, -0.3000000000000000444 ) ) ;
#575 = DIRECTION ( 'NONE',  ( 0.000000000000000000, 1.000000000000000000, 0.000000000000000000 ) ) ;
#576 = LINE ( 'NONE', #2729, #3973 ) ;
#577 = CYLINDRICAL_SURFACE ( 'NONE', #3640, 0.2000000000000001776 ) ;
#578 = DIRECTION ( 'NONE',  ( 0.000000000000000000, 0.000000000000000000, -1.000000000000000000 ) ) ;
#579 = ORIENTED_EDGE ( 'NONE', *, *, #246, .T. ) ;
#580 = ORIENTED_EDGE ( 'NONE', *, *, #3645, .F. ) ;
#581 = EDGE_CURVE ( 'NONE', #4997, #3970, #3747, .T. ) ;
#582 = CARTESIAN_POINT ( 'NONE',  ( -0.6305891799356175831, -0.3500000000000000333, 0.6368577070100371884 ) ) ;
#583 = PLANE ( 'NONE',  #4025 ) ;
#584 = ORIENTED_EDGE ( 'NONE', *, *, #142, .T. ) ;
#585 = DIRECTION ( 'NONE',  ( -0.5093366627281896708, 0.000000000000000000, -0.8605673500667512243 ) ) ;
#586 = ORIENTED_EDGE ( 'NONE', *, *, #171, .F. ) ;
#587 = CONTEXT_DEPENDENT_SHAPE_REPRESENTATION ( #1158, #1927 ) ;
#588 = EDGE_CURVE ( 'NONE', #2637, #370, #5822, .T. ) ;
#589 = CARTESIAN_POINT ( 'NONE',  ( -3.545307910843941812, 0.000000000000000000, -0.6251334396009859962 ) ) ;
#590 = DIRECTION ( 'NONE',  ( -0.000000000000000000, 1.000000000000000000, -0.000000000000000000 ) ) ;
#591 = DIRECTION ( 'NONE',  ( 0.1842885350501853592, 0.000000000000000000, 0.9828721869343218787 ) ) ;
#592 = DIRECTION ( 'NONE',  ( -0.000000000000000000, 1.000000000000000000, -0.000000000000000000 ) ) ;
#593 = ORIENTED_EDGE ( 'NONE', *, *, #1023, .F. ) ;
#594 = EDGE_CURVE ( 'NONE', #6206, #6165, #1058, .T. ) ;
#595 = EDGE_LOOP ( 'NONE', ( #3961, #4293, #3521, #4617 ) ) ;
#596 = LINE ( 'NONE', #80, #5645 ) ;
#597 = CARTESIAN_POINT ( 'NONE',  ( -0.4777945899678091579, -0.3499999999999999778, -0.3254600353838703053 ) ) ;
#598 = ADVANCED_FACE ( 'NONE', ( #5226 ), #1627, .F. ) ;
#599 = EDGE_CURVE ( 'NONE', #5965, #534, #1736, .T. ) ;
#600 = DIRECTION ( 'NONE',  ( -0.000000000000000000, 1.000000000000000000, -0.000000000000000000 ) ) ;
#601 = DIRECTION ( 'NONE',  ( 0.000000000000000000, 1.000000000000000000, 0.000000000000000000 ) ) ;
#602 = ORIENTED_EDGE ( 'NONE', *, *, #293, .T. ) ;
#603 = ORIENTED_EDGE ( 'NONE', *, *, #3008, .F. ) ;
#604 = VERTEX_POINT ( 'NONE', #4181 ) ;
#605 = DIRECTION ( 'NONE',  ( -0.000000000000000000, -1.000000000000000000, -0.000000000000000000 ) ) ;
#606 = VECTOR ( 'NONE', #48, 39.37007874015748143 ) ;
#607 = PLANE ( 'NONE',  #3010 ) ;
#608 = CARTESIAN_POINT ( 'NONE',  ( -1.057032921418002314, 2.311796791384322702, 6.185887037002027355 ) ) ;
#609 = FACE_OUTER_BOUND ( 'NONE', #4419, .T. ) ;
#610 = CARTESIAN_POINT ( 'NONE',  ( 1.746607323071575735, 1.000000000000000000, -1.406318475930117273 ) ) ;
#611 = CIRCLE ( 'NONE', #2640, 0.09999999999999996392 ) ;
#612 = FILL_AREA_STYLE_COLOUR ( '', #6315 ) ;
#613 = ORIENTED_EDGE ( 'NONE', *, *, #3997, .F. ) ;
#614 = ORIENTED_EDGE ( 'NONE', *, *, #3945, .T. ) ;
#615 = CARTESIAN_POINT ( 'NONE',  ( 0.4340147425487537736, 0.5000000000000000000, 0.5999999999999999778 ) ) ;
#616 = AXIS2_PLACEMENT_3D ( 'NONE', #3381, #4394, #677 ) ;
#617 = FACE_OUTER_BOUND ( 'NONE', #3735, .T. ) ;
#618 =( LENGTH_UNIT ( ) NAMED_UNIT ( * ) SI_UNIT ( $, .METRE. ) );
#619 = EDGE_LOOP ( 'NONE', ( #6810, #1218, #5973, #1706 ) ) ;
#620 = ADVANCED_FACE ( 'NONE', ( #1289 ), #4361, .F. ) ;
#621 = FACE_OUTER_BOUND ( 'NONE', #2769, .T. ) ;
#622 = ORIENTED_EDGE ( 'NONE', *, *, #5673, .T. ) ;
#623 = CARTESIAN_POINT ( 'NONE',  ( 0.2000000000000001221, 0.2500000000000000000, 0.8000000000000000444 ) ) ;
#624 = DIRECTION ( 'NONE',  ( 0.000000000000000000, 1.000000000000000000, 0.000000000000000000 ) ) ;
#625 = DIRECTION ( 'NONE',  ( -0.1736481776669274724, 0.000000000000000000, -0.9848077530122085754 ) ) ;
#626 = VECTOR ( 'NONE', #3827, 39.37007874015748143 ) ;
#627 = CARTESIAN_POINT ( 'NONE',  ( -0.6305891799356175831, -0.5000000000000000000, 0.6368577070100371884 ) ) ;
#628 = EDGE_LOOP ( 'NONE', ( #1, #4568, #3968, #155 ) ) ;
#629 = ORIENTED_EDGE ( 'NONE', *, *, #2242, .T. ) ;
#630 = AXIS2_PLACEMENT_3D ( 'NONE', #4302, #3259, #2170 ) ;
#631 = CARTESIAN_POINT ( 'NONE',  ( -1.894249636900235068, 1.000000000000000000, -0.7747174387174892152 ) ) ;
#632 = CARTESIAN_POINT ( 'NONE',  ( 0.6590147425487519195, 1.000000000000000000, -3.599999999999999645 ) ) ;
#633 = EDGE_CURVE ( 'NONE', #1050, #1779, #2354, .T. ) ;
#634 = AXIS2_PLACEMENT_3D ( 'NONE', #874, #2420, #2986 ) ;
#635 = EDGE_CURVE ( 'NONE', #5164, #1780, #5961, .T. ) ;
#636 = LINE ( 'NONE', #1093, #6043 ) ;
#637 = LINE ( 'NONE', #1901, #4195 ) ;
#638 = ORIENTED_EDGE ( 'NONE', *, *, #5260, .F. ) ;
#639 = PRODUCT_CONTEXT ( 'NONE', #2870, 'mechanical' ) ;
#640 = EDGE_LOOP ( 'NONE', ( #2390, #2114, #1213, #6491 ) ) ;
#641 = ORIENTED_EDGE ( 'NONE', *, *, #4047, .T. ) ;
#642 = CARTESIAN_POINT ( 'NONE',  ( -0.8267949192430791294, 0.2500000000000000000, -1.832050807568749162 ) ) ;
#643 = EDGE_CURVE ( 'NONE', #4884, #3942, #5300, .T. ) ;
#644 = CARTESIAN_POINT ( 'NONE',  ( -0.4340147425487534405, -0.3500000000000000333, 0.8000000000000000444 ) ) ;
#645 = EDGE_CURVE ( 'NONE', #3883, #4120, #2516, .T. ) ;
#646 =( CONVERSION_BASED_UNIT ( 'INCH', #4430 ) LENGTH_UNIT ( ) NAMED_UNIT ( #2770 ) );
#647 = ADVANCED_FACE ( 'NONE', ( #1327 ), #3838, .F. ) ;
#648 = CARTESIAN_POINT ( 'NONE',  ( 0.4777945899678088248, 0.3499999999999999778, -0.3254600353838704163 ) ) ;
#649 = CARTESIAN_POINT ( 'NONE',  ( -0.4277945899678089470, 0.3500000000000000333, -0.2815711464949814946 ) ) ;
#650 = VECTOR ( 'NONE', #4927, 39.37007874015748143 ) ;
#651 = VECTOR ( 'NONE', #1309, 39.37007874015748143 ) ;
#652 = ORIENTED_EDGE ( 'NONE', *, *, #1978, .F. ) ;
#653 = ORIENTED_EDGE ( 'NONE', *, *, #2024, .F. ) ;
#654 = ORIENTED_EDGE ( 'NONE', *, *, #1277, .F. ) ;
#655 = CARTESIAN_POINT ( 'NONE',  ( 6.123233995736766036E-17, 1.000000000000000000, -0.5000000000000000000 ) ) ;
#656 = DIRECTION ( 'NONE',  ( -0.000000000000000000, 1.000000000000000000, -0.000000000000000000 ) ) ;
#657 = AXIS2_PLACEMENT_3D ( 'NONE', #4463, #5115, #320 ) ;
#658 = VECTOR ( 'NONE', #4167, 39.37007874015748143 ) ;
#659 = DIRECTION ( 'NONE',  ( -0.000000000000000000, 1.000000000000000000, -0.000000000000000000 ) ) ;
#660 = CARTESIAN_POINT ( 'NONE',  ( 0.8555891799356175609, -0.5000000000000000000, -0.5631422929899629892 ) ) ;
#661 = ORIENTED_EDGE ( 'NONE', *, *, #43, .F. ) ;
#662 = DIRECTION ( 'NONE',  ( 0.000000000000000000, 0.000000000000000000, 1.000000000000000000 ) ) ;
#663 =( CONVERSION_BASED_UNIT ( 'INCH', #1534 ) LENGTH_UNIT ( ) NAMED_UNIT ( #2720 ) );
#664 = AXIS2_PLACEMENT_3D ( 'NONE', #5385, #2034, #4168 ) ;
#665 = VECTOR ( 'NONE', #2820, 39.37007874015747433 ) ;
#666 = VERTEX_POINT ( 'NONE', #6119 ) ;
#667 = FACE_OUTER_BOUND ( 'NONE', #4792, .T. ) ;
#668 = DIRECTION ( 'NONE',  ( 0.5000000000000003331, 0.000000000000000000, 0.8660254037844383745 ) ) ;
#669 = CIRCLE ( 'NONE', #3134, 0.2000000000000003164 ) ;
#670 = VECTOR ( 'NONE', #5531, 39.37007874015747433 ) ;
#671 = DIRECTION ( 'NONE',  ( -0.000000000000000000, -1.000000000000000000, -0.000000000000000000 ) ) ;
#672 = EDGE_LOOP ( 'NONE', ( #2189, #4032, #1237, #4539 ) ) ;
#673 = ADVANCED_BREP_SHAPE_REPRESENTATION ( '', ( #1401, #3479 ), #3816 ) ;
#674 = EDGE_CURVE ( 'NONE', #5209, #2830, #1130, .T. ) ;
#675 = VERTEX_POINT ( 'NONE', #5594 ) ;
#676 = VECTOR ( 'NONE', #6100, 39.37007874015748143 ) ;
#677 = DIRECTION ( 'NONE',  ( 0.7660444431189857850, 0.000000000000000000, -0.6427876096865300370 ) ) ;
#678 = FACE_OUTER_BOUND ( 'NONE', #488, .T. ) ;
#679 = VERTEX_POINT ( 'NONE', #1860 ) ;
#680 = ORIENTED_EDGE ( 'NONE', *, *, #1344, .F. ) ;
#681 = CARTESIAN_POINT ( 'NONE',  ( 1.626794919243146120, 0.5000000000000000000, -3.217691453624107467 ) ) ;
#682 = EDGE_CURVE ( 'NONE', #6255, #2355, #5558, .T. ) ;
#683 = CARTESIAN_POINT ( 'NONE',  ( 0.6590147425487534738, 0.5000000000000000000, -0.5999999999999999778 ) ) ;
#684 = LINE ( 'NONE', #1776, #5357 ) ;
#685 = DIRECTION ( 'NONE',  ( 0.000000000000000000, 1.000000000000000000, -0.000000000000000000 ) ) ;
#686 = ORIENTED_EDGE ( 'NONE', *, *, #6191, .T. ) ;
#687 = ORIENTED_EDGE ( 'NONE', *, *, #4064, .T. ) ;
#688 = ORIENTED_EDGE ( 'NONE', *, *, #3606, .F. ) ;
#689 = EDGE_CURVE ( 'NONE', #6222, #1481, #770, .T. ) ;
#690 = LINE ( 'NONE', #2171, #5015 ) ;
#691 = DIRECTION ( 'NONE',  ( -0.4999999999999996114, 0.000000000000000000, 0.8660254037844388186 ) ) ;
#692 = DIRECTION ( 'NONE',  ( -0.000000000000000000, 1.000000000000000000, -0.000000000000000000 ) ) ;
#693 = ORIENTED_EDGE ( 'NONE', *, *, #5307, .F. ) ;
#694 = DIRECTION ( 'NONE',  ( 0.8660254037844391517, 0.000000000000000000, 0.4999999999999992784 ) ) ;
#695 = EDGE_CURVE ( 'NONE', #6839, #284, #721, .T. ) ;
#696 = VERTEX_POINT ( 'NONE', #1828 ) ;
#697 = LINE ( 'NONE', #2850, #1865 ) ;
#698 = DIRECTION ( 'NONE',  ( 0.000000000000000000, -0.000000000000000000, 1.000000000000000000 ) ) ;
#699 = PLANE ( 'NONE',  #5134 ) ;
#700 = PLANE ( 'NONE',  #3238 ) ;
#701 = EDGE_LOOP ( 'NONE', ( #6063, #3891, #245, #1799, #3469, #4483, #3718, #4185, #6555 ) ) ;
#702 = VERTEX_POINT ( 'NONE', #3278 ) ;
#703 = DIRECTION ( 'NONE',  ( -0.000000000000000000, 1.000000000000000000, -0.000000000000000000 ) ) ;
#704 = CARTESIAN_POINT ( 'NONE',  ( -0.3795073712743768368, 0.3499999999999999778, -0.4438888888888889439 ) ) ;
#705 = EDGE_CURVE ( 'NONE', #233, #5331, #6751, .T. ) ;
#706 = ORIENTED_EDGE ( 'NONE', *, *, #1973, .F. ) ;
#707 = ORIENTED_EDGE ( 'NONE', *, *, #6544, .F. ) ;
#708 = LINE ( 'NONE', #132, #4556 ) ;
#709 = CARTESIAN_POINT ( 'NONE',  ( -0.6590147425487540289, 0.000000000000000000, -3.399999999999999911 ) ) ;
#710 = CIRCLE ( 'NONE', #268, 0.2000000000000000389 ) ;
#711 = CYLINDRICAL_SURFACE ( 'NONE', #4019, 0.09999999999999996392 ) ;
#712 = EDGE_CURVE ( 'NONE', #3351, #3680, #3969, .T. ) ;
#713 = DIRECTION ( 'NONE',  ( 0.000000000000000000, 0.000000000000000000, 1.000000000000000000 ) ) ;
#714 = DIRECTION ( 'NONE',  ( 0.000000000000000000, 0.000000000000000000, 1.000000000000000000 ) ) ;
#715 = ORIENTED_EDGE ( 'NONE', *, *, #4237, .T. ) ;
#716 = VERTEX_POINT ( 'NONE', #2757 ) ;
#717 = ORIENTED_EDGE ( 'NONE', *, *, #682, .F. ) ;
#718 = AXIS2_PLACEMENT_3D ( 'NONE', #1981, #954, #5640 ) ;
#719 = DIRECTION ( 'NONE',  ( -0.000000000000000000, 1.000000000000000000, -0.000000000000000000 ) ) ;
#720 = EDGE_CURVE ( 'NONE', #1195, #5147, #6680, .T. ) ;
#721 = CIRCLE ( 'NONE', #2296, 0.2000000000000000389 ) ;
#722 = EDGE_CURVE ( 'NONE', #6638, #2751, #4635, .T. ) ;
#723 = FILL_AREA_STYLE ('',( #2281 ) ) ;
#724 = ORIENTED_EDGE ( 'NONE', *, *, #1535, .F. ) ;
#725 = EDGE_CURVE ( 'NONE', #2719, #530, #637, .T. ) ;
#726 = DIRECTION ( 'NONE',  ( -1.280553747030123075E-16, 0.000000000000000000, -1.000000000000000000 ) ) ;
#727 = VERTEX_POINT ( 'NONE', #6644 ) ;
#728 = VECTOR ( 'NONE', #5198, 39.37007874015748143 ) ;
#729 = VECTOR ( 'NONE', #4742, 39.37007874015748143 ) ;
#730 = CARTESIAN_POINT ( 'NONE',  ( -1.506366858664282660, 1.000000000000000000, -3.126278588807878567 ) ) ;
#731 = CARTESIAN_POINT ( 'NONE',  ( 0.6305891799356182492, 0.000000000000000000, -2.163142292989963966 ) ) ;
#732 = EDGE_CURVE ( 'NONE', #6206, #5690, #4042, .T. ) ;
#733 = CARTESIAN_POINT ( 'NONE',  ( -0.3462715702633036852, 1.000000000000000000, 3.452948729325134636 ) ) ;
#734 = ORIENTED_EDGE ( 'NONE', *, *, #133, .F. ) ;
#735 = ORIENTED_EDGE ( 'NONE', *, *, #4827, .T. ) ;
#736 = CARTESIAN_POINT ( 'NONE',  ( -0.4277945899678089470, -0.3500000000000000333, -0.2815711464949814946 ) ) ;
#737 = CARTESIAN_POINT ( 'NONE',  ( -1.954253247882833167, 0.000000000000000000, 2.867691261426180027 ) ) ;
#738 = VECTOR ( 'NONE', #2253, 39.37007874015748143 ) ;
#739 = PRODUCT ( 'PermanentMagnet', 'PermanentMagnet', '', ( #1704 ) ) ;
#740 = AXIS2_PLACEMENT_3D ( 'NONE', #3979, #1039, #2733 ) ;
#741 = ORIENTED_EDGE ( 'NONE', *, *, #5095, .F. ) ;
#742 = VERTEX_POINT ( 'NONE', #5076 ) ;
#743 = LINE ( 'NONE', #1739, #2221 ) ;
#744 = FACE_BOUND ( 'NONE', #4436, .T. ) ;
#745 = VECTOR ( 'NONE', #6649, 39.37007874015748143 ) ;
#746 = CARTESIAN_POINT ( 'NONE',  ( -1.332398236215194931, 1.000000000000000000, 1.817014648731372528 ) ) ;
#747 = CARTESIAN_POINT ( 'NONE',  ( -0.8267949192430791294, 0.2500000000000000000, -1.832050807568749162 ) ) ;
#748 = CARTESIAN_POINT ( 'NONE',  ( -2.091211187502675983, 1.000000000000000000, -0.8094470742508785843 ) ) ;
#749 = ORIENTED_EDGE ( 'NONE', *, *, #4034, .T. ) ;
#750 = EDGE_CURVE ( 'NONE', #3817, #5748, #947, .T. ) ;
#751 = ORIENTED_EDGE ( 'NONE', *, *, #1429, .F. ) ;
#752 = AXIS2_PLACEMENT_3D ( 'NONE', #2780, #6545, #3932 ) ;
#753 = EDGE_LOOP ( 'NONE', ( #5549, #6608 ) ) ;
#754 = DIRECTION ( 'NONE',  ( -0.5000000000000001110, 0.000000000000000000, 0.8660254037844385966 ) ) ;
#755 = VECTOR ( 'NONE', #2097, 39.37007874015748143 ) ;
#756 = ORIENTED_EDGE ( 'NONE', *, *, #4553, .F. ) ;
#757 = CARTESIAN_POINT ( 'NONE',  ( -0.1999999999994891697, 0.2500000000000000000, 2.000000000000000000 ) ) ;
#758 = ORIENTED_EDGE ( 'NONE', *, *, #872, .F. ) ;
#759 = CIRCLE ( 'NONE', #4353, 0.2000000000000000389 ) ;
#760 = VECTOR ( 'NONE', #952, 39.37007874015748854 ) ;
#761 = FACE_OUTER_BOUND ( 'NONE', #5380, .T. ) ;
#762 = ADVANCED_FACE ( 'NONE', ( #1357 ), #3608, .F. ) ;
#763 = LINE ( 'NONE', #3503, #2105 ) ;
#764 = EDGE_CURVE ( 'NONE', #2996, #2240, #1625, .T. ) ;
#765 = CARTESIAN_POINT ( 'NONE',  ( 0.3152945899678091246, 0.3499999999999999778, 0.3184288535050179281 ) ) ;
#766 = CARTESIAN_POINT ( 'NONE',  ( 0.3486279233011423395, 0.3499999999999999778, 0.3634288535050185232 ) ) ;
#767 = ORIENTED_EDGE ( 'NONE', *, *, #6506, .F. ) ;
#768 = VECTOR ( 'NONE', #550, 39.37007874015748143 ) ;
#769 = AXIS2_PLACEMENT_3D ( 'NONE', #1857, #1353, #6217 ) ;
#770 = LINE ( 'NONE', #5626, #2185 ) ;
#771 = ORIENTED_EDGE ( 'NONE', *, *, #838, .F. ) ;
#772 = LINE ( 'NONE', #6684, #1969 ) ;
#773 = ADVANCED_FACE ( 'NONE', ( #3573 ), #5177, .F. ) ;
#774 = AXIS2_PLACEMENT_3D ( 'NONE', #3369, #3428, #174 ) ;
#775 = CARTESIAN_POINT ( 'NONE',  ( -1.746607323071556861, 0.000000000000000000, -1.206318475930141298 ) ) ;
#776 = VECTOR ( 'NONE', #437, 39.37007874015748143 ) ;
#777 = AXIS2_PLACEMENT_3D ( 'NONE', #6342, #3172, #2119 ) ;
#778 = ORIENTED_EDGE ( 'NONE', *, *, #3908, .T. ) ;
#779 = EDGE_LOOP ( 'NONE', ( #6148, #389, #2952, #1315, #6061, #41, #2758, #5183 ) ) ;
#780 = LINE ( 'NONE', #4520, #4684 ) ;
#781 = DIRECTION ( 'NONE',  ( 0.000000000000000000, 0.000000000000000000, 1.000000000000000000 ) ) ;
#782 = CARTESIAN_POINT ( 'NONE',  ( 0.000000000000000000, 0.000000000000000000, 0.5000000000000000000 ) ) ;
#783 = DIRECTION ( 'NONE',  ( 0.000000000000000000, 1.000000000000000000, -0.000000000000000000 ) ) ;
#784 = DIRECTION ( 'NONE',  ( 0.8660254037844391517, 0.000000000000000000, 0.4999999999999992784 ) ) ;
#785 = EDGE_LOOP ( 'NONE', ( #4498, #661, #2673, #3875 ) ) ;
#786 = ORIENTED_EDGE ( 'NONE', *, *, #2958, .T. ) ;
#787 = ORIENTED_EDGE ( 'NONE', *, *, #6564, .F. ) ;
#788 = FACE_OUTER_BOUND ( 'NONE', #5192, .T. ) ;
#789 = DIRECTION ( 'NONE',  ( 1.000000000000000000, 0.000000000000000000, 0.000000000000000000 ) ) ;
#790 = DIRECTION ( 'NONE',  ( -0.9828721869343218787, 0.000000000000000000, -0.1842885350501852204 ) ) ;
#791 = ORIENTED_EDGE ( 'NONE', *, *, #6453, .T. ) ;
#792 = CARTESIAN_POINT ( 'NONE',  ( 0.2503407046077101294, 0.3499999999999999778, 0.4449999999999998956 ) ) ;
#793 = EDGE_LOOP ( 'NONE', ( #2906, #3996, #1556, #1426 ) ) ;
#794 = CARTESIAN_POINT ( 'NONE',  ( 1.732050807569260664, 0.5000000000000000000, 0.9999999999997786215 ) ) ;
#795 = PRODUCT_DEFINITION_SHAPE ( 'NONE', 'NONE',  #5253 ) ;
#796 = APPLICATION_CONTEXT ( 'automotive_design' ) ;
#797 = DIRECTION ( 'NONE',  ( 0.000000000000000000, 1.000000000000000000, -0.000000000000000000 ) ) ;
#798 = CARTESIAN_POINT ( 'NONE',  ( 3.659744619943180677, 0.000000000000000000, 0.02386938821041685935 ) ) ;
#799 = FACE_OUTER_BOUND ( 'NONE', #20, .T. ) ;
#800 = ORIENTED_EDGE ( 'NONE', *, *, #6626, .T. ) ;
#801 = EDGE_CURVE ( 'NONE', #6372, #4530, #906, .T. ) ;
#802 = CARTESIAN_POINT ( 'NONE',  ( 1.091880737536685908, 0.000000000000000000, 1.730943457119846318 ) ) ;
#803 = APPLICATION_PROTOCOL_DEFINITION ( 'draft international standard', 'automotive_design', 1998, #2505 ) ;
#804 = ORIENTED_EDGE ( 'NONE', *, *, #2755, .T. ) ;
#805 = DIRECTION ( 'NONE',  ( 0.9866281324090310223, 0.000000000000000000, 0.1629875097639928716 ) ) ;
#806 = CARTESIAN_POINT ( 'NONE',  ( -1.850543806534618696, 0.000000000000000000, 3.157497118129003688 ) ) ;
#807 = CARTESIAN_POINT ( 'NONE',  ( -3.340361252238971623, 0.000000000000000000, 0.9406091814676094121 ) ) ;
#808 = ADVANCED_FACE ( 'NONE', ( #3053 ), #3535, .F. ) ;
#809 = EDGE_CURVE ( 'NONE', #5227, #2288, #5861, .T. ) ;
#810 = EDGE_LOOP ( 'NONE', ( #3954, #3523, #1313, #5606 ) ) ;
#811 = DIRECTION ( 'NONE',  ( 0.1842885350501851371, 0.000000000000000000, -0.9828721869343218787 ) ) ;
#812 = FACE_BOUND ( 'NONE', #6521, .T. ) ;
#813 = EDGE_CURVE ( 'NONE', #6220, #3440, #1499, .T. ) ;
#814 = LINE ( 'NONE', #886, #3696 ) ;
#815 = CARTESIAN_POINT ( 'NONE',  ( -0.6590147425487534738, -0.3500000000000000333, -0.5999999999999998668 ) ) ;
#816 = VERTEX_POINT ( 'NONE', #3123 ) ;
#817 = ORIENTED_EDGE ( 'NONE', *, *, #4795, .T. ) ;
#818 = VERTEX_POINT ( 'NONE', #2636 ) ;
#819 = LINE ( 'NONE', #3924, #203 ) ;
#820 = CARTESIAN_POINT ( 'NONE',  ( -0.4277945899678089470, -0.3500000000000000333, -0.2815711464949814946 ) ) ;
#821 = CARTESIAN_POINT ( 'NONE',  ( -0.6590147425487534738, -0.3500000000000000333, -0.8000000000000000444 ) ) ;
#822 = ORIENTED_EDGE ( 'NONE', *, *, #4657, .T. ) ;
#823 = VECTOR ( 'NONE', #430, 39.37007874015748854 ) ;
#824 = DIRECTION ( 'NONE',  ( -0.000000000000000000, 1.000000000000000000, -0.000000000000000000 ) ) ;
#825 = ORIENTED_EDGE ( 'NONE', *, *, #6327, .T. ) ;
#826 = CARTESIAN_POINT ( 'NONE',  ( -1.999999999999744649, 0.5000000000000000000, 0.2000000000002555012 ) ) ;
#827 = VECTOR ( 'NONE', #1389, 39.37007874015748143 ) ;
#828 = DIRECTION ( 'NONE',  ( -0.4999999999999913403, -0.000000000000000000, -0.8660254037844437036 ) ) ;
#829 = EDGE_CURVE ( 'NONE', #3102, #2784, #5808, .T. ) ;
#830 = DIRECTION ( 'NONE',  ( 0.000000000000000000, 0.000000000000000000, -1.000000000000000000 ) ) ;
#831 = ORIENTED_EDGE ( 'NONE', *, *, #2958, .F. ) ;
#832 = CARTESIAN_POINT ( 'NONE',  ( 0.000000000000000000, 0.000000000000000000, -2.000000000000000000 ) ) ;
#833 = ADVANCED_BREP_SHAPE_REPRESENTATION ( '', ( #6029, #3479 ), #5038 ) ;
#834 = VECTOR ( 'NONE', #1888, 39.37007874015748143 ) ;
#835 = CONTEXT_DEPENDENT_SHAPE_REPRESENTATION ( #4600, #1468 ) ;
#836 = ORIENTED_EDGE ( 'NONE', *, *, #3863, .F. ) ;
#837 = PLANE ( 'NONE',  #6554 ) ;
#838 = EDGE_CURVE ( 'NONE', #4997, #5189, #4685, .T. ) ;
#839 = CARTESIAN_POINT ( 'NONE',  ( -0.4340147425487525523, 0.000000000000000000, -2.000000000000000444 ) ) ;
#840 = CIRCLE ( 'NONE', #5757, 0.2000000000000005940 ) ;
#841 = ORIENTED_EDGE ( 'NONE', *, *, #6451, .F. ) ;
#842 = LINE ( 'NONE', #3978, #2244 ) ;
#843 = LINE ( 'NONE', #1976, #6665 ) ;
#844 = EDGE_CURVE ( 'NONE', #225, #5659, #1962, .T. ) ;
#845 = LINE ( 'NONE', #4179, #5679 ) ;
#846 = VECTOR ( 'NONE', #6181, 39.37007874015748143 ) ;
#847 = DIRECTION ( 'NONE',  ( 0.000000000000000000, 0.000000000000000000, -1.000000000000000000 ) ) ;
#848 = CARTESIAN_POINT ( 'NONE',  ( -1.954253247882833167, 1.000000000000000000, 2.867691261426180027 ) ) ;
#849 = EDGE_LOOP ( 'NONE', ( #1664, #4687, #734, #1859 ) ) ;
#850 = ORIENTED_EDGE ( 'NONE', *, *, #4888, .T. ) ;
#851 = ORIENTED_EDGE ( 'NONE', *, *, #5554, .T. ) ;
#852 = ADVANCED_FACE ( 'NONE', ( #3639 ), #1998, .F. ) ;
#853 = DIRECTION ( 'NONE',  ( -0.8660254037844385966, 0.000000000000000000, -0.5000000000000001110 ) ) ;
#854 = EDGE_CURVE ( 'NONE', #6354, #4364, #4088, .T. ) ;
#855 = DIRECTION ( 'NONE',  ( -0.5000000000000001110, 0.000000000000000000, -0.8660254037844385966 ) ) ;
#856 = FACE_OUTER_BOUND ( 'NONE', #3776, .T. ) ;
#857 = ORIENTED_EDGE ( 'NONE', *, *, #2963, .T. ) ;
#858 = VECTOR ( 'NONE', #3383, 39.37007874015748143 ) ;
#859 = CARTESIAN_POINT ( 'NONE',  ( 1.732050807569260664, 0.2500000000000000000, 0.9999999999997786215 ) ) ;
#860 = ORIENTED_EDGE ( 'NONE', *, *, #5625, .F. ) ;
#861 = DIRECTION ( 'NONE',  ( -0.8660254037844385966, 0.000000000000000000, -0.5000000000000001110 ) ) ;
#862 = DIRECTION ( 'NONE',  ( 0.000000000000000000, 1.000000000000000000, -0.000000000000000000 ) ) ;
#863 = VECTOR ( 'NONE', #1458, 39.37007874015748143 ) ;
#864 = CARTESIAN_POINT ( 'NONE',  ( 1.173205080756921648, 0.5000000000000000000, -1.632050807569005002 ) ) ;
#865 = DIRECTION ( 'NONE',  ( -0.000000000000000000, -1.000000000000000000, -0.000000000000000000 ) ) ;
#866 = ORIENTED_EDGE ( 'NONE', *, *, #1831, .F. ) ;
#867 = CARTESIAN_POINT ( 'NONE',  ( 0.2170073712743767758, 0.3499999999999999778, 0.2999999999999999334 ) ) ;
#868 = AXIS2_PLACEMENT_3D ( 'NONE', #2076, #592, #6336 ) ;
#869 = AXIS2_PLACEMENT_3D ( 'NONE', #5309, #3567, #932 ) ;
#870 = CONTEXT_DEPENDENT_SHAPE_REPRESENTATION ( #1614, #2367 ) ;
#871 = ORIENTED_EDGE ( 'NONE', *, *, #5307, .T. ) ;
#872 = EDGE_CURVE ( 'NONE', #506, #5057, #2754, .T. ) ;
#873 = DIRECTION ( 'NONE',  ( 0.7729512718726267995, 0.000000000000000000, -0.6344653901596906120 ) ) ;
#874 = CARTESIAN_POINT ( 'NONE',  ( -0.5435971967451100895, 0.000000000000000000, 3.420351227372337988 ) ) ;
#875 = VECTOR ( 'NONE', #6260, 39.37007874015747433 ) ;
#876 = AXIS2_PLACEMENT_3D ( 'NONE', #6594, #4429, #5571 ) ;
#877 = EDGE_CURVE ( 'NONE', #716, #551, #4138, .T. ) ;
#878 = DIRECTION ( 'NONE',  ( -1.000000000000000000, -0.000000000000000000, 1.036337966848352934E-16 ) ) ;
#879 = ORIENTED_EDGE ( 'NONE', *, *, #4657, .F. ) ;
#880 = SHAPE_REPRESENTATION ( 'RotorAssembly', ( #2138, #2703, #897, #4813, #5703, #6601, #5165, #1354, #1249, #3947, #912, #2489, #1588, #2601 ), #3389 ) ;
#881 = AXIS2_PLACEMENT_3D ( 'NONE', #5491, #4948, #2852 ) ;
#882 = DIRECTION ( 'NONE',  ( -1.000000000000000000, -0.000000000000000000, -0.000000000000000000 ) ) ;
#883 = LINE ( 'NONE', #4626, #2659 ) ;
#884 = DIRECTION ( 'NONE',  ( 0.000000000000000000, 1.000000000000000000, 0.000000000000000000 ) ) ;
#885 = AXIS2_PLACEMENT_3D ( 'NONE', #5270, #6317, #4296 ) ;
#886 = CARTESIAN_POINT ( 'NONE',  ( -1.799999999999522426, 0.2500000000000000000, 3.117691453624107378 ) ) ;
#887 = CARTESIAN_POINT ( 'NONE',  ( -1.973205080756410101, 0.5000000000000000000, 3.017691453624107289 ) ) ;
#888 = PRODUCT_DEFINITION ( 'UNKNOWN', '', #4952, #3032 ) ;
#889 = VERTEX_POINT ( 'NONE', #5148 ) ;
#890 = ORIENTED_EDGE ( 'NONE', *, *, #454, .T. ) ;
#891 = EDGE_LOOP ( 'NONE', ( #554, #5031, #2460, #5078, #4327, #1020, #1565, #2715, #6185 ) ) ;
#892 = VECTOR ( 'NONE', #3847, 39.37007874015748143 ) ;
#893 = CARTESIAN_POINT ( 'NONE',  ( -0.6590147425487534738, -0.5000000000000000000, -0.5999999999999998668 ) ) ;
#894 =( CONVERSION_BASED_UNIT ( 'INCH', #6175 ) LENGTH_UNIT ( ) NAMED_UNIT ( #505 ) );
#895 = CARTESIAN_POINT ( 'NONE',  ( 2.000000000000255351, 0.2500000000000000000, 0.1999999999997445765 ) ) ;
#896 = ORIENTED_EDGE ( 'NONE', *, *, #5992, .F. ) ;
#897 = AXIS2_PLACEMENT_3D ( 'NONE', #2649, #4291, #3144 ) ;
#898 = EDGE_CURVE ( 'NONE', #3184, #1447, #6221, .T. ) ;
#899 = DIRECTION ( 'NONE',  ( 0.6344653901596907231, 0.000000000000000000, 0.7729512718726267995 ) ) ;
#900 = VERTEX_POINT ( 'NONE', #4170 ) ;
#901 = LINE ( 'NONE', #3043, #3543 ) ;
#902 = CARTESIAN_POINT ( 'NONE',  ( -1.782139777869485187, 1.000000000000000000, 2.969558593971822091 ) ) ;
#903 = DIRECTION ( 'NONE',  ( -0.000000000000000000, 1.000000000000000000, -0.000000000000000000 ) ) ;
#904 = LINE ( 'NONE', #3533, #5677 ) ;
#905 = VERTEX_POINT ( 'NONE', #6330 ) ;
#906 = LINE ( 'NONE', #6295, #3313 ) ;
#907 = ORIENTED_EDGE ( 'NONE', *, *, #712, .F. ) ;
#908 = ORIENTED_EDGE ( 'NONE', *, *, #2623, .T. ) ;
#909 = CARTESIAN_POINT ( 'NONE',  ( 0.1999999999999999278, 0.000000000000000000, -0.8000000000000000444 ) ) ;
#910 = PRODUCT_DEFINITION_SHAPE ( 'NONE', 'NONE',  #6917 ) ;
#911 = CARTESIAN_POINT ( 'NONE',  ( -0.2170073712743766925, -0.3500000000000000333, 0.3000000000000000999 ) ) ;
#912 = AXIS2_PLACEMENT_3D ( 'NONE', #18, #4153, #3590 ) ;
#913 = ORIENTED_EDGE ( 'NONE', *, *, #4878, .F. ) ;
#914 = CYLINDRICAL_SURFACE ( 'NONE', #423, 0.1999999999999999278 ) ;
#915 = DIRECTION ( 'NONE',  ( 0.000000000000000000, 0.000000000000000000, -1.000000000000000000 ) ) ;
#916 = CARTESIAN_POINT ( 'NONE',  ( -0.6590147425487534738, 0.3500000000000000333, -0.8000000000000000444 ) ) ;
#917 = ADVANCED_FACE ( 'NONE', ( #3678 ), #3161, .T. ) ;
#918 = DIRECTION ( 'NONE',  ( -0.8660254037844388186, 0.000000000000000000, -0.4999999999999996114 ) ) ;
#919 = CARTESIAN_POINT ( 'NONE',  ( 0.000000000000000000, 0.5000000000000000000, 0.000000000000000000 ) ) ;
#920 = PRODUCT_DEFINITION_CONTEXT ( 'detailed design', #6828, 'design' ) ;
#921 = ORIENTED_EDGE ( 'NONE', *, *, #161, .T. ) ;
#922 = DIRECTION ( 'NONE',  ( -3.491481338843133355E-15, 0.000000000000000000, -1.000000000000000000 ) ) ;
#923 = EDGE_LOOP ( 'NONE', ( #6020, #4528, #5546, #4155 ) ) ;
#924 = ORIENTED_EDGE ( 'NONE', *, *, #1582, .T. ) ;
#925 =( LENGTH_UNIT ( ) NAMED_UNIT ( * ) SI_UNIT ( $, .METRE. ) );
#926 = DIRECTION ( 'NONE',  ( 0.000000000000000000, 1.232595164407830946E-32, 1.000000000000000222 ) ) ;
#927 = DIRECTION ( 'NONE',  ( 0.000000000000000000, 0.000000000000000000, -1.000000000000000000 ) ) ;
#928 = ORIENTED_EDGE ( 'NONE', *, *, #1574, .F. ) ;
#929 = DIRECTION ( 'NONE',  ( -0.9396926207859103153, 0.000000000000000000, 0.3420201433256629953 ) ) ;
#930 = ORIENTED_EDGE ( 'NONE', *, *, #2109, .F. ) ;
#931 = CARTESIAN_POINT ( 'NONE',  ( 0.4277945899678090580, 0.3500000000000000333, -0.2815711464949816056 ) ) ;
#932 = DIRECTION ( 'NONE',  ( 0.000000000000000000, 0.000000000000000000, -1.000000000000000000 ) ) ;
#933 = EDGE_CURVE ( 'NONE', #5939, #4086, #1723, .T. ) ;
#934 = LINE ( 'NONE', #1076, #4026 ) ;
#935 = CIRCLE ( 'NONE', #4854, 0.2000000000000000389 ) ;
#936 = ADVANCED_FACE ( 'NONE', ( #4789 ), #4825, .F. ) ;
#937 = CYLINDRICAL_SURFACE ( 'NONE', #4796, 4.000000000000000000 ) ;
#938 = ORIENTED_EDGE ( 'NONE', *, *, #2297, .T. ) ;
#939 = DIRECTION ( 'NONE',  ( 0.4999999999999995559, 0.000000000000000000, -0.8660254037844388186 ) ) ;
#940 = EDGE_LOOP ( 'NONE', ( #771, #3953, #998, #1288 ) ) ;
#941 = EDGE_LOOP ( 'NONE', ( #2386, #351, #2142, #6048 ) ) ;
#942 = AXIS2_PLACEMENT_3D ( 'NONE', #4496, #1304, #1841 ) ;
#943 = ADVANCED_FACE ( 'NONE', ( #1649 ), #5314, .F. ) ;
#944 = CARTESIAN_POINT ( 'NONE',  ( -0.4340147425487534405, 0.3500000000000000333, 0.8000000000000000444 ) ) ;
#945 = EDGE_CURVE ( 'NONE', #4578, #450, #1080, .T. ) ;
#946 = CARTESIAN_POINT ( 'NONE',  ( -1.091880737536709445, 0.000000000000000000, 1.730943457119830997 ) ) ;
#947 = CIRCLE ( 'NONE', #5984, 0.1999999999999995115 ) ;
#948 = ORIENTED_EDGE ( 'NONE', *, *, #5210, .T. ) ;
#949 = LINE ( 'NONE', #3694, #4911 ) ;
#950 = CARTESIAN_POINT ( 'NONE',  ( -2.314035394871508888, 1.000000000000000000, -2.757759995228349581 ) ) ;
#951 = AXIS2_PLACEMENT_3D ( 'NONE', #6389, #3255, #2768 ) ;
#952 = DIRECTION ( 'NONE',  ( -0.4906048554611636692, 0.000000000000000000, 0.8713821640347767516 ) ) ;
#953 = LINE ( 'NONE', #3698, #6595 ) ;
#954 = DIRECTION ( 'NONE',  ( 0.000000000000000000, 0.000000000000000000, -1.000000000000000000 ) ) ;
#955 = ORIENTED_EDGE ( 'NONE', *, *, #4915, .T. ) ;
#956 = DIRECTION ( 'NONE',  ( 1.000000000000000000, 0.000000000000000000, 0.000000000000000000 ) ) ;
#957 = ORIENTED_EDGE ( 'NONE', *, *, #2107, .F. ) ;
#958 = ORIENTED_EDGE ( 'NONE', *, *, #3757, .T. ) ;
#959 = CARTESIAN_POINT ( 'NONE',  ( -2.817205532429103432, 0.000000000000000000, -2.026354341118929980 ) ) ;
#960 = EDGE_CURVE ( 'NONE', #322, #225, #3874, .T. ) ;
#961 = CARTESIAN_POINT ( 'NONE',  ( -1.626794919243079729, 0.2500000000000000000, -3.217691453623849895 ) ) ;
#962 = AXIS2_PLACEMENT_3D ( 'NONE', #736, #316, #2890 ) ;
#963 =( NAMED_UNIT ( * ) PLANE_ANGLE_UNIT ( ) SI_UNIT ( $, .RADIAN. ) );
#964 = DIRECTION ( 'NONE',  ( -0.000000000000000000, 1.000000000000000000, -0.000000000000000000 ) ) ;
#965 = EDGE_LOOP ( 'NONE', ( #5853, #4566, #4965, #4752 ) ) ;
#966 = CARTESIAN_POINT ( 'NONE',  ( -3.117691453623852471, 0.5000000000000000000, -1.799999999999776223 ) ) ;
#967 = AXIS2_PLACEMENT_3D ( 'NONE', #507, #2135, #4899 ) ;
#968 = EDGE_LOOP ( 'NONE', ( #1487, #6698, #4811, #579 ) ) ;
#969 = ADVANCED_FACE ( 'NONE', ( #3336 ), #3783, .F. ) ;
#970 = LINE ( 'NONE', #4226, #5224 ) ;
#971 = CARTESIAN_POINT ( 'NONE',  ( 0.3152945899678091246, -0.3499999999999999778, 0.3184288535050179281 ) ) ;
#972 = AXIS2_PLACEMENT_3D ( 'NONE', #1659, #5467, #4358 ) ;
#973 = DIRECTION ( 'NONE',  ( 0.8660254037844433705, 0.000000000000000000, -0.4999999999999920064 ) ) ;
#974 = ORIENTED_EDGE ( 'NONE', *, *, #705, .T. ) ;
#975 = DIRECTION ( 'NONE',  ( -0.000000000000000000, 1.000000000000000000, -0.000000000000000000 ) ) ;
#976 = ORIENTED_EDGE ( 'NONE', *, *, #3860, .T. ) ;
#977 = CONTEXT_DEPENDENT_SHAPE_REPRESENTATION ( #5223, #4107 ) ;
#978 = EDGE_CURVE ( 'NONE', #1611, #3351, #5871, .T. ) ;
#979 = AXIS2_PLACEMENT_3D ( 'NONE', #1123, #3375, #698 ) ;
#980 = ADVANCED_FACE ( 'NONE', ( #1044 ), #4944, .F. ) ;
#981 = LINE ( 'NONE', #4203, #1307 ) ;
#982 = DIRECTION ( 'NONE',  ( 0.9828721869343219897, 0.000000000000000000, 0.1842885350501850539 ) ) ;
#983 = CIRCLE ( 'NONE', #4906, 0.2000000000000000389 ) ;
#984 = VECTOR ( 'NONE', #5166, 39.37007874015748854 ) ;
#985 = EDGE_CURVE ( 'NONE', #727, #1179, #4862, .T. ) ;
#986 = ORIENTED_EDGE ( 'NONE', *, *, #4329, .F. ) ;
#987 = FACE_OUTER_BOUND ( 'NONE', #6541, .T. ) ;
#988 = AXIS2_PLACEMENT_3D ( 'NONE', #5119, #325, #3449 ) ;
#989 = DIRECTION ( 'NONE',  ( 0.000000000000000000, 0.000000000000000000, -1.000000000000000000 ) ) ;
#990 = CIRCLE ( 'NONE', #5907, 0.5000000000000000000 ) ;
#991 = DIRECTION ( 'NONE',  ( -0.4999999999999996114, 0.000000000000000000, 0.8660254037844388186 ) ) ;
#992 = FACE_OUTER_BOUND ( 'NONE', #3963, .T. ) ;
#993 = AXIS2_PLACEMENT_3D ( 'NONE', #1386, #5146, #348 ) ;
#994 = VECTOR ( 'NONE', #6304, 39.37007874015748854 ) ;
#995 = ORIENTED_EDGE ( 'NONE', *, *, #1362, .F. ) ;
#996 = DIRECTION ( 'NONE',  ( 0.4999999999999980016, 0.000000000000000000, -0.8660254037844398178 ) ) ;
#997 = ORIENTED_EDGE ( 'NONE', *, *, #4774, .F. ) ;
#998 = ORIENTED_EDGE ( 'NONE', *, *, #258, .T. ) ;
#999 = DIRECTION ( 'NONE',  ( 1.000000000000000000, 0.000000000000000000, -4.268512490100412511E-17 ) ) ;
#1000 = DIRECTION ( 'NONE',  ( 0.000000000000000000, 0.000000000000000000, 1.000000000000000000 ) ) ;
#1001 = VECTOR ( 'NONE', #4027, 39.37007874015748143 ) ;
#1002 = CIRCLE ( 'NONE', #3346, 0.1999999999999997891 ) ;
#1003 = CARTESIAN_POINT ( 'NONE',  ( 0.000000000000000000, 0.000000000000000000, 0.000000000000000000 ) ) ;
#1004 = CARTESIAN_POINT ( 'NONE',  ( -1.999999999999744649, 0.2500000000000000000, 0.2000000000002555012 ) ) ;
#1005 = DIRECTION ( 'NONE',  ( -1.000000000000000000, -0.000000000000000000, -0.000000000000000000 ) ) ;
#1006 = DIRECTION ( 'NONE',  ( 0.000000000000000000, 0.000000000000000000, -1.000000000000000000 ) ) ;
#1007 = DIMENSIONAL_EXPONENTS ( 1.000000000000000000, 0.000000000000000000, 0.000000000000000000, 0.000000000000000000, 0.000000000000000000, 0.000000000000000000, 0.000000000000000000 ) ;
#1008 = VERTEX_POINT ( 'NONE', #3225 ) ;
#1009 = DIRECTION ( 'NONE',  ( 0.000000000000000000, 1.000000000000000000, 0.000000000000000000 ) ) ;
#1010 = CARTESIAN_POINT ( 'NONE',  ( 4.898587196589412829E-16, 0.5000000000000000000, 4.000000000000000000 ) ) ;
#1011 = LINE ( 'NONE', #3746, #4137 ) ;
#1012 = AXIS2_PLACEMENT_3D ( 'NONE', #1775, #4400, #3916 ) ;
#1013 = CARTESIAN_POINT ( 'NONE',  ( -1.949058178843259270, 0.000000000000000000, 0.6241322073357992162 ) ) ;
#1014 = EDGE_LOOP ( 'NONE', ( #1731, #5633, #3977, #1282, #602, #3641, #4936, #1222, #4182 ) ) ;
#1015 = CARTESIAN_POINT ( 'NONE',  ( 2.122263259600139396, 1.000000000000000000, 0.7241322073358263944 ) ) ;
#1016 = ORIENTED_EDGE ( 'NONE', *, *, #3670, .F. ) ;
#1017 = CARTESIAN_POINT ( 'NONE',  ( -0.8267949192426352623, 0.5000000000000000000, 1.832050807569005624 ) ) ;
#1018 = EDGE_CURVE ( 'NONE', #1545, #3116, #2814, .T. ) ;
#1019 = CARTESIAN_POINT ( 'NONE',  ( 0.2761998357659666281, 0.000000000000000000, 2.027827026023796275 ) ) ;
#1020 = ORIENTED_EDGE ( 'NONE', *, *, #2840, .T. ) ;
#1021 = CARTESIAN_POINT ( 'NONE',  ( 0.000000000000000000, 0.000000000000000000, 0.000000000000000000 ) ) ;
#1022 = CARTESIAN_POINT ( 'NONE',  ( -2.188630767697643975, 1.000000000000000000, 0.5354648973191198369 ) ) ;
#1023 = EDGE_CURVE ( 'NONE', #3530, #2637, #6508, .T. ) ;
#1024 = EDGE_CURVE ( 'NONE', #3627, #6529, #611, .T. ) ;
#1025 = EDGE_CURVE ( 'NONE', #6263, #5037, #148, .T. ) ;
#1026 = LINE ( 'NONE', #2539, #3810 ) ;
#1027 = DIRECTION ( 'NONE',  ( -0.000000000000000000, 1.000000000000000000, -0.000000000000000000 ) ) ;
#1028 = VERTEX_POINT ( 'NONE', #4272 ) ;
#1029 = LENGTH_MEASURE_WITH_UNIT ( LENGTH_MEASURE( 0.02539999999999999897 ), #2544 );
#1030 = ORIENTED_EDGE ( 'NONE', *, *, #2258, .F. ) ;
#1031 = ORIENTED_EDGE ( 'NONE', *, *, #4599, .F. ) ;
#1032 = LINE ( 'NONE', #5827, #776 ) ;
#1033 = EDGE_CURVE ( 'NONE', #6736, #1376, #1688, .T. ) ;
#1034 = FILL_AREA_STYLE ('',( #3705 ) ) ;
#1035 = DIRECTION ( 'NONE',  ( -0.000000000000000000, -1.000000000000000000, -0.000000000000000000 ) ) ;
#1036 = FACE_OUTER_BOUND ( 'NONE', #2448, .T. ) ;
#1037 = DIRECTION ( 'NONE',  ( 0.000000000000000000, 1.000000000000000000, -0.000000000000000000 ) ) ;
#1038 = EDGE_LOOP ( 'NONE', ( #276, #3505, #465, #1463 ) ) ;
#1039 = DIRECTION ( 'NONE',  ( -0.000000000000000000, 1.000000000000000000, -0.000000000000000000 ) ) ;
#1040 = CARTESIAN_POINT ( 'NONE',  ( 1.081658159549203191, 0.000000000000000000, -1.964277073793383011 ) ) ;
#1041 = DIRECTION ( 'NONE',  ( -0.000000000000000000, 1.000000000000000000, -0.000000000000000000 ) ) ;
#1042 = CARTESIAN_POINT ( 'NONE',  ( -1.732050807568886519, 0.000000000000000000, 0.9999999999999836797 ) ) ;
#1043 = VERTEX_POINT ( 'NONE', #6399 ) ;
#1044 = FACE_OUTER_BOUND ( 'NONE', #1038, .T. ) ;
#1045 = VERTEX_POINT ( 'NONE', #3751 ) ;
#1046 = DIRECTION ( 'NONE',  ( 0.8660254037844393737, 0.000000000000000000, 0.4999999999999987232 ) ) ;
#1047 = ADVANCED_FACE ( 'NONE', ( #621 ), #3265, .F. ) ;
#1048 = DIRECTION ( 'NONE',  ( 0.000000000000000000, 0.000000000000000000, 1.000000000000000000 ) ) ;
#1049 = CARTESIAN_POINT ( 'NONE',  ( -1.894249636900235068, 0.000000000000000000, -0.7747174387174892152 ) ) ;
#1050 = VERTEX_POINT ( 'NONE', #2706 ) ;
#1051 = AXIS2_PLACEMENT_3D ( 'NONE', #3587, #3064, #6203 ) ;
#1052 = ORIENTED_EDGE ( 'NONE', *, *, #5158, .T. ) ;
#1053 = LINE ( 'NONE', #2677, #4671 ) ;
#1054 = EDGE_CURVE ( 'NONE', #4801, #4720, #4384, .T. ) ;
#1055 = CARTESIAN_POINT ( 'NONE',  ( -0.6590147425487534738, 0.5000000000000000000, -0.5999999999999998668 ) ) ;
#1056 = VECTOR ( 'NONE', #3824, 39.37007874015748143 ) ;
#1057 = LINE ( 'NONE', #5292, #2349 ) ;
#1058 = LINE ( 'NONE', #6379, #823 ) ;
#1059 = ORIENTED_EDGE ( 'NONE', *, *, #1197, .F. ) ;
#1060 = ORIENTED_EDGE ( 'NONE', *, *, #3291, .T. ) ;
#1061 = EDGE_LOOP ( 'NONE', ( #1306, #1597, #1258, #857 ) ) ;
#1062 = VECTOR ( 'NONE', #6880, 39.37007874015748143 ) ;
#1063 = DIRECTION ( 'NONE',  ( 0.8660254037844385966, 0.000000000000000000, 0.5000000000000001110 ) ) ;
#1064 = ADVANCED_FACE ( 'NONE', ( #5838 ), #2848, .T. ) ;
#1065 = LINE ( 'NONE', #22, #6687 ) ;
#1066 = CARTESIAN_POINT ( 'NONE',  ( 0.6654413372431885465, 0.7297802601328619021, 0.7460367302016329694 ) ) ;
#1067 = CIRCLE ( 'NONE', #5434, 0.1000000000000000611 ) ;
#1068 = DIRECTION ( 'NONE',  ( 0.000000000000000000, -1.000000000000000000, 0.000000000000000000 ) ) ;
#1069 = CARTESIAN_POINT ( 'NONE',  ( 0.000000000000000000, 0.5000000000000000000, -4.000000000000000000 ) ) ;
#1070 = DIRECTION ( 'NONE',  ( -0.000000000000000000, 1.000000000000000000, -0.000000000000000000 ) ) ;
#1071 = ORIENTED_EDGE ( 'NONE', *, *, #5797, .F. ) ;
#1072 = ORIENTED_EDGE ( 'NONE', *, *, #298, .T. ) ;
#1073 = EDGE_CURVE ( 'NONE', #1780, #1715, #1822, .T. ) ;
#1074 = DIRECTION ( 'NONE',  ( 0.5000000000000001110, 0.000000000000000000, 0.8660254037844385966 ) ) ;
#1075 = AXIS2_PLACEMENT_3D ( 'NONE', #150, #3785, #2451 ) ;
#1076 = CARTESIAN_POINT ( 'NONE',  ( -1.173205080756854368, 0.2500000000000000000, -1.632050807568748985 ) ) ;
#1077 = LINE ( 'NONE', #4230, #1713 ) ;
#1078 = ORIENTED_EDGE ( 'NONE', *, *, #1563, .F. ) ;
#1079 = VECTOR ( 'NONE', #2593, 39.37007874015748854 ) ;
#1080 = LINE ( 'NONE', #2208, #1056 ) ;
#1081 = ORIENTED_EDGE ( 'NONE', *, *, #147, .T. ) ;
#1082 = CARTESIAN_POINT ( 'NONE',  ( 1.558041587762013735, 0.000000000000000000, 1.627677395670831251 ) ) ;
#1083 = CARTESIAN_POINT ( 'NONE',  ( 1.506366858664325292, 1.000000000000000000, -3.126278588807858139 ) ) ;
#1084 = CARTESIAN_POINT ( 'NONE',  ( 3.600000000000254996, 0.2500000000000000000, -0.2000000000002555012 ) ) ;
#1085 = EDGE_LOOP ( 'NONE', ( #3196, #364, #5092, #4651, #1189, #2491, #4192, #2434 ) ) ;
#1086 = CIRCLE ( 'NONE', #4777, 0.1000000000000000194 ) ;
#1087 = ORIENTED_EDGE ( 'NONE', *, *, #6624, .F. ) ;
#1088 = CARTESIAN_POINT ( 'NONE',  ( 0.000000000000000000, 0.2500000000000000000, 0.000000000000000000 ) ) ;
#1089 = DIRECTION ( 'NONE',  ( 0.4999999999999994449, 0.000000000000000000, -0.8660254037844390407 ) ) ;
#1090 = VECTOR ( 'NONE', #5269, 39.37007874015748143 ) ;
#1091 = ADVANCED_FACE ( 'NONE', ( #5006 ), #4029, .F. ) ;
#1092 = SHAPE_REPRESENTATION ( 'RotorStatorAssembly_STEP214', ( #2943, #4492, #5949, #4603 ), #1820 ) ;
#1093 = CARTESIAN_POINT ( 'NONE',  ( 1.800000000000033795, 0.2500000000000000000, -3.117691453624107378 ) ) ;
#1094 = DIRECTION ( 'NONE',  ( 0.1842885350501856367, 0.000000000000000000, 0.9828721869343216566 ) ) ;
#1095 = EDGE_CURVE ( 'NONE', #1412, #4724, #492, .T. ) ;
#1096 = ORIENTED_EDGE ( 'NONE', *, *, #1477, .T. ) ;
#1097 = VECTOR ( 'NONE', #3168, 39.37007874015748143 ) ;
#1098 = ORIENTED_EDGE ( 'NONE', *, *, #6546, .F. ) ;
#1099 = AXIS2_PLACEMENT_3D ( 'NONE', #327, #3231, #4661 ) ;
#1100 = ORIENTED_EDGE ( 'NONE', *, *, #1684, .F. ) ;
#1101 = DIRECTION ( 'NONE',  ( -0.000000000000000000, 1.000000000000000000, -0.000000000000000000 ) ) ;
#1102 = LINE ( 'NONE', #644, #425 ) ;
#1103 = CARTESIAN_POINT ( 'NONE',  ( 3.519330605942693424, 2.311796791384322702, 6.941169775987948043 ) ) ;
#1104 = VECTOR ( 'NONE', #2573, 39.37007874015748143 ) ;
#1105 = EDGE_CURVE ( 'NONE', #335, #1045, #2876, .T. ) ;
#1106 = LINE ( 'NONE', #2803, #3474 ) ;
#1107 = LINE ( 'NONE', #3254, #1617 ) ;
#1108 = LINE ( 'NONE', #1712, #1062 ) ;
#1109 = ORIENTED_EDGE ( 'NONE', *, *, #2847, .F. ) ;
#1110 = ORIENTED_EDGE ( 'NONE', *, *, #46, .T. ) ;
#1111 = AXIS2_PLACEMENT_3D ( 'NONE', #4535, #6108, #1411 ) ;
#1112 = AXIS2_PLACEMENT_3D ( 'NONE', #6053, #4417, #3898 ) ;
#1113 = FACE_OUTER_BOUND ( 'NONE', #1764, .T. ) ;
#1114 = FACE_OUTER_BOUND ( 'NONE', #6391, .T. ) ;
#1115 = ADVANCED_FACE ( 'NONE', ( #5616 ), #6607, .F. ) ;
#1116 = CYLINDRICAL_SURFACE ( 'NONE', #4790, 0.1000000000000000194 ) ;
#1117 = ORIENTED_EDGE ( 'NONE', *, *, #6335, .T. ) ;
#1118 = AXIS2_PLACEMENT_3D ( 'NONE', #1303, #4495, #6627 ) ;
#1119 = DIRECTION ( 'NONE',  ( 0.000000000000000000, 0.000000000000000000, -1.000000000000000000 ) ) ;
#1120 = ORIENTED_EDGE ( 'NONE', *, *, #2401, .T. ) ;
#1121 =( REPRESENTATION_RELATIONSHIP ('NONE','NONE', #3481, #5835 ) REPRESENTATION_RELATIONSHIP_WITH_TRANSFORMATION ( #3227 )SHAPE_REPRESENTATION_RELATIONSHIP( ) );
#1122 = AXIS2_PLACEMENT_3D ( 'NONE', #5858, #4738, #6875 ) ;
#1123 = CARTESIAN_POINT ( 'NONE',  ( 0.000000000000000000, 0.2500000000000000000, 0.000000000000000000 ) ) ;
#1124 = CARTESIAN_POINT ( 'NONE',  ( -3.462783069340739317, 1.000000000000000000, 0.2585990237437587602 ) ) ;
#1125 = CARTESIAN_POINT ( 'NONE',  ( -0.3795073712743768368, 0.3499999999999999778, -0.3438888888888888551 ) ) ;
#1126 = ORIENTED_EDGE ( 'NONE', *, *, #6150, .F. ) ;
#1127 = ORIENTED_EDGE ( 'NONE', *, *, #3171, .F. ) ;
#1128 = LINE ( 'NONE', #5018, #303 ) ;
#1129 = DIRECTION ( 'NONE',  ( 0.000000000000000000, 0.000000000000000000, -1.000000000000000000 ) ) ;
#1130 = LINE ( 'NONE', #4880, #3628 ) ;
#1131 = ORIENTED_EDGE ( 'NONE', *, *, #764, .T. ) ;
#1132 = APPLICATION_PROTOCOL_DEFINITION ( 'draft international standard', 'automotive_design', 1998, #5138 ) ;
#1133 = ORIENTED_EDGE ( 'NONE', *, *, #3716, .T. ) ;
#1134 = ORIENTED_EDGE ( 'NONE', *, *, #293, .F. ) ;
#1135 = DIRECTION ( 'NONE',  ( -0.9359387816366123714, 0.000000000000000000, 0.3521627422493376347 ) ) ;
#1136 = CARTESIAN_POINT ( 'NONE',  ( -1.091880737536709445, 0.000000000000000000, 1.730943457119830997 ) ) ;
#1137 = ADVANCED_FACE ( 'NONE', ( #176 ), #2408, .F. ) ;
#1138 = CARTESIAN_POINT ( 'NONE',  ( 1.093698624539382269, 2.311796791384322702, 7.396358459065379698 ) ) ;
#1139 = CYLINDRICAL_SURFACE ( 'NONE', #4142, 0.2000000000000003164 ) ;
#1140 = CARTESIAN_POINT ( 'NONE',  ( 0.6590147425487535848, 0.000000000000000000, -3.399999999999999911 ) ) ;
#1141 = FILL_AREA_STYLE ('',( #612 ) ) ;
#1142 = ADVANCED_FACE ( 'NONE', ( #5167 ), #3559, .F. ) ;
#1143 = ORIENTED_EDGE ( 'NONE', *, *, #3309, .F. ) ;
#1144 = EDGE_LOOP ( 'NONE', ( #358, #3247 ) ) ;
#1145 = DIRECTION ( 'NONE',  ( 0.000000000000000000, 1.000000000000000000, -0.000000000000000000 ) ) ;
#1146 = DIRECTION ( 'NONE',  ( -1.364065023876727600E-16, 0.000000000000000000, -1.000000000000000000 ) ) ;
#1147 = VERTEX_POINT ( 'NONE', #238 ) ;
#1148 = CARTESIAN_POINT ( 'NONE',  ( 0.3446038644310982502, 0.000000000000000000, 2.215765550180978760 ) ) ;
#1149 = ORIENTED_EDGE ( 'NONE', *, *, #2278, .T. ) ;
#1150 = CONTEXT_DEPENDENT_SHAPE_REPRESENTATION ( #1121, #408 ) ;
#1151 = DIRECTION ( 'NONE',  ( -0.000000000000000000, 1.000000000000000000, -0.000000000000000000 ) ) ;
#1152 = ADVANCED_FACE ( 'NONE', ( #5548 ), #3499, .F. ) ;
#1153 = CARTESIAN_POINT ( 'NONE',  ( -0.3486279233011422840, 0.3499999999999999778, 0.3634288535050185787 ) ) ;
#1154 = EDGE_CURVE ( 'NONE', #3425, #3176, #3466, .T. ) ;
#1155 = CARTESIAN_POINT ( 'NONE',  ( 1.515043436294495116, 1.000000000000000000, 1.375867792664189571 ) ) ;
#1156 = CARTESIAN_POINT ( 'NONE',  ( -0.8267949192430791294, 0.5000000000000000000, -1.832050807568749162 ) ) ;
#1157 = ORIENTED_EDGE ( 'NONE', *, *, #4553, .T. ) ;
#1158 =( REPRESENTATION_RELATIONSHIP ('NONE','NONE', #3481, #5835 ) REPRESENTATION_RELATIONSHIP_WITH_TRANSFORMATION ( #3681 )SHAPE_REPRESENTATION_RELATIONSHIP( ) );
#1159 = VERTEX_POINT ( 'NONE', #5039 ) ;
#1160 = EDGE_CURVE ( 'NONE', #3627, #3399, #2913, .T. ) ;
#1161 = ADVANCED_FACE ( 'NONE', ( #1788 ), #2974, .F. ) ;
#1162 = DIRECTION ( 'NONE',  ( 0.000000000000000000, 0.000000000000000000, 1.000000000000000000 ) ) ;
#1163 = EDGE_CURVE ( 'NONE', #6252, #5331, #3893, .T. ) ;
#1164 = CYLINDRICAL_SURFACE ( 'NONE', #4109, 0.2000000000000000389 ) ;
#1165 = DIRECTION ( 'NONE',  ( 0.000000000000000000, 0.000000000000000000, 1.000000000000000000 ) ) ;
#1166 = CARTESIAN_POINT ( 'NONE',  ( 1.782139777869445219, 0.000000000000000000, 2.969558593971846516 ) ) ;
#1167 = ORIENTED_EDGE ( 'NONE', *, *, #1536, .T. ) ;
#1168 =( LENGTH_UNIT ( ) NAMED_UNIT ( * ) SI_UNIT ( $, .METRE. ) );
#1169 = ORIENTED_EDGE ( 'NONE', *, *, #3105, .F. ) ;
#1170 = VERTEX_POINT ( 'NONE', #6540 ) ;
#1171 = CARTESIAN_POINT ( 'NONE',  ( 2.020778639052820846, 1.000000000000000000, -0.9966348305781737027 ) ) ;
#1172 = VECTOR ( 'NONE', #1913, 39.37007874015748143 ) ;
#1173 = FACE_OUTER_BOUND ( 'NONE', #810, .T. ) ;
#1174 = ADVANCED_FACE ( 'NONE', ( #6012 ), #4474, .F. ) ;
#1175 = CARTESIAN_POINT ( 'NONE',  ( -0.3446038644311285593, 0.000000000000000000, 2.215765550180974319 ) ) ;
#1176 = DIRECTION ( 'NONE',  ( -0.000000000000000000, -1.000000000000000000, -0.000000000000000000 ) ) ;
#1177 = VECTOR ( 'NONE', #35, 39.37007874015748143 ) ;
#1178 = DIRECTION ( 'NONE',  ( -0.5000000000000037748, 0.000000000000000000, 0.8660254037844364872 ) ) ;
#1179 = VERTEX_POINT ( 'NONE', #6110 ) ;
#1180 = VERTEX_POINT ( 'NONE', #757 ) ;
#1181 = CARTESIAN_POINT ( 'NONE',  ( -1.809200813408548214, 1.000000000000000000, -3.181366506339445621 ) ) ;
#1182 = DIRECTION ( 'NONE',  ( 0.000000000000000000, 0.000000000000000000, 1.000000000000000000 ) ) ;
#1183 = AXIS2_PLACEMENT_3D ( 'NONE', #4318, #2260, #2825 ) ;
#1184 = LINE ( 'NONE', #2277, #1882 ) ;
#1185 = EDGE_CURVE ( 'NONE', #816, #5441, #4504, .T. ) ;
#1186 = EDGE_CURVE ( 'NONE', #3478, #4958, #4754, .T. ) ;
#1187 = EDGE_LOOP ( 'NONE', ( #3424, #724, #2786, #2020 ) ) ;
#1188 = DIRECTION ( 'NONE',  ( -0.5093366627282009951, 0.000000000000000000, 0.8605673500667443410 ) ) ;
#1189 = ORIENTED_EDGE ( 'NONE', *, *, #6162, .T. ) ;
#1190 = LINE ( 'NONE', #4865, #75 ) ;
#1191 = CARTESIAN_POINT ( 'NONE',  ( -1.746607323071556861, 0.000000000000000000, -1.406318475930141476 ) ) ;
#1192 = DIRECTION ( 'NONE',  ( -0.000000000000000000, 1.000000000000000000, -0.000000000000000000 ) ) ;
#1193 = AXIS2_PLACEMENT_3D ( 'NONE', #6891, #6368, #2106 ) ;
#1194 = DIRECTION ( 'NONE',  ( -0.000000000000000000, 1.000000000000000000, -0.000000000000000000 ) ) ;
#1195 = VERTEX_POINT ( 'NONE', #1314 ) ;
#1196 = EDGE_CURVE ( 'NONE', #6277, #1572, #4191, .T. ) ;
#1197 = EDGE_CURVE ( 'NONE', #237, #2558, #2302, .T. ) ;
#1198 = ORIENTED_EDGE ( 'NONE', *, *, #2618, .F. ) ;
#1199 = CIRCLE ( 'NONE', #3892, 0.1999999999999999278 ) ;
#1200 = DIRECTION ( 'NONE',  ( 0.000000000000000000, 0.000000000000000000, -1.000000000000000000 ) ) ;
#1201 = EDGE_CURVE ( 'NONE', #3841, #141, #1990, .T. ) ;
#1202 = AXIS2_PLACEMENT_3D ( 'NONE', #6299, #2529, #484 ) ;
#1203 = EDGE_CURVE ( 'NONE', #4392, #6614, #6757, .T. ) ;
#1204 = ORIENTED_EDGE ( 'NONE', *, *, #5601, .F. ) ;
#1205 = ORIENTED_EDGE ( 'NONE', *, *, #5283, .T. ) ;
#1206 = PLANE ( 'NONE',  #5459 ) ;
#1207 = AXIS2_PLACEMENT_3D ( 'NONE', #3230, #4349, #5392 ) ;
#1208 = LINE ( 'NONE', #6418, #4565 ) ;
#1209 = CARTESIAN_POINT ( 'NONE',  ( 3.217691453624106579, 0.2500000000000000000, -1.626794919243333526 ) ) ;
#1210 = CARTESIAN_POINT ( 'NONE',  ( -0.8555891799356177829, 0.5000000000000000000, -0.5631422929899626562 ) ) ;
#1211 = EDGE_LOOP ( 'NONE', ( #3784, #6172, #2648, #421 ) ) ;
#1212 = VERTEX_POINT ( 'NONE', #6178 ) ;
#1213 = ORIENTED_EDGE ( 'NONE', *, *, #6081, .F. ) ;
#1214 = CARTESIAN_POINT ( 'NONE',  ( -3.460620106547134700, 1.000000000000000000, 0.2585873273816295947 ) ) ;
#1215 = VECTOR ( 'NONE', #6168, 39.37007874015748143 ) ;
#1216 = PLANE ( 'NONE',  #4577 ) ;
#1217 = DIRECTION ( 'NONE',  ( 0.000000000000000000, 1.000000000000000000, 0.000000000000000000 ) ) ;
#1218 = ORIENTED_EDGE ( 'NONE', *, *, #4244, .T. ) ;
#1219 = CARTESIAN_POINT ( 'NONE',  ( 0.000000000000000000, 1.000000000000000000, 0.000000000000000000 ) ) ;
#1220 = AXIS2_PLACEMENT_3D ( 'NONE', #153, #2287, #183 ) ;
#1221 = AXIS2_PLACEMENT_3D ( 'NONE', #4350, #6018, #5986 ) ;
#1222 = ORIENTED_EDGE ( 'NONE', *, *, #2279, .T. ) ;
#1223 = PLANE ( 'NONE',  #3540 ) ;
#1224 = CARTESIAN_POINT ( 'NONE',  ( -1.973205080756855079, 0.2500000000000000000, -3.017691453623849718 ) ) ;
#1225 = CARTESIAN_POINT ( 'NONE',  ( 3.545307910843950694, 0.000000000000000000, -0.6251334396009387007 ) ) ;
#1226 = EDGE_CURVE ( 'NONE', #3677, #2309, #4161, .T. ) ;
#1227 = VECTOR ( 'NONE', #4859, 39.37007874015748143 ) ;
#1228 = VECTOR ( 'NONE', #999, 39.37007874015748143 ) ;
#1229 = DIRECTION ( 'NONE',  ( -0.5000000000000005551, 0.000000000000000000, -0.8660254037844382635 ) ) ;
#1230 = EDGE_LOOP ( 'NONE', ( #3033, #6606, #3319, #5716 ) ) ;
#1231 = EDGE_LOOP ( 'NONE', ( #2860, #398, #6111, #496 ) ) ;
#1232 = VECTOR ( 'NONE', #2048, 39.37007874015748143 ) ;
#1233 = DIRECTION ( 'NONE',  ( 0.1842885350501853869, -0.000000000000000000, 0.9828721869343218787 ) ) ;
#1234 = LINE ( 'NONE', #6060, #6337 ) ;
#1235 =( GEOMETRIC_REPRESENTATION_CONTEXT ( 3 ) GLOBAL_UNCERTAINTY_ASSIGNED_CONTEXT ( ( #2612 ) ) GLOBAL_UNIT_ASSIGNED_CONTEXT ( ( #663, #1755, #2624 ) ) REPRESENTATION_CONTEXT ( 'NONE', 'WORKASPACE' ) );
#1236 = ORIENTED_EDGE ( 'NONE', *, *, #3037, .T. ) ;
#1237 = ORIENTED_EDGE ( 'NONE', *, *, #3436, .F. ) ;
#1238 = LINE ( 'NONE', #3944, #6681 ) ;
#1239 = EDGE_CURVE ( 'NONE', #4412, #6839, #304, .T. ) ;
#1240 = EDGE_CURVE ( 'NONE', #6603, #5929, #1489, .T. ) ;
#1241 = DIRECTION ( 'NONE',  ( 0.000000000000000000, 0.000000000000000000, -1.000000000000000000 ) ) ;
#1242 = ADVANCED_FACE ( 'NONE', ( #6770 ), #6253, .F. ) ;
#1243 = DIRECTION ( 'NONE',  ( 0.000000000000000000, 0.000000000000000000, -1.000000000000000000 ) ) ;
#1244 = CARTESIAN_POINT ( 'NONE',  ( 3.600000000000254996, 0.2500000000000000000, 0.1999999999997445210 ) ) ;
#1245 = EDGE_LOOP ( 'NONE', ( #6243, #879, #3900, #3233 ) ) ;
#1246 = ORIENTED_EDGE ( 'NONE', *, *, #5562, .T. ) ;
#1247 = ORIENTED_EDGE ( 'NONE', *, *, #3008, .T. ) ;
#1248 = DIRECTION ( 'NONE',  ( 0.000000000000000000, 0.000000000000000000, -1.000000000000000000 ) ) ;
#1249 = AXIS2_PLACEMENT_3D ( 'NONE', #5749, #6345, #5330 ) ;
#1250 = ORIENTED_EDGE ( 'NONE', *, *, #633, .F. ) ;
#1251 = DIRECTION ( 'NONE',  ( -0.9433365500833861272, 0.000000000000000000, 0.3318375404874725487 ) ) ;
#1252 = ORIENTED_EDGE ( 'NONE', *, *, #171, .T. ) ;
#1253 = CARTESIAN_POINT ( 'NONE',  ( 1.000000000000033973, 0.5000000000000000000, -1.732050807569005091 ) ) ;
#1254 = DIRECTION ( 'NONE',  ( -0.000000000000000000, 1.000000000000000000, -0.000000000000000000 ) ) ;
#1255 = FACE_OUTER_BOUND ( 'NONE', #4012, .T. ) ;
#1256 = DIRECTION ( 'NONE',  ( 1.000000000000000000, 0.000000000000000000, -0.000000000000000000 ) ) ;
#1257 = ORIENTED_EDGE ( 'NONE', *, *, #2608, .T. ) ;
#1258 = ORIENTED_EDGE ( 'NONE', *, *, #511, .F. ) ;
#1259 = DIRECTION ( 'NONE',  ( -3.414809992080328530E-16, 0.000000000000000000, -1.000000000000000000 ) ) ;
#1260 = LINE ( 'NONE', #6484, #858 ) ;
#1261 = VERTEX_POINT ( 'NONE', #3529 ) ;
#1262 = EDGE_CURVE ( 'NONE', #2001, #296, #1954, .T. ) ;
#1263 = ORIENTED_EDGE ( 'NONE', *, *, #829, .F. ) ;
#1264 = FACE_OUTER_BOUND ( 'NONE', #5306, .T. ) ;
#1265 = DIRECTION ( 'NONE',  ( 0.000000000000000000, -0.000000000000000000, 1.000000000000000000 ) ) ;
#1266 = LINE ( 'NONE', #6228, #2226 ) ;
#1267 = DIRECTION ( 'NONE',  ( 0.000000000000000000, 0.000000000000000000, 1.000000000000000000 ) ) ;
#1268 = LINE ( 'NONE', #3421, #5082 ) ;
#1269 = EDGE_CURVE ( 'NONE', #1179, #141, #179, .T. ) ;
#1270 = ORIENTED_EDGE ( 'NONE', *, *, #1196, .F. ) ;
#1271 = VERTEX_POINT ( 'NONE', #5649 ) ;
#1272 = ORIENTED_EDGE ( 'NONE', *, *, #3314, .T. ) ;
#1273 = AXIS2_PLACEMENT_3D ( 'NONE', #919, #4118, #1443 ) ;
#1274 = LINE ( 'NONE', #1782, #3228 ) ;
#1275 = CARTESIAN_POINT ( 'NONE',  ( 1.949058178843251055, 1.000000000000000000, 0.6241322073358265277 ) ) ;
#1276 = VECTOR ( 'NONE', #451, 39.37007874015748143 ) ;
#1277 = EDGE_CURVE ( 'NONE', #2941, #5494, #3629, .T. ) ;
#1278 = DIRECTION ( 'NONE',  ( -0.000000000000000000, 1.000000000000000000, -0.000000000000000000 ) ) ;
#1279 = ORIENTED_EDGE ( 'NONE', *, *, #4706, .F. ) ;
#1280 = EDGE_CURVE ( 'NONE', #6819, #6344, #1963, .T. ) ;
#1281 = CARTESIAN_POINT ( 'NONE',  ( -0.2000000000000001221, 0.2500000000000000000, -0.8000000000000000444 ) ) ;
#1282 = ORIENTED_EDGE ( 'NONE', *, *, #4488, .T. ) ;
#1283 = DIRECTION ( 'NONE',  ( 0.000000000000000000, 1.000000000000000000, -0.000000000000000000 ) ) ;
#1284 = VECTOR ( 'NONE', #3563, 39.37007874015748143 ) ;
#1285 = DIRECTION ( 'NONE',  ( -0.1736481776669274724, -0.000000000000000000, -0.9848077530122085754 ) ) ;
#1286 = DIRECTION ( 'NONE',  ( 0.000000000000000000, 1.000000000000000000, -0.000000000000000000 ) ) ;
#1287 = DIRECTION ( 'NONE',  ( -1.000000000000000000, 0.000000000000000000, 0.000000000000000000 ) ) ;
#1288 = ORIENTED_EDGE ( 'NONE', *, *, #2437, .T. ) ;
#1289 = FACE_OUTER_BOUND ( 'NONE', #3778, .T. ) ;
#1290 = DIRECTION ( 'NONE',  ( -1.000000000000000000, -6.982962677686266711E-15, 0.000000000000000000 ) ) ;
#1291 = ORIENTED_EDGE ( 'NONE', *, *, #3598, .F. ) ;
#1292 = DIRECTION ( 'NONE',  ( 0.000000000000000000, 0.000000000000000000, 1.000000000000000000 ) ) ;
#1293 = CARTESIAN_POINT ( 'NONE',  ( 1.954253247882794753, 0.000000000000000000, 2.867691261426206673 ) ) ;
#1294 = AXIS2_PLACEMENT_3D ( 'NONE', #1925, #3402, #3964 ) ;
#1295 = PRODUCT_DEFINITION_SHAPE ( 'NONE', 'NONE',  #6902 ) ;
#1296 = AXIS2_PLACEMENT_3D ( 'NONE', #1642, #1300, #3546 ) ;
#1297 = ORIENTED_EDGE ( 'NONE', *, *, #3821, .F. ) ;
#1298 = ORIENTED_EDGE ( 'NONE', *, *, #5904, .F. ) ;
#1299 = DIRECTION ( 'NONE',  ( 0.3521627422493496806, 0.000000000000000000, -0.9359387816366080415 ) ) ;
#1300 = DIRECTION ( 'NONE',  ( -0.000000000000000000, 1.000000000000000000, -0.000000000000000000 ) ) ;
#1301 = CYLINDRICAL_SURFACE ( 'NONE', #539, 0.2000000000000000389 ) ;
#1302 = AXIS2_PLACEMENT_3D ( 'NONE', #1508, #2645, #3651 ) ;
#1303 = CARTESIAN_POINT ( 'NONE',  ( 2.690312454397194131, 0.000000000000000000, -2.180944595493418348 ) ) ;
#1304 = DIRECTION ( 'NONE',  ( 0.000000000000000000, 1.000000000000000000, 0.000000000000000000 ) ) ;
#1305 = EDGE_LOOP ( 'NONE', ( #90, #2159, #6836, #3926 ) ) ;
#1306 = ORIENTED_EDGE ( 'NONE', *, *, #5797, .T. ) ;
#1307 = VECTOR ( 'NONE', #5252, 39.37007874015748143 ) ;
#1308 = ORIENTED_EDGE ( 'NONE', *, *, #3598, .T. ) ;
#1309 = DIRECTION ( 'NONE',  ( -0.000000000000000000, -1.000000000000000000, -0.000000000000000000 ) ) ;
#1310 = CARTESIAN_POINT ( 'NONE',  ( -2.188630767697643975, 1.000000000000000000, 0.5354648973191198369 ) ) ;
#1311 = VECTOR ( 'NONE', #2594, 39.37007874015748143 ) ;
#1312 = CYLINDRICAL_SURFACE ( 'NONE', #1111, 0.2000000000000000389 ) ;
#1313 = ORIENTED_EDGE ( 'NONE', *, *, #978, .T. ) ;
#1314 = CARTESIAN_POINT ( 'NONE',  ( -1.626794919243079729, 0.2500000000000000000, -3.217691453623849895 ) ) ;
#1315 = ORIENTED_EDGE ( 'NONE', *, *, #4078, .F. ) ;
#1316 = VECTOR ( 'NONE', #6266, 39.37007874015747433 ) ;
#1317 = AXIS2_PLACEMENT_3D ( 'NONE', #4493, #1872, #5475 ) ;
#1318 = CARTESIAN_POINT ( 'NONE',  ( 1.800000000000033795, 0.2500000000000000000, -3.117691453624107378 ) ) ;
#1319 = ADVANCED_FACE ( 'NONE', ( #404 ), #6846, .F. ) ;
#1320 = ADVANCED_FACE ( 'NONE', ( #371 ), #2447, .F. ) ;
#1321 = CARTESIAN_POINT ( 'NONE',  ( 1.173205080756921648, 0.2500000000000000000, -1.632050807569005002 ) ) ;
#1322 = EDGE_CURVE ( 'NONE', #3491, #6462, #3007, .T. ) ;
#1323 = DIRECTION ( 'NONE',  ( -0.000000000000000000, 1.000000000000000000, -0.000000000000000000 ) ) ;
#1324 = VERTEX_POINT ( 'NONE', #5237 ) ;
#1325 = AXIS2_PLACEMENT_3D ( 'NONE', #1571, #1496, #1646 ) ;
#1326 = VECTOR ( 'NONE', #2099, 39.37007874015747433 ) ;
#1327 = FACE_OUTER_BOUND ( 'NONE', #4152, .T. ) ;
#1328 = PRODUCT_CONTEXT ( 'NONE', #5844, 'mechanical' ) ;
#1329 = VERTEX_POINT ( 'NONE', #4609 ) ;
#1330 = EDGE_CURVE ( 'NONE', #5690, #5854, #444, .T. ) ;
#1331 = AXIS2_PLACEMENT_3D ( 'NONE', #3332, #4970, #3960 ) ;
#1332 = DIRECTION ( 'NONE',  ( -0.000000000000000000, 1.000000000000000000, -0.000000000000000000 ) ) ;
#1333 = VECTOR ( 'NONE', #1975, 39.37007874015748854 ) ;
#1334 = VECTOR ( 'NONE', #6696, 39.37007874015747433 ) ;
#1335 = EDGE_LOOP ( 'NONE', ( #200, #4733, #3669, #2933 ) ) ;
#1336 = CARTESIAN_POINT ( 'NONE',  ( 1.231272515972387183, 0.000000000000000000, 3.382893434829278512 ) ) ;
#1337 = CARTESIAN_POINT ( 'NONE',  ( -2.241942925751031268, 0.000000000000000000, 0.04539509251633994796 ) ) ;
#1338 = CARTESIAN_POINT ( 'NONE',  ( 6.123233995736766036E-17, 0.000000000000000000, -0.5000000000000000000 ) ) ;
#1339 = DIRECTION ( 'NONE',  ( -0.000000000000000000, 1.000000000000000000, -0.000000000000000000 ) ) ;
#1340 = DIRECTION ( 'NONE',  ( -0.000000000000000000, 1.000000000000000000, -0.000000000000000000 ) ) ;
#1341 = EDGE_LOOP ( 'NONE', ( #6056, #4405, #5315, #2377, #3851, #4176, #4686, #2660, #3613 ) ) ;
#1342 = EDGE_LOOP ( 'NONE', ( #343, #1946, #1100, #706 ) ) ;
#1343 = ORIENTED_EDGE ( 'NONE', *, *, #1322, .T. ) ;
#1344 = EDGE_CURVE ( 'NONE', #6187, #5651, #5170, .T. ) ;
#1345 = CARTESIAN_POINT ( 'NONE',  ( -2.614979001592735219, 0.000000000000000000, 2.270723508515657851 ) ) ;
#1346 = CARTESIAN_POINT ( 'NONE',  ( -0.6590147425487534738, 0.5000000000000000000, -0.8000000000000000444 ) ) ;
#1347 = ORIENTED_EDGE ( 'NONE', *, *, #6306, .T. ) ;
#1348 = DIRECTION ( 'NONE',  ( 1.000000000000000000, 0.000000000000000000, -1.280553747030123075E-16 ) ) ;
#1349 = VERTEX_POINT ( 'NONE', #2551 ) ;
#1350 = ADVANCED_FACE ( 'NONE', ( #4711 ), #577, .F. ) ;
#1351 = CARTESIAN_POINT ( 'NONE',  ( 1.832050807569004736, 0.5000000000000000000, -0.8267949192433337036 ) ) ;
#1352 = CARTESIAN_POINT ( 'NONE',  ( 1.809200813408591069, 0.000000000000000000, -3.181366506339421196 ) ) ;
#1353 = DIRECTION ( 'NONE',  ( 0.000000000000000000, 1.000000000000000000, -0.000000000000000000 ) ) ;
#1354 = AXIS2_PLACEMENT_3D ( 'NONE', #1517, #4767, #1445 ) ;
#1355 = PLANE ( 'NONE',  #993 ) ;
#1356 = ORIENTED_EDGE ( 'NONE', *, *, #4698, .F. ) ;
#1357 = FACE_OUTER_BOUND ( 'NONE', #1335, .T. ) ;
#1358 = ITEM_DEFINED_TRANSFORMATION ( 'NONE', 'NONE', #5949,  #2138 ) ;
#1359 = EDGE_CURVE ( 'NONE', #2111, #3621, #1108, .T. ) ;
#1360 = ORIENTED_EDGE ( 'NONE', *, *, #6671, .T. ) ;
#1361 = FACE_OUTER_BOUND ( 'NONE', #785, .T. ) ;
#1362 = EDGE_CURVE ( 'NONE', #450, #727, #4425, .T. ) ;
#1363 = PLANE ( 'NONE',  #522 ) ;
#1364 = EDGE_CURVE ( 'NONE', #4910, #6042, #60, .T. ) ;
#1365 = ADVANCED_FACE ( 'NONE', ( #4851 ), #3849, .F. ) ;
#1366 = ORIENTED_EDGE ( 'NONE', *, *, #6247, .T. ) ;
#1367 = EDGE_CURVE ( 'NONE', #4367, #4456, #2199, .T. ) ;
#1368 = DIRECTION ( 'NONE',  ( -0.9359387816366080415, 0.000000000000000000, -0.3521627422493496806 ) ) ;
#1369 = DIRECTION ( 'NONE',  ( -0.5000000000000004441, 0.000000000000000000, -0.8660254037844383745 ) ) ;
#1370 = DIRECTION ( 'NONE',  ( 0.000000000000000000, 1.000000000000000000, -0.000000000000000000 ) ) ;
#1371 = FACE_OUTER_BOUND ( 'NONE', #1714, .T. ) ;
#1372 = LINE ( 'NONE', #5125, #3073 ) ;
#1373 = ORIENTED_EDGE ( 'NONE', *, *, #2495, .F. ) ;
#1374 = DIRECTION ( 'NONE',  ( 0.000000000000000000, 0.000000000000000000, 1.000000000000000000 ) ) ;
#1375 = ORIENTED_EDGE ( 'NONE', *, *, #305, .F. ) ;
#1376 = VERTEX_POINT ( 'NONE', #5379 ) ;
#1377 = VECTOR ( 'NONE', #3882, 39.37007874015748143 ) ;
#1378 = CARTESIAN_POINT ( 'NONE',  ( 1.832050807569004736, 0.5000000000000000000, -0.8267949192433337036 ) ) ;
#1379 = EDGE_LOOP ( 'NONE', ( #4788, #3498, #3406, #5761 ) ) ;
#1380 = VECTOR ( 'NONE', #260, 39.37007874015748143 ) ;
#1381 = CARTESIAN_POINT ( 'NONE',  ( 0.000000000000000000, 1.000000000000000000, -2.000000000000000000 ) ) ;
#1382 = ORIENTED_EDGE ( 'NONE', *, *, #1160, .F. ) ;
#1383 = DIRECTION ( 'NONE',  ( -0.1842885350501854147, 0.000000000000000000, -0.9828721869343218787 ) ) ;
#1384 = AXIS2_PLACEMENT_3D ( 'NONE', #1219, #5068, #1754 ) ;
#1385 = LINE ( 'NONE', #798, #3572 ) ;
#1386 = CARTESIAN_POINT ( 'NONE',  ( 0.4340147425487537736, 0.5000000000000000000, 0.5999999999999999778 ) ) ;
#1387 = VERTEX_POINT ( 'NONE', #4895 ) ;
#1388 = EDGE_CURVE ( 'NONE', #2723, #3133, #4817, .T. ) ;
#1389 = DIRECTION ( 'NONE',  ( -0.000000000000000000, -1.000000000000000000, -0.000000000000000000 ) ) ;
#1390 = STYLED_ITEM ( 'NONE', ( #3775 ), #1401 ) ;
#1391 = ITEM_DEFINED_TRANSFORMATION ( 'NONE', 'NONE', #897,  #3479 ) ;
#1392 = ORIENTED_EDGE ( 'NONE', *, *, #1201, .T. ) ;
#1393 = DIRECTION ( 'NONE',  ( -0.000000000000000000, 1.000000000000000000, -0.000000000000000000 ) ) ;
#1394 = CARTESIAN_POINT ( 'NONE',  ( 1.160284766201819417, 0.000000000000000000, 1.918881981277028137 ) ) ;
#1395 = EDGE_CURVE ( 'NONE', #4120, #1746, #2730, .T. ) ;
#1396 = CARTESIAN_POINT ( 'NONE',  ( 0.3295073712743767924, -0.3500000000000000333, -0.4000000000000000777 ) ) ;
#1397 = ORIENTED_EDGE ( 'NONE', *, *, #3860, .F. ) ;
#1398 = VECTOR ( 'NONE', #1428, 39.37007874015748143 ) ;
#1399 = CARTESIAN_POINT ( 'NONE',  ( 0.1472782379492916793, 1.000000000000000000, 2.248363052133775852 ) ) ;
#1400 = DIRECTION ( 'NONE',  ( 0.000000000000000000, 0.000000000000000000, 1.000000000000000000 ) ) ;
#1401 = MANIFOLD_SOLID_BREP ( 'Cut-Extrude3', #4515 ) ;
#1402 = EDGE_CURVE ( 'NONE', #2409, #4910, #3083, .T. ) ;
#1403 = VECTOR ( 'NONE', #4178, 39.37007874015748143 ) ;
#1404 = CARTESIAN_POINT ( 'NONE',  ( 0.8555891799356177829, 0.000000000000000000, -3.363142292989961035 ) ) ;
#1405 = CARTESIAN_POINT ( 'NONE',  ( -1.873500401103497692, 0.000000000000000000, -1.251728221555618026 ) ) ;
#1406 = ORIENTED_EDGE ( 'NONE', *, *, #6410, .F. ) ;
#1407 = ORIENTED_EDGE ( 'NONE', *, *, #2907, .F. ) ;
#1408 = ORIENTED_EDGE ( 'NONE', *, *, #5501, .F. ) ;
#1409 = DIRECTION ( 'NONE',  ( 0.000000000000000000, 1.000000000000000000, 0.000000000000000000 ) ) ;
#1410 = CARTESIAN_POINT ( 'NONE',  ( 0.4340147425487524968, 1.000000000000000000, -2.000000000000000000 ) ) ;
#1411 = DIRECTION ( 'NONE',  ( 0.000000000000000000, 0.000000000000000000, 1.000000000000000000 ) ) ;
#1412 = VERTEX_POINT ( 'NONE', #2658 ) ;
#1413 = VECTOR ( 'NONE', #2184, 39.37007874015748143 ) ;
#1414 = CARTESIAN_POINT ( 'NONE',  ( -1.173205080756410723, 0.5000000000000000000, 1.632050807569005224 ) ) ;
#1415 =( REPRESENTATION_RELATIONSHIP ('NONE','NONE', #3481, #5835 ) REPRESENTATION_RELATIONSHIP_WITH_TRANSFORMATION ( #2638 )SHAPE_REPRESENTATION_RELATIONSHIP( ) );
#1416 = ORIENTED_EDGE ( 'NONE', *, *, #5347, .T. ) ;
#1417 = CARTESIAN_POINT ( 'NONE',  ( 1.173205080757364627, 0.2500000000000000000, 1.632050807568749207 ) ) ;
#1418 = CARTESIAN_POINT ( 'NONE',  ( -0.6590147425487534738, 0.5000000000000000000, -0.8000000000000000444 ) ) ;
#1419 = VECTOR ( 'NONE', #6083, 39.37007874015747433 ) ;
#1420 = CARTESIAN_POINT ( 'NONE',  ( -0.1472782379493224603, 1.000000000000000000, 2.248363052133773632 ) ) ;
#1421 = LENGTH_MEASURE_WITH_UNIT ( LENGTH_MEASURE( 0.02539999999999999897 ), #6184 );
#1422 = ORIENTED_EDGE ( 'NONE', *, *, #5603, .F. ) ;
#1423 = CARTESIAN_POINT ( 'NONE',  ( -1.626794919242634752, 0.2500000000000000000, 3.217691453624107467 ) ) ;
#1424 = AXIS2_PLACEMENT_3D ( 'NONE', #4241, #982, #3271 ) ;
#1425 = AXIS2_PLACEMENT_3D ( 'NONE', #170, #1145, #5383 ) ;
#1426 = ORIENTED_EDGE ( 'NONE', *, *, #2881, .T. ) ;
#1427 = ORIENTED_EDGE ( 'NONE', *, *, #1787, .F. ) ;
#1428 = DIRECTION ( 'NONE',  ( -2.561107494060247137E-16, 0.000000000000000000, -1.000000000000000000 ) ) ;
#1429 = EDGE_CURVE ( 'NONE', #1532, #506, #4778, .T. ) ;
#1430 = FACE_BOUND ( 'NONE', #3832, .T. ) ;
#1431 = VECTOR ( 'NONE', #1229, 39.37007874015748854 ) ;
#1432 = AXIS2_PLACEMENT_3D ( 'NONE', #2833, #2897, #1265 ) ;
#1433 = LINE ( 'NONE', #4175, #6125 ) ;
#1434 = ORIENTED_EDGE ( 'NONE', *, *, #682, .T. ) ;
#1435 = AXIS2_PLACEMENT_3D ( 'NONE', #2728, #5506, #2197 ) ;
#1436 = CIRCLE ( 'NONE', #3245, 0.2000000000000003164 ) ;
#1437 = LINE ( 'NONE', #3583, #6135 ) ;
#1438 = CARTESIAN_POINT ( 'NONE',  ( -0.6590147425487534738, 0.5000000000000000000, -0.5999999999999998668 ) ) ;
#1439 = EDGE_CURVE ( 'NONE', #5486, #889, #2167, .T. ) ;
#1440 = DIRECTION ( 'NONE',  ( -0.9433365500833815753, 0.000000000000000000, -0.3318375404874855938 ) ) ;
#1441 = VECTOR ( 'NONE', #6798, 39.37007874015748143 ) ;
#1442 = LINE ( 'NONE', #4764, #1232 ) ;
#1443 = DIRECTION ( 'NONE',  ( 0.000000000000000000, 0.000000000000000000, 1.000000000000000000 ) ) ;
#1444 = ORIENTED_EDGE ( 'NONE', *, *, #295, .T. ) ;
#1445 = DIRECTION ( 'NONE',  ( -0.8660254037844415942, 0.000000000000000000, -0.4999999999999949485 ) ) ;
#1446 = EDGE_CURVE ( 'NONE', #4975, #5851, #542, .T. ) ;
#1447 = VERTEX_POINT ( 'NONE', #2320 ) ;
#1448 = ORIENTED_EDGE ( 'NONE', *, *, #6107, .F. ) ;
#1449 = EDGE_CURVE ( 'NONE', #2360, #3841, #1855, .T. ) ;
#1450 = AXIS2_PLACEMENT_3D ( 'NONE', #5688, #855, #2404 ) ;
#1451 = LINE ( 'NONE', #1483, #6234 ) ;
#1452 = SHAPE_REPRESENTATION_RELATIONSHIP ( 'NONE' , 'NONE' ,  #6769, #5428 ) ;
#1453 = LINE ( 'NONE', #6767, #1001 ) ;
#1454 = ORIENTED_EDGE ( 'NONE', *, *, #332, .T. ) ;
#1455 = DIRECTION ( 'NONE',  ( 0.000000000000000000, 1.000000000000000000, -0.000000000000000000 ) ) ;
#1456 = ORIENTED_EDGE ( 'NONE', *, *, #1073, .T. ) ;
#1457 = CARTESIAN_POINT ( 'NONE',  ( -1.809200813408548214, 0.000000000000000000, -3.181366506339445621 ) ) ;
#1458 = DIRECTION ( 'NONE',  ( -0.000000000000000000, -1.000000000000000000, -0.000000000000000000 ) ) ;
#1459 = DIRECTION ( 'NONE',  ( 0.000000000000000000, 0.000000000000000000, -1.000000000000000000 ) ) ;
#1460 = FILL_AREA_STYLE ('',( #4069 ) ) ;
#1461 = ORIENTED_EDGE ( 'NONE', *, *, #2024, .T. ) ;
#1462 = DIRECTION ( 'NONE',  ( 1.000000000000000000, 0.000000000000000000, 0.000000000000000000 ) ) ;
#1463 = ORIENTED_EDGE ( 'NONE', *, *, #5499, .T. ) ;
#1464 = CONTEXT_DEPENDENT_SHAPE_REPRESENTATION ( #526, #3103 ) ;
#1465 = ORIENTED_EDGE ( 'NONE', *, *, #6632, .T. ) ;
#1466 = CARTESIAN_POINT ( 'NONE',  ( -3.545307910843941812, 0.000000000000000000, -0.6251334396009859962 ) ) ;
#1467 = LINE ( 'NONE', #5737, #6229 ) ;
#1468 = PRODUCT_DEFINITION_SHAPE ( 'NONE', 'NONE',  #6907 ) ;
#1469 = DIRECTION ( 'NONE',  ( -0.000000000000000000, 1.000000000000000000, -0.000000000000000000 ) ) ;
#1470 = CARTESIAN_POINT ( 'NONE',  ( -0.2170073712743767758, 0.3499999999999999778, 0.2999999999999999334 ) ) ;
#1471 = ORIENTED_EDGE ( 'NONE', *, *, #5098, .T. ) ;
#1472 = CARTESIAN_POINT ( 'NONE',  ( -0.9073817267422200628, 1.000000000000000000, -2.062398044885628945 ) ) ;
#1473 = DIRECTION ( 'NONE',  ( -0.000000000000000000, -1.000000000000000000, -0.000000000000000000 ) ) ;
#1474 = DIRECTION ( 'NONE',  ( 0.000000000000000000, 0.000000000000000000, 1.000000000000000000 ) ) ;
#1475 = PLANE ( 'NONE',  #5 ) ;
#1476 = CARTESIAN_POINT ( 'NONE',  ( -1.969615506024412266, 0.000000000000000000, -0.3472963553338812015 ) ) ;
#1477 = EDGE_CURVE ( 'NONE', #5111, #679, #840, .T. ) ;
#1478 = UNCERTAINTY_MEASURE_WITH_UNIT (LENGTH_MEASURE( 1.000000000000000082E-05 ), #378, 'distance_accuracy_value', 'NONE');
#1479 = ORIENTED_EDGE ( 'NONE', *, *, #2446, .F. ) ;
#1480 = VERTEX_POINT ( 'NONE', #631 ) ;
#1481 = VERTEX_POINT ( 'NONE', #5364 ) ;
#1482 = FACE_OUTER_BOUND ( 'NONE', #2475, .T. ) ;
#1483 = CARTESIAN_POINT ( 'NONE',  ( 3.117691453624362286, 0.2500000000000000000, 1.799999999999778444 ) ) ;
#1484 =( NAMED_UNIT ( * ) PLANE_ANGLE_UNIT ( ) SI_UNIT ( $, .RADIAN. ) );
#1485 = ADVANCED_FACE ( 'NONE', ( #4914 ), #1766, .F. ) ;
#1486 = CARTESIAN_POINT ( 'NONE',  ( 1.332398236215170284, 0.000000000000000000, 1.817014648731390958 ) ) ;
#1487 = ORIENTED_EDGE ( 'NONE', *, *, #1798, .T. ) ;
#1488 = ADVANCED_FACE ( 'NONE', ( #122 ), #2290, .F. ) ;
#1489 = LINE ( 'NONE', #6287, #6876 ) ;
#1490 = EDGE_LOOP ( 'NONE', ( #4271, #4531, #4368, #6550 ) ) ;
#1491 = CARTESIAN_POINT ( 'NONE',  ( -3.659744619943180677, 0.000000000000000000, 0.02386938821036836689 ) ) ;
#1492 = DIRECTION ( 'NONE',  ( -0.000000000000000000, 1.000000000000000000, -0.000000000000000000 ) ) ;
#1493 = PLANE ( 'NONE',  #4464 ) ;
#1494 = VECTOR ( 'NONE', #3152, 39.37007874015748854 ) ;
#1495 = EDGE_CURVE ( 'NONE', #702, #3236, #4953, .T. ) ;
#1496 = DIRECTION ( 'NONE',  ( -0.4999999999999998890, 0.000000000000000000, 0.8660254037844387076 ) ) ;
#1497 = EDGE_LOOP ( 'NONE', ( #2846, #6845, #4403, #1853 ) ) ;
#1498 = EDGE_CURVE ( 'NONE', #6462, #17, #4534, .T. ) ;
#1499 = LINE ( 'NONE', #6889, #5753 ) ;
#1500 = EDGE_LOOP ( 'NONE', ( #5921, #1297, #2822, #1133 ) ) ;
#1501 = FACE_OUTER_BOUND ( 'NONE', #6414, .T. ) ;
#1502 = AXIS2_PLACEMENT_3D ( 'NONE', #6445, #568, #1663 ) ;
#1503 = CARTESIAN_POINT ( 'NONE',  ( -3.017691453623594811, 0.2500000000000000000, 1.973205080757110208 ) ) ;
#1504 = DIRECTION ( 'NONE',  ( -0.5093366627282009951, 0.000000000000000000, 0.8605673500667443410 ) ) ;
#1505 = AXIS2_PLACEMENT_3D ( 'NONE', #1015, #3018, #4101 ) ;
#1506 = ORIENTED_EDGE ( 'NONE', *, *, #3069, .T. ) ;
#1507 = DIRECTION ( 'NONE',  ( -0.000000000000000000, 1.000000000000000000, -0.000000000000000000 ) ) ;
#1508 = CARTESIAN_POINT ( 'NONE',  ( 0.3295073712743768479, 0.3499999999999999778, -0.3000000000000000999 ) ) ;
#1509 = VECTOR ( 'NONE', #694, 39.37007874015747433 ) ;
#1510 = CARTESIAN_POINT ( 'NONE',  ( 0.2000000000000000111, 0.5000000000000000000, -3.599999999999999645 ) ) ;
#1511 = APPLICATION_CONTEXT ( 'automotive_design' ) ;
#1512 = PRODUCT_DEFINITION_SHAPE ( 'NONE', 'NONE',  #2566 ) ;
#1513 = DIRECTION ( 'NONE',  ( 0.9999415181893571702, 0.000000000000000000, 0.01081481396803214701 ) ) ;
#1514 = CARTESIAN_POINT ( 'NONE',  ( 2.188630767697637314, 1.000000000000000000, 0.5354648973191502570 ) ) ;
#1515 = VECTOR ( 'NONE', #5958, 39.37007874015748854 ) ;
#1516 = ORIENTED_EDGE ( 'NONE', *, *, #6405, .F. ) ;
#1517 = CARTESIAN_POINT ( 'NONE',  ( -0.2612101882711633238, 2.928964839118206598, 6.284489887574132183 ) ) ;
#1518 = ORIENTED_EDGE ( 'NONE', *, *, #645, .F. ) ;
#1519 = ORIENTED_EDGE ( 'NONE', *, *, #5638, .T. ) ;
#1520 = CARTESIAN_POINT ( 'NONE',  ( 2.000000000000255351, 0.5000000000000000000, 0.1999999999997445765 ) ) ;
#1521 = EDGE_CURVE ( 'NONE', #1780, #3493, #596, .T. ) ;
#1522 = VECTOR ( 'NONE', #5042, 39.37007874015748854 ) ;
#1523 = CARTESIAN_POINT ( 'NONE',  ( -0.8267949192426353733, 0.2500000000000000000, 1.832050807569004958 ) ) ;
#1524 = LINE ( 'NONE', #3774, #729 ) ;
#1525 = CARTESIAN_POINT ( 'NONE',  ( -1.515043436294513990, 0.000000000000000000, 1.375867792664168476 ) ) ;
#1526 = VECTOR ( 'NONE', #2948, 39.37007874015747433 ) ;
#1527 = ORIENTED_EDGE ( 'NONE', *, *, #6546, .T. ) ;
#1528 = DIRECTION ( 'NONE',  ( 0.000000000000000000, 0.000000000000000000, 1.000000000000000000 ) ) ;
#1529 = DIRECTION ( 'NONE',  ( 1.036337966848352934E-16, -0.000000000000000000, 1.000000000000000000 ) ) ;
#1530 = CARTESIAN_POINT ( 'NONE',  ( 0.000000000000000000, 0.5000000000000000000, 0.000000000000000000 ) ) ;
#1531 = DIRECTION ( 'NONE',  ( -0.000000000000000000, -1.000000000000000000, -0.000000000000000000 ) ) ;
#1532 = VERTEX_POINT ( 'NONE', #4422 ) ;
#1533 = DIRECTION ( 'NONE',  ( 0.000000000000000000, 1.000000000000000000, 0.000000000000000000 ) ) ;
#1534 = LENGTH_MEASURE_WITH_UNIT ( LENGTH_MEASURE( 0.02539999999999999897 ), #5879 );
#1535 = EDGE_CURVE ( 'NONE', #4601, #4364, #1732, .T. ) ;
#1536 = EDGE_CURVE ( 'NONE', #716, #1212, #5497, .T. ) ;
#1537 = VECTOR ( 'NONE', #386, 39.37007874015748143 ) ;
#1538 = PLANE ( 'NONE',  #3094 ) ;
#1539 = EDGE_CURVE ( 'NONE', #4120, #523, #6519, .T. ) ;
#1540 = CARTESIAN_POINT ( 'NONE',  ( 0.4277945899678088915, 0.3499999999999999778, -0.2815711464949807175 ) ) ;
#1541 = DIMENSIONAL_EXPONENTS ( 1.000000000000000000, 0.000000000000000000, 0.000000000000000000, 0.000000000000000000, 0.000000000000000000, 0.000000000000000000, 0.000000000000000000 ) ;
#1542 = DIRECTION ( 'NONE',  ( 0.000000000000000000, 1.000000000000000000, -0.000000000000000000 ) ) ;
#1543 = VECTOR ( 'NONE', #5997, 39.37007874015748854 ) ;
#1544 = COLOUR_RGB ( '',0.7921568627450980005, 0.8196078431372548767, 0.9333333333333333481 ) ;
#1545 = VERTEX_POINT ( 'NONE', #4985 ) ;
#1546 = DIRECTION ( 'NONE',  ( -0.000000000000000000, 1.000000000000000000, -0.000000000000000000 ) ) ;
#1547 = AXIS2_PLACEMENT_3D ( 'NONE', #4723, #6403, #4314 ) ;
#1548 = DIRECTION ( 'NONE',  ( 0.000000000000000000, 1.000000000000000000, -0.000000000000000000 ) ) ;
#1549 = CARTESIAN_POINT ( 'NONE',  ( 0.1472782379492916793, 1.000000000000000000, 2.248363052133775852 ) ) ;
#1550 = LINE ( 'NONE', #4211, #5744 ) ;
#1551 = UNCERTAINTY_MEASURE_WITH_UNIT (LENGTH_MEASURE( 1.000000000000000082E-05 ), #5756, 'distance_accuracy_value', 'NONE');
#1552 = VECTOR ( 'NONE', #2979, 39.37007874015748143 ) ;
#1553 = ORIENTED_EDGE ( 'NONE', *, *, #6453, .F. ) ;
#1554 = DIRECTION ( 'NONE',  ( 0.8660254037844450359, 0.000000000000000000, 0.4999999999999888978 ) ) ;
#1555 = ORIENTED_EDGE ( 'NONE', *, *, #1154, .T. ) ;
#1556 = ORIENTED_EDGE ( 'NONE', *, *, #257, .T. ) ;
#1557 = LINE ( 'NONE', #6384, #99 ) ;
#1558 = DIRECTION ( 'NONE',  ( -0.5000000000000002220, -0.000000000000000000, 0.8660254037844385966 ) ) ;
#1559 = AXIS2_PLACEMENT_3D ( 'NONE', #4709, #4673, #3626 ) ;
#1560 = AXIS2_PLACEMENT_3D ( 'NONE', #6873, #21, #5268 ) ;
#1561 = DIRECTION ( 'NONE',  ( 0.000000000000000000, 1.000000000000000000, -0.000000000000000000 ) ) ;
#1562 = DIRECTION ( 'NONE',  ( 0.000000000000000000, 1.000000000000000000, -0.000000000000000000 ) ) ;
#1563 = EDGE_CURVE ( 'NONE', #3553, #340, #5202, .T. ) ;
#1564 = VECTOR ( 'NONE', #5327, 39.37007874015748854 ) ;
#1565 = ORIENTED_EDGE ( 'NONE', *, *, #594, .T. ) ;
#1566 = CARTESIAN_POINT ( 'NONE',  ( -0.3486279233011422840, -0.3499999999999999778, 0.3634288535050185787 ) ) ;
#1567 = LINE ( 'NONE', #3603, #3223 ) ;
#1568 = DIRECTION ( 'NONE',  ( 0.000000000000000000, 0.000000000000000000, -1.000000000000000000 ) ) ;
#1569 = VECTOR ( 'NONE', #337, 39.37007874015748143 ) ;
#1570 = ADVANCED_FACE ( 'NONE', ( #4837 ), #2752, .T. ) ;
#1571 = CARTESIAN_POINT ( 'NONE',  ( 1.632050807569260575, 0.2500000000000000000, 1.173205080756666296 ) ) ;
#1572 = VERTEX_POINT ( 'NONE', #2219 ) ;
#1573 = CARTESIAN_POINT ( 'NONE',  ( 0.2503407046077100739, 0.3499999999999999778, 0.3450000000000000289 ) ) ;
#1574 = EDGE_CURVE ( 'NONE', #5331, #5279, #1698, .T. ) ;
#1575 = EDGE_LOOP ( 'NONE', ( #6244, #6539, #3174, #3175 ) ) ;
#1576 = CONTEXT_DEPENDENT_SHAPE_REPRESENTATION ( #2368, #5105 ) ;
#1577 = DIRECTION ( 'NONE',  ( 0.9848077530122062440, 0.000000000000000000, 0.1736481776669406007 ) ) ;
#1578 = DIRECTION ( 'NONE',  ( 0.000000000000000000, 0.000000000000000000, 1.000000000000000000 ) ) ;
#1579 = DIRECTION ( 'NONE',  ( -0.000000000000000000, 1.000000000000000000, -0.000000000000000000 ) ) ;
#1580 = ORIENTED_EDGE ( 'NONE', *, *, #4979, .T. ) ;
#1581 = EDGE_CURVE ( 'NONE', #6347, #2872, #1067, .T. ) ;
#1582 = EDGE_CURVE ( 'NONE', #2830, #6213, #772, .T. ) ;
#1583 = EDGE_CURVE ( 'NONE', #3609, #1170, #3538, .T. ) ;
#1584 = ORIENTED_EDGE ( 'NONE', *, *, #4282, .T. ) ;
#1585 = LINE ( 'NONE', #6898, #5564 ) ;
#1586 = CARTESIAN_POINT ( 'NONE',  ( -3.217691453623594988, 0.2500000000000000000, 1.626794919243334858 ) ) ;
#1587 = EDGE_CURVE ( 'NONE', #4337, #4063, #2357, .T. ) ;
#1588 = AXIS2_PLACEMENT_3D ( 'NONE', #5190, #4214, #6381 ) ;
#1589 = EDGE_CURVE ( 'NONE', #2830, #1008, #4990, .T. ) ;
#1590 = DIRECTION ( 'NONE',  ( 0.000000000000000000, 1.000000000000000000, -0.000000000000000000 ) ) ;
#1591 = DIRECTION ( 'NONE',  ( 0.000000000000000000, 0.000000000000000000, 1.000000000000000000 ) ) ;
#1592 = EDGE_CURVE ( 'NONE', #5529, #5752, #5661, .T. ) ;
#1593 = ORIENTED_EDGE ( 'NONE', *, *, #6460, .T. ) ;
#1594 = DIRECTION ( 'NONE',  ( 1.000000000000000000, 0.000000000000000000, 0.000000000000000000 ) ) ;
#1595 = EDGE_CURVE ( 'NONE', #4642, #2200, #5598, .T. ) ;
#1596 = ORIENTED_EDGE ( 'NONE', *, *, #2576, .F. ) ;
#1597 = ORIENTED_EDGE ( 'NONE', *, *, #1439, .F. ) ;
#1598 = DIRECTION ( 'NONE',  ( -1.000000000000000000, -0.000000000000000000, 8.998007023192930631E-17 ) ) ;
#1599 = DIRECTION ( 'NONE',  ( 1.280553747030123569E-16, 0.000000000000000000, 1.000000000000000000 ) ) ;
#1600 =( LENGTH_UNIT ( ) NAMED_UNIT ( * ) SI_UNIT ( $, .METRE. ) );
#1601 = FACE_OUTER_BOUND ( 'NONE', #2805, .T. ) ;
#1602 = CARTESIAN_POINT ( 'NONE',  ( -2.044981375148589908, 1.000000000000000000, 0.08012472804972692320 ) ) ;
#1603 = DIRECTION ( 'NONE',  ( -0.000000000000000000, 1.000000000000000000, -0.000000000000000000 ) ) ;
#1604 = ORIENTED_EDGE ( 'NONE', *, *, #2931, .T. ) ;
#1605 = ORIENTED_EDGE ( 'NONE', *, *, #427, .F. ) ;
#1606 = LINE ( 'NONE', #3744, #1648 ) ;
#1607 = CARTESIAN_POINT ( 'NONE',  ( -0.6120012254102470406, 1.000000000000000000, 3.608289751529518252 ) ) ;
#1608 = CARTESIAN_POINT ( 'NONE',  ( 3.217691453624106579, 0.5000000000000000000, -1.626794919243333526 ) ) ;
#1609 = ADVANCED_FACE ( 'NONE', ( #1361 ), #5628, .F. ) ;
#1610 = CYLINDRICAL_SURFACE ( 'NONE', #2909, 0.2000000000000000389 ) ;
#1611 = VERTEX_POINT ( 'NONE', #5151 ) ;
#1612 = DIRECTION ( 'NONE',  ( -1.000000000000000000, 0.000000000000000000, 1.036337966848352934E-16 ) ) ;
#1613 = ORIENTED_EDGE ( 'NONE', *, *, #877, .F. ) ;
#1614 =( REPRESENTATION_RELATIONSHIP ('NONE','NONE', #880, #6553 ) REPRESENTATION_RELATIONSHIP_WITH_TRANSFORMATION ( #6262 )SHAPE_REPRESENTATION_RELATIONSHIP( ) );
#1615 = DIRECTION ( 'NONE',  ( -0.000000000000000000, 1.000000000000000000, -0.000000000000000000 ) ) ;
#1616 = DIRECTION ( 'NONE',  ( -0.000000000000000000, 1.000000000000000000, -0.000000000000000000 ) ) ;
#1617 = VECTOR ( 'NONE', #5378, 39.37007874015748143 ) ;
#1618 = EDGE_CURVE ( 'NONE', #816, #2309, #5051, .T. ) ;
#1619 = DIRECTION ( 'NONE',  ( 0.000000000000000000, 0.000000000000000000, -1.000000000000000000 ) ) ;
#1620 = ORIENTED_EDGE ( 'NONE', *, *, #4036, .F. ) ;
#1621 = VECTOR ( 'NONE', #4481, 39.37007874015748143 ) ;
#1622 = EDGE_LOOP ( 'NONE', ( #516, #5488, #1991, #1667 ) ) ;
#1623 = DIRECTION ( 'NONE',  ( 1.280553747030123569E-16, 0.000000000000000000, 1.000000000000000000 ) ) ;
#1624 = ADVANCED_FACE ( 'NONE', ( #6058 ), #837, .F. ) ;
#1625 = CIRCLE ( 'NONE', #6537, 0.2000000000000003164 ) ;
#1626 = CARTESIAN_POINT ( 'NONE',  ( -3.462783069340739317, 0.000000000000000000, 0.2585990237437587602 ) ) ;
#1627 = PLANE ( 'NONE',  #3862 ) ;
#1628 = ORIENTED_EDGE ( 'NONE', *, *, #722, .F. ) ;
#1629 = ORIENTED_EDGE ( 'NONE', *, *, #3037, .F. ) ;
#1630 = EDGE_LOOP ( 'NONE', ( #2319, #5040, #6424, #1519 ) ) ;
#1631 = AXIS2_PLACEMENT_3D ( 'NONE', #4537, #6572, #6147 ) ;
#1632 = CARTESIAN_POINT ( 'NONE',  ( 0.4340147425487537736, -0.3500000000000000333, 0.5999999999999999778 ) ) ;
#1633 = EDGE_CURVE ( 'NONE', #4292, #5238, #3938, .T. ) ;
#1634 = CARTESIAN_POINT ( 'NONE',  ( 0.8555891799356175609, -0.3500000000000000333, -0.5631422929899629892 ) ) ;
#1635 =( NAMED_UNIT ( * ) PLANE_ANGLE_UNIT ( ) SI_UNIT ( $, .RADIAN. ) );
#1636 = DIRECTION ( 'NONE',  ( -0.000000000000000000, 1.000000000000000000, -0.000000000000000000 ) ) ;
#1637 = CARTESIAN_POINT ( 'NONE',  ( 3.462783069340739317, 1.000000000000000000, 0.2585990237438039463 ) ) ;
#1638 = SURFACE_STYLE_USAGE ( .BOTH. , #5339 ) ;
#1639 = ORIENTED_EDGE ( 'NONE', *, *, #4915, .F. ) ;
#1640 = ORIENTED_EDGE ( 'NONE', *, *, #635, .T. ) ;
#1641 = EDGE_CURVE ( 'NONE', #6042, #530, #2421, .T. ) ;
#1642 = CARTESIAN_POINT ( 'NONE',  ( -0.2170073712743766925, -0.3500000000000000333, 0.3000000000000000999 ) ) ;
#1643 = VECTOR ( 'NONE', #250, 39.37007874015748143 ) ;
#1644 = CARTESIAN_POINT ( 'NONE',  ( 2.818869976334500649, 0.000000000000000000, -2.334153484117214461 ) ) ;
#1645 = CARTESIAN_POINT ( 'NONE',  ( -1.506366858664282660, 0.000000000000000000, -3.126278588807878567 ) ) ;
#1646 = DIRECTION ( 'NONE',  ( 0.8660254037844385966, 0.000000000000000000, 0.4999999999999998335 ) ) ;
#1647 = ORIENTED_EDGE ( 'NONE', *, *, #2606, .T. ) ;
#1648 = VECTOR ( 'NONE', #2700, 39.37007874015748854 ) ;
#1649 = FACE_OUTER_BOUND ( 'NONE', #640, .T. ) ;
#1650 = ORIENTED_EDGE ( 'NONE', *, *, #3984, .F. ) ;
#1651 = FACE_OUTER_BOUND ( 'NONE', #1862, .T. ) ;
#1652 = CARTESIAN_POINT ( 'NONE',  ( 1.332398236215170284, 1.000000000000000000, 1.817014648731390958 ) ) ;
#1653 = LINE ( 'NONE', #3787, #2122 ) ;
#1654 = FACE_OUTER_BOUND ( 'NONE', #3909, .T. ) ;
#1655 = ORIENTED_EDGE ( 'NONE', *, *, #695, .F. ) ;
#1656 = AXIS2_PLACEMENT_3D ( 'NONE', #3644, #6858, #2075 ) ;
#1657 = ORIENTED_EDGE ( 'NONE', *, *, #2470, .T. ) ;
#1658 = DIRECTION ( 'NONE',  ( -0.000000000000000000, 1.000000000000000000, -0.000000000000000000 ) ) ;
#1659 = CARTESIAN_POINT ( 'NONE',  ( -0.6590147425487540289, 1.000000000000000000, -3.399999999999999911 ) ) ;
#1660 = PRESENTATION_LAYER_ASSIGNMENT (  '', '', ( #2441 ) ) ;
#1661 = EDGE_CURVE ( 'NONE', #4326, #1261, #5561, .T. ) ;
#1662 = DIRECTION ( 'NONE',  ( 0.000000000000000000, 1.000000000000000000, -0.000000000000000000 ) ) ;
#1663 = DIRECTION ( 'NONE',  ( 0.000000000000000000, 0.000000000000000000, -1.000000000000000000 ) ) ;
#1664 = ORIENTED_EDGE ( 'NONE', *, *, #3293, .T. ) ;
#1665 = SHAPE_DEFINITION_REPRESENTATION ( #6215, #3481 ) ;
#1666 = AXIS2_PLACEMENT_3D ( 'NONE', #6097, #1299, #1368 ) ;
#1667 = ORIENTED_EDGE ( 'NONE', *, *, #801, .T. ) ;
#1668 = AXIS2_PLACEMENT_3D ( 'NONE', #6385, #5026, #1808 ) ;
#1669 = ORIENTED_EDGE ( 'NONE', *, *, #4739, .F. ) ;
#1670 = DIRECTION ( 'NONE',  ( -0.000000000000000000, -1.000000000000000000, -0.000000000000000000 ) ) ;
#1671 = DIRECTION ( 'NONE',  ( 0.000000000000000000, 1.000000000000000000, 0.000000000000000000 ) ) ;
#1672 = CARTESIAN_POINT ( 'NONE',  ( -1.107901811215977528, 2.311796791384322702, 1.547895283406760969 ) ) ;
#1673 = CIRCLE ( 'NONE', #4798, 0.2000000000000000389 ) ;
#1674 = CARTESIAN_POINT ( 'NONE',  ( -3.017691453623594811, 0.5000000000000000000, 1.973205080757110208 ) ) ;
#1675 = LINE ( 'NONE', #503, #377 ) ;
#1676 = ADVANCED_FACE ( 'NONE', ( #4589 ), #3972, .T. ) ;
#1677 = DIRECTION ( 'NONE',  ( -0.000000000000000000, 1.000000000000000000, -0.000000000000000000 ) ) ;
#1678 = ORIENTED_EDGE ( 'NONE', *, *, #3946, .T. ) ;
#1679 = ORIENTED_EDGE ( 'NONE', *, *, #5638, .F. ) ;
#1680 = VECTOR ( 'NONE', #964, 39.37007874015748143 ) ;
#1681 = VECTOR ( 'NONE', #5605, 39.37007874015748143 ) ;
#1682 = PLANE ( 'NONE',  #967 ) ;
#1683 = DIRECTION ( 'NONE',  ( -0.5000000000000037748, 0.000000000000000000, 0.8660254037844364872 ) ) ;
#1684 = EDGE_CURVE ( 'NONE', #4324, #4086, #6092, .T. ) ;
#1685 = ORIENTED_EDGE ( 'NONE', *, *, #6513, .F. ) ;
#1686 = AXIS2_PLACEMENT_3D ( 'NONE', #5187, #493, #2646 ) ;
#1687 = EDGE_CURVE ( 'NONE', #3987, #6819, #383, .T. ) ;
#1688 = LINE ( 'NONE', #4307, #1959 ) ;
#1689 = EDGE_LOOP ( 'NONE', ( #5267, #613, #2274, #4458 ) ) ;
#1690 = DIRECTION ( 'NONE',  ( 0.000000000000000000, 0.000000000000000000, 1.000000000000000000 ) ) ;
#1691 = AXIS2_PLACEMENT_3D ( 'NONE', #1066, #926, #3211 ) ;
#1692 = LINE ( 'NONE', #6511, #4662 ) ;
#1693 = CARTESIAN_POINT ( 'NONE',  ( 0.000000000000000000, 0.000000000000000000, 0.000000000000000000 ) ) ;
#1694 = CARTESIAN_POINT ( 'NONE',  ( 1.680643291471281664, 1.000000000000000000, -3.028157617715626859 ) ) ;
#1695 = ORIENTED_EDGE ( 'NONE', *, *, #2307, .T. ) ;
#1696 = EDGE_CURVE ( 'NONE', #3054, #5681, #4538, .T. ) ;
#1697 = ORIENTED_EDGE ( 'NONE', *, *, #2242, .F. ) ;
#1698 = LINE ( 'NONE', #3834, #1515 ) ;
#1699 = LINE ( 'NONE', #2753, #6004 ) ;
#1700 = LINE ( 'NONE', #1626, #4470 ) ;
#1701 = DIRECTION ( 'NONE',  ( 1.000000000000000000, 0.000000000000000000, 0.000000000000000000 ) ) ;
#1702 = PRODUCT_DEFINITION_CONTEXT ( 'detailed design', #2247, 'design' ) ;
#1703 = VERTEX_POINT ( 'NONE', #3056 ) ;
#1704 = PRODUCT_CONTEXT ( 'NONE', #4771, 'mechanical' ) ;
#1705 = ORIENTED_EDGE ( 'NONE', *, *, #1633, .T. ) ;
#1706 = ORIENTED_EDGE ( 'NONE', *, *, #4416, .F. ) ;
#1707 = CARTESIAN_POINT ( 'NONE',  ( -0.4340147425487533850, 0.5000000000000000000, 0.6000000000000001998 ) ) ;
#1708 = CIRCLE ( 'NONE', #3917, 0.2000000000000000389 ) ;
#1709 = DIRECTION ( 'NONE',  ( 0.000000000000000000, 1.000000000000000000, -0.000000000000000000 ) ) ;
#1710 = DIRECTION ( 'NONE',  ( 0.000000000000000000, 1.000000000000000000, -0.000000000000000000 ) ) ;
#1711 = CARTESIAN_POINT ( 'NONE',  ( -0.2170073712743766925, 0.3500000000000000333, 0.4000000000000000777 ) ) ;
#1712 = CARTESIAN_POINT ( 'NONE',  ( -3.599999999999744738, 0.2500000000000000000, 0.2000000000002559453 ) ) ;
#1713 = VECTOR ( 'NONE', #5766, 39.37007874015748143 ) ;
#1714 = EDGE_LOOP ( 'NONE', ( #2009, #5030, #2545, #5938 ) ) ;
#1715 = VERTEX_POINT ( 'NONE', #6225 ) ;
#1716 = FACE_BOUND ( 'NONE', #5014, .T. ) ;
#1717 = FILL_AREA_STYLE ('',( #6501 ) ) ;
#1718 = ADVANCED_FACE ( 'NONE', ( #1501 ), #1538, .F. ) ;
#1719 = DIRECTION ( 'NONE',  ( -0.3420201433256755408, 0.000000000000000000, 0.9396926207859059854 ) ) ;
#1720 = ADVANCED_FACE ( 'NONE', ( #3089 ), #3683, .F. ) ;
#1721 = DIRECTION ( 'NONE',  ( 0.000000000000000000, -0.000000000000000000, 1.000000000000000000 ) ) ;
#1722 = ORIENTED_EDGE ( 'NONE', *, *, #4416, .T. ) ;
#1723 = LINE ( 'NONE', #5946, #4983 ) ;
#1724 = EDGE_LOOP ( 'NONE', ( #207, #6505, #1814, #192, #3732, #928, #2088, #1650, #4127 ) ) ;
#1725 = DIRECTION ( 'NONE',  ( 0.5000000000000006661, 0.000000000000000000, 0.8660254037844382635 ) ) ;
#1726 = CARTESIAN_POINT ( 'NONE',  ( -1.973205080756410101, 0.2500000000000000000, 3.017691453624107289 ) ) ;
#1727 = ADVANCED_FACE ( 'NONE', ( #2563 ), #3720, .F. ) ;
#1728 = DIRECTION ( 'NONE',  ( -1.000000000000000000, 0.000000000000000000, 1.036337966848352934E-16 ) ) ;
#1729 = DIRECTION ( 'NONE',  ( -0.000000000000000000, 1.000000000000000000, -0.000000000000000000 ) ) ;
#1730 = VERTEX_POINT ( 'NONE', #4689 ) ;
#1731 = ORIENTED_EDGE ( 'NONE', *, *, #4141, .T. ) ;
#1732 = LINE ( 'NONE', #6584, #185 ) ;
#1733 = AXIS2_PLACEMENT_3D ( 'NONE', #748, #1777, #2836 ) ;
#1734 = EDGE_CURVE ( 'NONE', #2562, #1387, #6823, .T. ) ;
#1735 = DIRECTION ( 'NONE',  ( -0.000000000000000000, 1.000000000000000000, -0.000000000000000000 ) ) ;
#1736 = CIRCLE ( 'NONE', #2750, 0.1999999999999999278 ) ;
#1737 = ORIENTED_EDGE ( 'NONE', *, *, #5219, .F. ) ;
#1738 = EDGE_LOOP ( 'NONE', ( #6549, #2218, #5294, #2361 ) ) ;
#1739 = CARTESIAN_POINT ( 'NONE',  ( 0.2170073712743769700, 0.3500000000000000333, 0.4000000000000000222 ) ) ;
#1740 = FACE_OUTER_BOUND ( 'NONE', #6180, .T. ) ;
#1741 = CARTESIAN_POINT ( 'NONE',  ( 1.015762963824640597, 2.311796791384322702, 0.2905428389187428295 ) ) ;
#1742 = DIRECTION ( 'NONE',  ( 0.8660254037844383745, 0.000000000000000000, -0.5000000000000004441 ) ) ;
#1743 = DIRECTION ( 'NONE',  ( 0.1842885350501852204, 0.000000000000000000, 0.9828721869343218787 ) ) ;
#1744 = VECTOR ( 'NONE', #1658, 39.37007874015748143 ) ;
#1745 = VERTEX_POINT ( 'NONE', #5812 ) ;
#1746 = VERTEX_POINT ( 'NONE', #5212 ) ;
#1747 = ORIENTED_EDGE ( 'NONE', *, *, #3374, .T. ) ;
#1748 = ADVANCED_FACE ( 'NONE', ( #2639 ), #2003, .F. ) ;
#1749 = FACE_OUTER_BOUND ( 'NONE', #6205, .T. ) ;
#1750 = AXIS2_PLACEMENT_3D ( 'NONE', #4675, #6811, #5723 ) ;
#1751 = DIRECTION ( 'NONE',  ( 1.000000000000000000, 0.000000000000000000, 0.000000000000000000 ) ) ;
#1752 = FACE_OUTER_BOUND ( 'NONE', #6531, .T. ) ;
#1753 = ORIENTED_EDGE ( 'NONE', *, *, #594, .F. ) ;
#1754 = DIRECTION ( 'NONE',  ( 0.000000000000000000, 0.000000000000000000, 1.000000000000000000 ) ) ;
#1755 =( NAMED_UNIT ( * ) PLANE_ANGLE_UNIT ( ) SI_UNIT ( $, .RADIAN. ) );
#1756 = ORIENTED_EDGE ( 'NONE', *, *, #6195, .F. ) ;
#1757 = DIRECTION ( 'NONE',  ( -0.9848077530122063550, 0.000000000000000000, -0.1736481776669399624 ) ) ;
#1758 = LINE ( 'NONE', #5355, #6569 ) ;
#1759 = CARTESIAN_POINT ( 'NONE',  ( 0.9073817267422482624, 0.000000000000000000, -2.062398044885616510 ) ) ;
#1760 = AXIS2_PLACEMENT_3D ( 'NONE', #4476, #1283, #5550 ) ;
#1761 = CARTESIAN_POINT ( 'NONE',  ( 3.340361252238959189, 1.000000000000000000, 0.9406091814676557084 ) ) ;
#1762 = ORIENTED_EDGE ( 'NONE', *, *, #5619, .F. ) ;
#1763 = EDGE_CURVE ( 'NONE', #5340, #551, #5535, .T. ) ;
#1764 = EDGE_LOOP ( 'NONE', ( #5509, #2305, #6446, #687 ) ) ;
#1765 = AXIS2_PLACEMENT_3D ( 'NONE', #5085, #2503, #3450 ) ;
#1766 = PLANE ( 'NONE',  #616 ) ;
#1767 = EDGE_CURVE ( 'NONE', #6095, #4450, #2528, .T. ) ;
#1768 = CARTESIAN_POINT ( 'NONE',  ( 1.746607323071575735, 0.000000000000000000, -1.206318475930117096 ) ) ;
#1769 = EDGE_CURVE ( 'NONE', #3116, #5690, #2535, .T. ) ;
#1770 = ORIENTED_EDGE ( 'NONE', *, *, #3863, .T. ) ;
#1771 = ORIENTED_EDGE ( 'NONE', *, *, #1154, .F. ) ;
#1772 = PLANE ( 'NONE',  #3673 ) ;
#1773 = AXIS2_PLACEMENT_3D ( 'NONE', #2032, #4194, #6815 ) ;
#1774 = LINE ( 'NONE', #782, #4791 ) ;
#1775 = CARTESIAN_POINT ( 'NONE',  ( -1.926512838857375787, 2.311796791384322702, 3.876148541072684583 ) ) ;
#1776 = CARTESIAN_POINT ( 'NONE',  ( -1.231272515972432924, 0.000000000000000000, 3.382893434829260748 ) ) ;
#1777 = DIRECTION ( 'NONE',  ( 0.000000000000000000, 1.000000000000000000, -0.000000000000000000 ) ) ;
#1778 = VECTOR ( 'NONE', #6407, 39.37007874015748143 ) ;
#1779 = VERTEX_POINT ( 'NONE', #6786 ) ;
#1780 = VERTEX_POINT ( 'NONE', #4140 ) ;
#1781 = ORIENTED_EDGE ( 'NONE', *, *, #142, .F. ) ;
#1782 = CARTESIAN_POINT ( 'NONE',  ( -1.999999999999744649, 0.2500000000000000000, -0.1999999999997443545 ) ) ;
#1783 = AXIS2_PLACEMENT_3D ( 'NONE', #1125, #4870, #76 ) ;
#1784 = AXIS2_PLACEMENT_3D ( 'NONE', #2363, #3914, #6098 ) ;
#1785 =( CONVERSION_BASED_UNIT ( 'INCH', #4381 ) LENGTH_UNIT ( ) NAMED_UNIT ( #1007 ) );
#1786 = ORIENTED_EDGE ( 'NONE', *, *, #695, .T. ) ;
#1787 = EDGE_CURVE ( 'NONE', #2240, #2289, #6264, .T. ) ;
#1788 = FACE_OUTER_BOUND ( 'NONE', #6802, .T. ) ;
#1789 = VECTOR ( 'NONE', #6635, 39.37007874015748854 ) ;
#1790 = VECTOR ( 'NONE', #828, 39.37007874015748854 ) ;
#1791 = ORIENTED_EDGE ( 'NONE', *, *, #6201, .T. ) ;
#1792 = FACE_OUTER_BOUND ( 'NONE', #6829, .T. ) ;
#1793 = CARTESIAN_POINT ( 'NONE',  ( -1.999999999999744649, 0.5000000000000000000, 2.556729201937213570E-13 ) ) ;
#1794 = CARTESIAN_POINT ( 'NONE',  ( 0.3295073712743767924, 0.3500000000000000333, -0.4000000000000000777 ) ) ;
#1795 = AXIS2_PLACEMENT_3D ( 'NONE', #3664, #5758, #3111 ) ;
#1796 = DIRECTION ( 'NONE',  ( 0.1736481776669406007, 0.000000000000000000, -0.9848077530122062440 ) ) ;
#1797 = ORIENTED_EDGE ( 'NONE', *, *, #4929, .T. ) ;
#1798 = EDGE_CURVE ( 'NONE', #6897, #4326, #5318, .T. ) ;
#1799 = ORIENTED_EDGE ( 'NONE', *, *, #4708, .T. ) ;
#1800 = AXIS2_PLACEMENT_3D ( 'NONE', #6040, #3323, #2332 ) ;
#1801 = DIRECTION ( 'NONE',  ( 0.000000000000000000, 0.000000000000000000, -1.000000000000000000 ) ) ;
#1802 = LINE ( 'NONE', #3939, #84 ) ;
#1803 = ADVANCED_FACE ( 'NONE', ( #5983 ), #1223, .T. ) ;
#1804 = AXIS2_PLACEMENT_3D ( 'NONE', #6455, #5376, #2269 ) ;
#1805 = ORIENTED_EDGE ( 'NONE', *, *, #877, .T. ) ;
#1806 = ORIENTED_EDGE ( 'NONE', *, *, #4969, .F. ) ;
#1807 = DIRECTION ( 'NONE',  ( -1.000000000000000000, -0.000000000000000000, 1.036337966848352934E-16 ) ) ;
#1808 = DIRECTION ( 'NONE',  ( 0.000000000000000000, 0.000000000000000000, -1.000000000000000000 ) ) ;
#1809 = ADVANCED_FACE ( 'NONE', ( #1651 ), #2779, .F. ) ;
#1810 = CARTESIAN_POINT ( 'NONE',  ( 1.000000000000477174, 0.5000000000000000000, 1.732050807568749295 ) ) ;
#1811 = EDGE_CURVE ( 'NONE', #3768, #6042, #4946, .T. ) ;
#1812 = CARTESIAN_POINT ( 'NONE',  ( 2.000000000000255351, 0.2500000000000000000, -2.554279908338918867E-13 ) ) ;
#1813 = CARTESIAN_POINT ( 'NONE',  ( -1.515043436294513990, 1.000000000000000000, 1.375867792664168476 ) ) ;
#1814 = ORIENTED_EDGE ( 'NONE', *, *, #1583, .F. ) ;
#1815 = PRODUCT ( 'MagnetHousingPlate', 'MagnetHousingPlate', '', ( #6646 ) ) ;
#1816 = VERTEX_POINT ( 'NONE', #623 ) ;
#1817 = ORIENTED_EDGE ( 'NONE', *, *, #2602, .T. ) ;
#1818 = DIRECTION ( 'NONE',  ( 0.000000000000000000, 1.000000000000000000, -0.000000000000000000 ) ) ;
#1819 = DIRECTION ( 'NONE',  ( 1.280553747030123569E-16, 0.000000000000000000, 1.000000000000000000 ) ) ;
#1820 =( GEOMETRIC_REPRESENTATION_CONTEXT ( 3 ) GLOBAL_UNCERTAINTY_ASSIGNED_CONTEXT ( ( #4212 ) ) GLOBAL_UNIT_ASSIGNED_CONTEXT ( ( #4365, #4482, #50 ) ) REPRESENTATION_CONTEXT ( 'NONE', 'WORKASPACE' ) );
#1821 = VERTEX_POINT ( 'NONE', #2211 ) ;
#1822 = LINE ( 'NONE', #206, #834 ) ;
#1823 = ORIENTED_EDGE ( 'NONE', *, *, #1894, .F. ) ;
#1824 = CARTESIAN_POINT ( 'NONE',  ( -0.6305891799356175831, 0.5000000000000000000, 0.6368577070100371884 ) ) ;
#1825 = CARTESIAN_POINT ( 'NONE',  ( 2.000000000000255351, 0.2500000000000000000, 0.1999999999997445765 ) ) ;
#1826 = PLANE ( 'NONE',  #6240 ) ;
#1827 = EDGE_LOOP ( 'NONE', ( #1781, #4469, #5063, #1817 ) ) ;
#1828 = CARTESIAN_POINT ( 'NONE',  ( 0.2170073712743769700, 0.3500000000000000333, 0.4000000000000000777 ) ) ;
#1829 = VERTEX_POINT ( 'NONE', #4387 ) ;
#1830 = DIRECTION ( 'NONE',  ( 0.000000000000000000, 0.000000000000000000, -1.000000000000000000 ) ) ;
#1831 = EDGE_CURVE ( 'NONE', #5037, #4292, #1190, .T. ) ;
#1832 = LINE ( 'NONE', #807, #2781 ) ;
#1833 = EDGE_CURVE ( 'NONE', #5752, #2294, #697, .T. ) ;
#1834 = EDGE_CURVE ( 'NONE', #34, #2360, #6542, .T. ) ;
#1835 = ORIENTED_EDGE ( 'NONE', *, *, #1661, .F. ) ;
#1836 = ORIENTED_EDGE ( 'NONE', *, *, #5673, .F. ) ;
#1837 = DIRECTION ( 'NONE',  ( 0.8660254037844383745, 0.000000000000000000, -0.5000000000000004441 ) ) ;
#1838 = ADVANCED_FACE ( 'NONE', ( #6510 ), #4348, .F. ) ;
#1839 = LINE ( 'NONE', #1338, #1215 ) ;
#1840 = LINE ( 'NONE', #290, #3139 ) ;
#1841 = DIRECTION ( 'NONE',  ( 0.000000000000000000, 0.000000000000000000, 1.000000000000000000 ) ) ;
#1842 = ORIENTED_EDGE ( 'NONE', *, *, #6497, .F. ) ;
#1843 = ORIENTED_EDGE ( 'NONE', *, *, #1201, .F. ) ;
#1844 = ORIENTED_EDGE ( 'NONE', *, *, #4836, .F. ) ;
#1845 = VECTOR ( 'NONE', #6659, 39.37007874015748854 ) ;
#1846 = ADVANCED_FACE ( 'NONE', ( #6474 ), #3338, .F. ) ;
#1847 = DIRECTION ( 'NONE',  ( 0.000000000000000000, 0.000000000000000000, 1.000000000000000000 ) ) ;
#1848 = CARTESIAN_POINT ( 'NONE',  ( 0.000000000000000000, 0.000000000000000000, 0.000000000000000000 ) ) ;
#1849 = VECTOR ( 'NONE', #585, 39.37007874015748854 ) ;
#1850 = DIRECTION ( 'NONE',  ( 4.268512490100412511E-17, 0.000000000000000000, 1.000000000000000000 ) ) ;
#1851 = ORIENTED_EDGE ( 'NONE', *, *, #6218, .F. ) ;
#1852 = DIRECTION ( 'NONE',  ( 0.000000000000000000, 1.000000000000000000, 0.000000000000000000 ) ) ;
#1853 = ORIENTED_EDGE ( 'NONE', *, *, #1160, .T. ) ;
#1854 = PLANE ( 'NONE',  #4323 ) ;
#1855 = CIRCLE ( 'NONE', #2762, 0.2000000000000000389 ) ;
#1856 = CARTESIAN_POINT ( 'NONE',  ( -2.817205532429103432, 0.000000000000000000, -2.026354341118929980 ) ) ;
#1857 = CARTESIAN_POINT ( 'NONE',  ( 2.614979001592705021, 1.000000000000000000, 2.270723508515694267 ) ) ;
#1858 =( NAMED_UNIT ( * ) SI_UNIT ( $, .STERADIAN. ) SOLID_ANGLE_UNIT ( ) );
#1859 = ORIENTED_EDGE ( 'NONE', *, *, #3997, .T. ) ;
#1860 = CARTESIAN_POINT ( 'NONE',  ( -3.460620106547134700, 0.000000000000000000, 0.2585873273816302609 ) ) ;
#1861 = SHAPE_DEFINITION_REPRESENTATION ( #4654, #2002 ) ;
#1862 = EDGE_LOOP ( 'NONE', ( #267, #1629, #4345, #1527 ) ) ;
#1863 = DIRECTION ( 'NONE',  ( -1.000000000000000000, 0.000000000000000000, 1.493979371535144410E-16 ) ) ;
#1864 = DIRECTION ( 'NONE',  ( -0.000000000000000000, 1.000000000000000000, -0.000000000000000000 ) ) ;
#1865 = VECTOR ( 'NONE', #1151, 39.37007874015748143 ) ;
#1866 = PRODUCT_DEFINITION_SHAPE ( 'NONE', 'NONE',  #6918 ) ;
#1867 = EDGE_CURVE ( 'NONE', #4044, #5910, #37, .T. ) ;
#1868 = VECTOR ( 'NONE', #6303, 39.37007874015748143 ) ;
#1869 = VERTEX_POINT ( 'NONE', #3301 ) ;
#1870 = DIRECTION ( 'NONE',  ( 0.5000000000000006661, 0.000000000000000000, 0.8660254037844382635 ) ) ;
#1871 = CARTESIAN_POINT ( 'NONE',  ( -3.217691453623852560, 0.5000000000000000000, -1.626794919242888549 ) ) ;
#1872 = DIRECTION ( 'NONE',  ( 0.000000000000000000, 1.000000000000000000, -0.000000000000000000 ) ) ;
#1873 = AXIS2_PLACEMENT_3D ( 'NONE', #6892, #5875, #5773 ) ;
#1874 = DIRECTION ( 'NONE',  ( -0.000000000000000000, 1.000000000000000000, -0.000000000000000000 ) ) ;
#1875 = DIRECTION ( 'NONE',  ( 0.000000000000000000, 1.000000000000000000, 0.000000000000000000 ) ) ;
#1876 = ADVANCED_FACE ( 'NONE', ( #5874, #3229 ), #4310, .F. ) ;
#1877 = ORIENTED_EDGE ( 'NONE', *, *, #588, .T. ) ;
#1878 = ORIENTED_EDGE ( 'NONE', *, *, #3750, .F. ) ;
#1879 = CIRCLE ( 'NONE', #3666, 0.2000000000000000389 ) ;
#1880 = ORIENTED_EDGE ( 'NONE', *, *, #2499, .F. ) ;
#1881 = CARTESIAN_POINT ( 'NONE',  ( -3.117691453623594899, 0.5000000000000000000, 1.800000000000222533 ) ) ;
#1882 = VECTOR ( 'NONE', #659, 39.37007874015748143 ) ;
#1883 =( NAMED_UNIT ( * ) SI_UNIT ( $, .STERADIAN. ) SOLID_ANGLE_UNIT ( ) );
#1884 = VECTOR ( 'NONE', #64, 39.37007874015748143 ) ;
#1885 = ADVANCED_FACE ( 'NONE', ( #2709 ), #6433, .F. ) ;
#1886 = LINE ( 'NONE', #2374, #1789 ) ;
#1887 = ORIENTED_EDGE ( 'NONE', *, *, #3588, .F. ) ;
#1888 = DIRECTION ( 'NONE',  ( 0.5000000000000004441, -0.000000000000000000, 0.8660254037844383745 ) ) ;
#1889 = ORIENTED_EDGE ( 'NONE', *, *, #3511, .F. ) ;
#1890 = AXIS2_PLACEMENT_3D ( 'NONE', #6789, #1971, #195 ) ;
#1891 = AXIS2_PLACEMENT_3D ( 'NONE', #2862, #2330, #3418 ) ;
#1892 = PLANE ( 'NONE',  #3204 ) ;
#1893 = CARTESIAN_POINT ( 'NONE',  ( 3.545307910843950694, 1.000000000000000000, -0.6251334396009387007 ) ) ;
#1894 = EDGE_CURVE ( 'NONE', #3125, #4810, #4976, .T. ) ;
#1895 = CARTESIAN_POINT ( 'NONE',  ( -1.832050807568493589, 0.2500000000000000000, 0.8267949192433343697 ) ) ;
#1896 = EDGE_CURVE ( 'NONE', #5702, #6868, #2879, .T. ) ;
#1897 = PRESENTATION_STYLE_ASSIGNMENT (( #6678 ) ) ;
#1898 = VERTEX_POINT ( 'NONE', #1351 ) ;
#1899 = AXIS2_PLACEMENT_3D ( 'NONE', #1694, #2146, #5359 ) ;
#1900 = CIRCLE ( 'NONE', #324, 0.5000000000000000000 ) ;
#1901 = CARTESIAN_POINT ( 'NONE',  ( 0.6590147425487534738, 0.5000000000000000000, -0.7999999999999999334 ) ) ;
#1902 = ITEM_DEFINED_TRANSFORMATION ( 'NONE', 'NONE', #4813,  #3479 ) ;
#1903 = ORIENTED_EDGE ( 'NONE', *, *, #559, .F. ) ;
#1904 = FACE_BOUND ( 'NONE', #2018, .T. ) ;
#1905 = CIRCLE ( 'NONE', #2575, 0.1000000000000000194 ) ;
#1906 = EDGE_CURVE ( 'NONE', #1271, #1746, #2654, .T. ) ;
#1907 = ORIENTED_EDGE ( 'NONE', *, *, #2929, .T. ) ;
#1908 = CARTESIAN_POINT ( 'NONE',  ( 0.6305891799356178051, -0.3500000000000000333, 0.6368577070100370774 ) ) ;
#1909 = FACE_OUTER_BOUND ( 'NONE', #6013, .T. ) ;
#1910 = CARTESIAN_POINT ( 'NONE',  ( 0.6120012254101984128, 0.000000000000000000, 3.608289751529527578 ) ) ;
#1911 = VECTOR ( 'NONE', #1950, 39.37007874015748854 ) ;
#1912 = CYLINDRICAL_SURFACE ( 'NONE', #1118, 0.1999999999999997891 ) ;
#1913 = DIRECTION ( 'NONE',  ( -0.9433365500833815753, 0.000000000000000000, -0.3318375404874855938 ) ) ;
#1914 = ORIENTED_EDGE ( 'NONE', *, *, #3022, .F. ) ;
#1915 = ORIENTED_EDGE ( 'NONE', *, *, #6071, .F. ) ;
#1916 = EDGE_LOOP ( 'NONE', ( #5427, #3364, #5439, #3734 ) ) ;
#1917 = ADVANCED_FACE ( 'NONE', ( #4579 ), #1854, .F. ) ;
#1918 = ADVANCED_FACE ( 'NONE', ( #1792 ), #5008, .F. ) ;
#1919 = CARTESIAN_POINT ( 'NONE',  ( -1.688248517051402331, 0.000000000000000000, 1.475867792664167899 ) ) ;
#1920 = LINE ( 'NONE', #3526, #1569 ) ;
#1921 = CARTESIAN_POINT ( 'NONE',  ( -0.4340147425487533850, 0.5000000000000000000, 0.6000000000000001998 ) ) ;
#1922 = ORIENTED_EDGE ( 'NONE', *, *, #1240, .F. ) ;
#1923 = CARTESIAN_POINT ( 'NONE',  ( -1.688248517051402331, 1.000000000000000000, 1.475867792664167899 ) ) ;
#1924 = VERTEX_POINT ( 'NONE', #3502 ) ;
#1925 = CARTESIAN_POINT ( 'NONE',  ( 1.231272515972387183, 0.000000000000000000, 3.382893434829278512 ) ) ;
#1926 = EDGE_CURVE ( 'NONE', #5956, #666, #6674, .T. ) ;
#1927 = PRODUCT_DEFINITION_SHAPE ( 'NONE', 'NONE',  #6921 ) ;
#1928 = LINE ( 'NONE', #2882, #6224 ) ;
#1929 = EDGE_CURVE ( 'NONE', #2200, #4044, #4540, .T. ) ;
#1930 = CARTESIAN_POINT ( 'NONE',  ( -0.2000000000000000111, 0.2500000000000000000, -3.599999999999999645 ) ) ;
#1931 = CARTESIAN_POINT ( 'NONE',  ( -0.9999999999995230482, 0.2500000000000000000, 1.732050807569005313 ) ) ;
#1932 = ORIENTED_EDGE ( 'NONE', *, *, #3354, .F. ) ;
#1933 = DIRECTION ( 'NONE',  ( -0.4999999999999996114, 0.000000000000000000, 0.8660254037844388186 ) ) ;
#1934 = ITEM_DEFINED_TRANSFORMATION ( 'NONE', 'NONE', #2703,  #3479 ) ;
#1935 = VERTEX_POINT ( 'NONE', #5618 ) ;
#1936 = EDGE_CURVE ( 'NONE', #2288, #5227, #5438, .T. ) ;
#1937 = EDGE_CURVE ( 'NONE', #6078, #696, #5104, .T. ) ;
#1938 = CARTESIAN_POINT ( 'NONE',  ( 0.6305891799356182492, 0.000000000000000000, -2.163142292989963966 ) ) ;
#1939 = CARTESIAN_POINT ( 'NONE',  ( -0.8267949192426353733, 0.2500000000000000000, 1.832050807569004958 ) ) ;
#1940 = ORIENTED_EDGE ( 'NONE', *, *, #3309, .T. ) ;
#1941 = DIRECTION ( 'NONE',  ( -0.000000000000000000, -0.000000000000000000, -1.000000000000000000 ) ) ;
#1942 = DIRECTION ( 'NONE',  ( 0.1842885350501851371, 0.000000000000000000, -0.9828721869343218787 ) ) ;
#1943 = CARTESIAN_POINT ( 'NONE',  ( -0.3295073712743759597, 0.3499999999999999778, -0.4000000000000000777 ) ) ;
#1944 = CARTESIAN_POINT ( 'NONE',  ( -0.5435971967451100895, 0.000000000000000000, 3.420351227372337988 ) ) ;
#1945 = CARTESIAN_POINT ( 'NONE',  ( 2.314035394871545748, 0.000000000000000000, -2.757759995228317607 ) ) ;
#1946 = ORIENTED_EDGE ( 'NONE', *, *, #2061, .F. ) ;
#1947 = ORIENTED_EDGE ( 'NONE', *, *, #3992, .F. ) ;
#1948 = EDGE_LOOP ( 'NONE', ( #2209, #3552, #4473, #4139 ) ) ;
#1949 = PLANE ( 'NONE',  #2341 ) ;
#1950 = DIRECTION ( 'NONE',  ( 0.1842885350501852204, 0.000000000000000000, 0.9828721869343218787 ) ) ;
#1951 = DIRECTION ( 'NONE',  ( 0.000000000000000000, -0.000000000000000000, 1.000000000000000000 ) ) ;
#1952 = EDGE_LOOP ( 'NONE', ( #3257, #2924, #1771, #2311 ) ) ;
#1953 = VECTOR ( 'NONE', #5090, 39.37007874015748143 ) ;
#1954 = LINE ( 'NONE', #1414, #2977 ) ;
#1955 = EDGE_CURVE ( 'NONE', #4299, #2667, #3887, .T. ) ;
#1956 = ORIENTED_EDGE ( 'NONE', *, *, #3165, .T. ) ;
#1957 = DIRECTION ( 'NONE',  ( -0.000000000000000000, 1.000000000000000000, -0.000000000000000000 ) ) ;
#1958 = DIRECTION ( 'NONE',  ( 1.280553747030123075E-16, 0.000000000000000000, 1.000000000000000000 ) ) ;
#1959 = VECTOR ( 'NONE', #6470, 39.37007874015748854 ) ;
#1960 = DIRECTION ( 'NONE',  ( 0.000000000000000000, 0.000000000000000000, -1.000000000000000000 ) ) ;
#1961 = DIRECTION ( 'NONE',  ( 0.1842885350501856367, 0.000000000000000000, 0.9828721869343218787 ) ) ;
#1962 = LINE ( 'NONE', #6780, #3867 ) ;
#1963 = CIRCLE ( 'NONE', #3877, 0.1000000000000000194 ) ;
#1964 = ITEM_DEFINED_TRANSFORMATION ( 'NONE', 'NONE', #4492,  #6373 ) ;
#1965 = ORIENTED_EDGE ( 'NONE', *, *, #4836, .T. ) ;
#1966 = AXIS2_PLACEMENT_3D ( 'NONE', #2694, #3276, #2198 ) ;
#1967 = CARTESIAN_POINT ( 'NONE',  ( 1.160284766201819417, 1.000000000000000000, 1.918881981277028137 ) ) ;
#1968 = FACE_BOUND ( 'NONE', #5541, .T. ) ;
#1969 = VECTOR ( 'NONE', #3509, 39.37007874015748143 ) ;
#1970 = ADVANCED_FACE ( 'NONE', ( #761 ), #1892, .F. ) ;
#1971 = DIRECTION ( 'NONE',  ( -0.000000000000000000, -1.000000000000000000, -0.000000000000000000 ) ) ;
#1972 =( REPRESENTATION_RELATIONSHIP ('NONE','NONE', #880, #6553 ) REPRESENTATION_RELATIONSHIP_WITH_TRANSFORMATION ( #350 )SHAPE_REPRESENTATION_RELATIONSHIP( ) );
#1973 = EDGE_CURVE ( 'NONE', #4530, #4324, #6112, .T. ) ;
#1974 = ORIENTED_EDGE ( 'NONE', *, *, #27, .F. ) ;
#1975 = DIRECTION ( 'NONE',  ( 0.9396926207859105373, 0.000000000000000000, -0.3420201433256628842 ) ) ;
#1976 = CARTESIAN_POINT ( 'NONE',  ( 5.110519251556474102E-13, 0.2500000000000000000, 3.599999999999999645 ) ) ;
#1977 = LINE ( 'NONE', #916, #3240 ) ;
#1978 = EDGE_CURVE ( 'NONE', #2273, #4426, #5589, .T. ) ;
#1979 = AXIS2_PLACEMENT_3D ( 'NONE', #63, #5975, #1074 ) ;
#1980 = LINE ( 'NONE', #5225, #4038 ) ;
#1981 = CARTESIAN_POINT ( 'NONE',  ( -0.3295073712743759597, -0.3499999999999999778, -0.4000000000000000777 ) ) ;
#1982 = ORIENTED_EDGE ( 'NONE', *, *, #3218, .F. ) ;
#1983 = PRODUCT ( 'IndividualCoil', 'IndividualCoil', '', ( #3280 ) ) ;
#1984 = ORIENTED_EDGE ( 'NONE', *, *, #1322, .F. ) ;
#1985 = EDGE_LOOP ( 'NONE', ( #5870, #3084, #2272, #415 ) ) ;
#1986 = DIRECTION ( 'NONE',  ( -0.000000000000000000, 1.000000000000000000, -0.000000000000000000 ) ) ;
#1987 =( CONVERSION_BASED_UNIT ( 'INCH', #3595 ) LENGTH_UNIT ( ) NAMED_UNIT ( #6017 ) );
#1988 = DIRECTION ( 'NONE',  ( 0.000000000000000000, 1.000000000000000000, -0.000000000000000000 ) ) ;
#1989 = EDGE_LOOP ( 'NONE', ( #5371, #5320 ) ) ;
#1990 = LINE ( 'NONE', #1525, #3197 ) ;
#1991 = ORIENTED_EDGE ( 'NONE', *, *, #5299, .F. ) ;
#1992 = DIRECTION ( 'NONE',  ( 0.000000000000000000, -0.000000000000000000, 1.000000000000000000 ) ) ;
#1993 = CARTESIAN_POINT ( 'NONE',  ( 0.2503407046077101294, -0.3499999999999999778, 0.4449999999999998956 ) ) ;
#1994 =( GEOMETRIC_REPRESENTATION_CONTEXT ( 3 ) GLOBAL_UNCERTAINTY_ASSIGNED_CONTEXT ( ( #6867 ) ) GLOBAL_UNIT_ASSIGNED_CONTEXT ( ( #4303, #2734, #4856 ) ) REPRESENTATION_CONTEXT ( 'NONE', 'WORKASPACE' ) );
#1995 = CARTESIAN_POINT ( 'NONE',  ( -0.6305891799356175831, -0.5000000000000000000, 0.6368577070100371884 ) ) ;
#1996 = DIRECTION ( 'NONE',  ( 0.000000000000000000, 0.000000000000000000, 1.000000000000000000 ) ) ;
#1997 = ORIENTED_EDGE ( 'NONE', *, *, #898, .F. ) ;
#1998 = PLANE ( 'NONE',  #6193 ) ;
#1999 = VECTOR ( 'NONE', #1507, 39.37007874015748143 ) ;
#2000 = AXIS2_PLACEMENT_3D ( 'NONE', #683, #5532, #1241 ) ;
#2001 = VERTEX_POINT ( 'NONE', #5070 ) ;
#2002 = SHAPE_REPRESENTATION ( 'MagnetHousingPlate', ( #3479 ), #4259 ) ;
#2003 = PLANE ( 'NONE',  #2877 ) ;
#2004 = CARTESIAN_POINT ( 'NONE',  ( 1.515043436294495116, 0.000000000000000000, 1.375867792664189571 ) ) ;
#2005 = EDGE_CURVE ( 'NONE', #679, #3478, #271, .T. ) ;
#2006 = VECTOR ( 'NONE', #3676, 39.37007874015748143 ) ;
#2007 = VECTOR ( 'NONE', #4098, 39.37007874015748143 ) ;
#2008 = FACE_OUTER_BOUND ( 'NONE', #2383, .T. ) ;
#2009 = ORIENTED_EDGE ( 'NONE', *, *, #4744, .T. ) ;
#2010 = VECTOR ( 'NONE', #540, 39.37007874015748143 ) ;
#2011 = VECTOR ( 'NONE', #4082, 39.37007874015748143 ) ;
#2012 = CARTESIAN_POINT ( 'NONE',  ( 3.017691453624106845, 0.2500000000000000000, -1.973205080757108876 ) ) ;
#2013 = ADVANCED_FACE ( 'NONE', ( #4713 ), #4193, .T. ) ;
#2014 = EDGE_CURVE ( 'NONE', #4205, #6252, #519, .T. ) ;
#2015 = CARTESIAN_POINT ( 'NONE',  ( 1.800000000000477440, 0.5000000000000000000, 3.117691453623850695 ) ) ;
#2016 = CARTESIAN_POINT ( 'NONE',  ( 2.239779962957425319, 1.000000000000000000, 0.2453833961542413455 ) ) ;
#2017 = CARTESIAN_POINT ( 'NONE',  ( 0.3462715702632570003, 1.000000000000000000, 3.452948729325139965 ) ) ;
#2018 = EDGE_LOOP ( 'NONE', ( #4964, #6245, #214, #2771 ) ) ;
#2019 = CARTESIAN_POINT ( 'NONE',  ( -1.286081318867599244, 2.928964839118206598, 5.259618756977708642 ) ) ;
#2020 = ORIENTED_EDGE ( 'NONE', *, *, #2393, .T. ) ;
#2021 = ORIENTED_EDGE ( 'NONE', *, *, #2526, .F. ) ;
#2022 = DIRECTION ( 'NONE',  ( 0.1842885350501853314, -0.000000000000000000, 0.9828721869343218787 ) ) ;
#2023 = AXIS2_PLACEMENT_3D ( 'NONE', #1672, #96, #56 ) ;
#2024 = EDGE_CURVE ( 'NONE', #2028, #1050, #2096, .T. ) ;
#2025 = CARTESIAN_POINT ( 'NONE',  ( -1.626794919242634752, 0.2500000000000000000, 3.217691453624107467 ) ) ;
#2026 = CARTESIAN_POINT ( 'NONE',  ( 0.000000000000000000, 0.000000000000000000, 0.000000000000000000 ) ) ;
#2027 = FACE_OUTER_BOUND ( 'NONE', #10, .T. ) ;
#2028 = VERTEX_POINT ( 'NONE', #1417 ) ;
#2029 = CARTESIAN_POINT ( 'NONE',  ( 0.3795073712743766148, -0.3499999999999999778, -0.3438888888888889661 ) ) ;
#2030 = ORIENTED_EDGE ( 'NONE', *, *, #960, .F. ) ;
#2031 = DIRECTION ( 'NONE',  ( 0.1842885350501850261, -0.000000000000000000, -0.9828721869343218787 ) ) ;
#2032 = CARTESIAN_POINT ( 'NONE',  ( -0.5435971967451100895, 1.000000000000000000, 3.420351227372337988 ) ) ;
#2033 = CARTESIAN_POINT ( 'NONE',  ( -3.599999999999744738, 0.2500000000000000000, 0.2000000000002559453 ) ) ;
#2034 = DIRECTION ( 'NONE',  ( 0.000000000000000000, 1.000000000000000000, -0.000000000000000000 ) ) ;
#2035 = ORIENTED_EDGE ( 'NONE', *, *, #1185, .F. ) ;
#2036 = DIRECTION ( 'NONE',  ( 0.000000000000000000, 0.000000000000000000, -1.000000000000000000 ) ) ;
#2037 = APPLICATION_PROTOCOL_DEFINITION ( 'draft international standard', 'automotive_design', 1998, #4250 ) ;
#2038 = VERTEX_POINT ( 'NONE', #6357 ) ;
#2039 = DIRECTION ( 'NONE',  ( -0.000000000000000000, 1.000000000000000000, -0.000000000000000000 ) ) ;
#2040 = CARTESIAN_POINT ( 'NONE',  ( -1.999999999999744649, 0.2500000000000000000, -0.1999999999997443545 ) ) ;
#2041 = PRODUCT_DEFINITION_SHAPE ( 'NONE', 'NONE',  #6914 ) ;
#2042 = DIRECTION ( 'NONE',  ( 0.000000000000000000, 0.000000000000000000, -1.000000000000000000 ) ) ;
#2043 = PRODUCT_DEFINITION_FORMATION_WITH_SPECIFIED_SOURCE ( 'ANY', '', #1983, .NOT_KNOWN. ) ;
#2044 = ORIENTED_EDGE ( 'NONE', *, *, #3901, .F. ) ;
#2045 = CARTESIAN_POINT ( 'NONE',  ( -3.462783069340739317, 0.000000000000000000, 0.2585990237437587602 ) ) ;
#2046 = DIRECTION ( 'NONE',  ( 0.1629875097639928716, 0.000000000000000000, -0.9866281324090309113 ) ) ;
#2047 = CARTESIAN_POINT ( 'NONE',  ( 0.4277945899678090580, -0.3500000000000000333, -0.2815711464949816056 ) ) ;
#2048 = DIRECTION ( 'NONE',  ( -0.000000000000000000, 1.000000000000000000, -0.000000000000000000 ) ) ;
#2049 = CARTESIAN_POINT ( 'NONE',  ( -2.188630767697643975, 0.000000000000000000, 0.5354648973191198369 ) ) ;
#2050 = UNCERTAINTY_MEASURE_WITH_UNIT (LENGTH_MEASURE( 1.000000000000000082E-05 ), #894, 'distance_accuracy_value', 'NONE');
#2051 = EDGE_CURVE ( 'NONE', #5209, #2912, #3076, .T. ) ;
#2052 = VERTEX_POINT ( 'NONE', #1566 ) ;
#2053 = CARTESIAN_POINT ( 'NONE',  ( 5.222097699546714544, 9.259019256071114867, 3.503176058514077873 ) ) ;
#2054 = ORIENTED_EDGE ( 'NONE', *, *, #3511, .T. ) ;
#2055 = ORIENTED_EDGE ( 'NONE', *, *, #4641, .T. ) ;
#2056 = PLANE ( 'NONE',  #5573 ) ;
#2057 =( NAMED_UNIT ( * ) PLANE_ANGLE_UNIT ( ) SI_UNIT ( $, .RADIAN. ) );
#2058 =( REPRESENTATION_RELATIONSHIP ('NONE','NONE', #5835, #6769 ) REPRESENTATION_RELATIONSHIP_WITH_TRANSFORMATION ( #2 )SHAPE_REPRESENTATION_RELATIONSHIP( ) );
#2059 = LINE ( 'NONE', #2621, #6030 ) ;
#2060 = DIRECTION ( 'NONE',  ( 1.000000000000000000, -0.000000000000000000, -0.000000000000000000 ) ) ;
#2061 = EDGE_CURVE ( 'NONE', #4086, #2474, #6738, .T. ) ;
#2062 = DIRECTION ( 'NONE',  ( -0.4999999999999995559, 0.000000000000000000, 0.8660254037844388186 ) ) ;
#2063 = ORIENTED_EDGE ( 'NONE', *, *, #4929, .F. ) ;
#2064 = EDGE_CURVE ( 'NONE', #6415, #4884, #446, .T. ) ;
#2065 = DIRECTION ( 'NONE',  ( -0.000000000000000000, 1.000000000000000000, -0.000000000000000000 ) ) ;
#2066 = PLANE ( 'NONE',  #5781 ) ;
#2067 = DIRECTION ( 'NONE',  ( 0.000000000000000000, 1.000000000000000000, -0.000000000000000000 ) ) ;
#2068 = DIRECTION ( 'NONE',  ( -0.000000000000000000, 1.000000000000000000, -0.000000000000000000 ) ) ;
#2069 = EDGE_LOOP ( 'NONE', ( #3976, #6571, #52, #3019 ) ) ;
#2070 = DIRECTION ( 'NONE',  ( 0.000000000000000000, 0.000000000000000000, 1.000000000000000000 ) ) ;
#2071 = VERTEX_POINT ( 'NONE', #5694 ) ;
#2072 = ITEM_DEFINED_TRANSFORMATION ( 'NONE', 'NONE', #341,  #5255 ) ;
#2073 = CARTESIAN_POINT ( 'NONE',  ( 0.1999999999999999278, 0.2500000000000000000, -0.8000000000000000444 ) ) ;
#2074 = VECTOR ( 'NONE', #2188, 39.37007874015748143 ) ;
#2075 = DIRECTION ( 'NONE',  ( 0.000000000000000000, 0.000000000000000000, -1.000000000000000000 ) ) ;
#2076 = CARTESIAN_POINT ( 'NONE',  ( 0.6590147425487535848, 0.000000000000000000, -3.399999999999999911 ) ) ;
#2077 = AXIS2_PLACEMENT_3D ( 'NONE', #482, #4753, #4615 ) ;
#2078 = ORIENTED_EDGE ( 'NONE', *, *, #246, .F. ) ;
#2079 = CARTESIAN_POINT ( 'NONE',  ( 0.2170073712743769700, -0.3500000000000000333, 0.2999999999999999889 ) ) ;
#2080 = DIRECTION ( 'NONE',  ( 0.000000000000000000, 0.000000000000000000, -1.000000000000000000 ) ) ;
#2081 = VECTOR ( 'NONE', #2283, 39.37007874015748143 ) ;
#2082 = EDGE_CURVE ( 'NONE', #4377, #3991, #901, .T. ) ;
#2083 = CARTESIAN_POINT ( 'NONE',  ( 1.850543806534576285, 0.000000000000000000, 3.157497118129029445 ) ) ;
#2084 = CYLINDRICAL_SURFACE ( 'NONE', #54, 0.1999999999999999278 ) ;
#2085 = ORIENTED_EDGE ( 'NONE', *, *, #5374, .T. ) ;
#2086 = DIRECTION ( 'NONE',  ( -0.4999999999999888978, 0.000000000000000000, 0.8660254037844450359 ) ) ;
#2087 = ORIENTED_EDGE ( 'NONE', *, *, #5193, .F. ) ;
#2088 = ORIENTED_EDGE ( 'NONE', *, *, #705, .F. ) ;
#2089 = LINE ( 'NONE', #1520, #1228 ) ;
#2090 = LINE ( 'NONE', #2025, #984 ) ;
#2091 = VECTOR ( 'NONE', #4033, 39.37007874015747433 ) ;
#2092 = PLANE ( 'NONE',  #2683 ) ;
#2093 = DIRECTION ( 'NONE',  ( 0.000000000000000000, 0.000000000000000000, -1.000000000000000000 ) ) ;
#2094 =( NAMED_UNIT ( * ) SI_UNIT ( $, .STERADIAN. ) SOLID_ANGLE_UNIT ( ) );
#2095 = ORIENTED_EDGE ( 'NONE', *, *, #1203, .F. ) ;
#2096 = LINE ( 'NONE', #4225, #6105 ) ;
#2097 = DIRECTION ( 'NONE',  ( -0.000000000000000000, 1.000000000000000000, -0.000000000000000000 ) ) ;
#2098 = ADVANCED_FACE ( 'NONE', ( #2484 ), #5172, .T. ) ;
#2099 = DIRECTION ( 'NONE',  ( 0.8660254037844385966, 0.000000000000000000, 0.5000000000000002220 ) ) ;
#2100 = CARTESIAN_POINT ( 'NONE',  ( -0.6305891799356175831, 0.3500000000000000333, 0.6368577070100371884 ) ) ;
#2101 = EDGE_LOOP ( 'NONE', ( #3752, #1878, #2407, #3248 ) ) ;
#2102 = DIRECTION ( 'NONE',  ( 0.8660254037844382635, 0.000000000000000000, -0.5000000000000004441 ) ) ;
#2103 = ORIENTED_EDGE ( 'NONE', *, *, #428, .T. ) ;
#2104 =( REPRESENTATION_RELATIONSHIP ('NONE','NONE', #1092, #880 ) REPRESENTATION_RELATIONSHIP_WITH_TRANSFORMATION ( #1358 )SHAPE_REPRESENTATION_RELATIONSHIP( ) );
#2105 = VECTOR ( 'NONE', #4067, 39.37007874015748143 ) ;
#2106 = DIRECTION ( 'NONE',  ( 0.000000000000000000, 0.000000000000000000, 1.000000000000000000 ) ) ;
#2107 = EDGE_CURVE ( 'NONE', #2699, #3143, #6256, .T. ) ;
#2108 = LINE ( 'NONE', #1503, #4222 ) ;
#2109 = EDGE_CURVE ( 'NONE', #297, #2191, #373, .T. ) ;
#2110 = CARTESIAN_POINT ( 'NONE',  ( 3.233909651142278907, 0.000000000000000000, -1.239406631878910758 ) ) ;
#2111 = VERTEX_POINT ( 'NONE', #3631 ) ;
#2112 = AXIS2_PLACEMENT_3D ( 'NONE', #1707, #605, #4428 ) ;
#2113 = CIRCLE ( 'NONE', #3235, 0.1999999999999997891 ) ;
#2114 = ORIENTED_EDGE ( 'NONE', *, *, #3682, .F. ) ;
#2115 = CARTESIAN_POINT ( 'NONE',  ( 2.484772072303334856, 0.000000000000000000, 2.422533111522332305 ) ) ;
#2116 = AXIS2_PLACEMENT_3D ( 'NONE', #911, #5182, #5738 ) ;
#2117 = CARTESIAN_POINT ( 'NONE',  ( -0.3462715702633036852, 1.000000000000000000, 3.452948729325134636 ) ) ;
#2118 = CIRCLE ( 'NONE', #4020, 0.2000000000000000389 ) ;
#2119 = DIRECTION ( 'NONE',  ( 0.1736481776669273336, 0.000000000000000000, 0.9848077530122085754 ) ) ;
#2120 = CARTESIAN_POINT ( 'NONE',  ( -0.6590147425487540289, 0.000000000000000000, -3.599999999999999645 ) ) ;
#2121 = AXIS2_PLACEMENT_3D ( 'NONE', #5045, #5463, #2821 ) ;
#2122 = VECTOR ( 'NONE', #591, 39.37007874015748854 ) ;
#2123 = ORIENTED_EDGE ( 'NONE', *, *, #4046, .F. ) ;
#2124 = DIRECTION ( 'NONE',  ( 1.047444401652940007E-14, 0.000000000000000000, 1.000000000000000000 ) ) ;
#2125 = ORIENTED_EDGE ( 'NONE', *, *, #1439, .T. ) ;
#2126 = EDGE_LOOP ( 'NONE', ( #5560, #2724, #5286, #3508 ) ) ;
#2127 = DIRECTION ( 'NONE',  ( -0.000000000000000000, 1.000000000000000000, -0.000000000000000000 ) ) ;
#2128 = DIRECTION ( 'NONE',  ( 0.8660254037844389297, -0.000000000000000000, 0.4999999999999993894 ) ) ;
#2129 = VECTOR ( 'NONE', #301, 39.37007874015748143 ) ;
#2130 = DIRECTION ( 'NONE',  ( 0.8660254037844385966, 0.000000000000000000, -0.4999999999999998335 ) ) ;
#2131 = LINE ( 'NONE', #6879, #6079 ) ;
#2132 = CARTESIAN_POINT ( 'NONE',  ( 2.000000000000255351, 0.2500000000000000000, 0.1999999999997445765 ) ) ;
#2133 = VECTOR ( 'NONE', #2300, 39.37007874015748143 ) ;
#2134 = ORIENTED_EDGE ( 'NONE', *, *, #5625, .T. ) ;
#2135 = DIRECTION ( 'NONE',  ( 0.000000000000000000, 1.000000000000000000, 0.000000000000000000 ) ) ;
#2136 = DIRECTION ( 'NONE',  ( 1.000000000000000000, 0.000000000000000000, 0.000000000000000000 ) ) ;
#2137 = CARTESIAN_POINT ( 'NONE',  ( -0.1999999999999998168, 0.5000000000000000000, -2.000000000000000000 ) ) ;
#2138 = AXIS2_PLACEMENT_3D ( 'NONE', #232, #1374, #5130 ) ;
#2139 = PLANE ( 'NONE',  #6689 ) ;
#2140 = ORIENTED_EDGE ( 'NONE', *, *, #43, .T. ) ;
#2141 = CARTESIAN_POINT ( 'NONE',  ( -1.999999999999744649, 0.2500000000000000000, 2.556729201937213570E-13 ) ) ;
#2142 = ORIENTED_EDGE ( 'NONE', *, *, #3690, .T. ) ;
#2143 = CONTEXT_DEPENDENT_SHAPE_REPRESENTATION ( #2919, #5714 ) ;
#2144 = EDGE_CURVE ( 'NONE', #2289, #4718, #407, .T. ) ;
#2145 = CARTESIAN_POINT ( 'NONE',  ( -1.732050807568750406, 0.2500000000000000000, -0.9999999999997772893 ) ) ;
#2146 = DIRECTION ( 'NONE',  ( 0.000000000000000000, 1.000000000000000000, -0.000000000000000000 ) ) ;
#2147 = ORIENTED_EDGE ( 'NONE', *, *, #2014, .F. ) ;
#2148 = ADVANCED_FACE ( 'NONE', ( #2553 ), #5762, .F. ) ;
#2149 =( REPRESENTATION_RELATIONSHIP ('NONE','NONE', #1092, #3481 ) REPRESENTATION_RELATIONSHIP_WITH_TRANSFORMATION ( #1964 )SHAPE_REPRESENTATION_RELATIONSHIP( ) );
#2150 = EDGE_CURVE ( 'NONE', #4975, #1147, #2423, .T. ) ;
#2151 = EDGE_LOOP ( 'NONE', ( #2997, #3522, #1279, #3656 ) ) ;
#2152 = DIRECTION ( 'NONE',  ( 0.000000000000000000, 1.000000000000000000, 0.000000000000000000 ) ) ;
#2153 = CARTESIAN_POINT ( 'NONE',  ( 0.8555891799356175609, 0.5000000000000000000, -0.5631422929899629892 ) ) ;
#2154 = ADVANCED_FACE ( 'NONE', ( #477 ), #5414, .T. ) ;
#2155 = CARTESIAN_POINT ( 'NONE',  ( 1.746607323071575735, 0.000000000000000000, -1.406318475930117273 ) ) ;
#2156 = CYLINDRICAL_SURFACE ( 'NONE', #6860, 0.2000000000000000389 ) ;
#2157 = ORIENTED_EDGE ( 'NONE', *, *, #764, .F. ) ;
#2158 = CARTESIAN_POINT ( 'NONE',  ( -1.661210188271177168, 2.928964839118206598, 3.859618756977706067 ) ) ;
#2159 = ORIENTED_EDGE ( 'NONE', *, *, #3438, .F. ) ;
#2160 = ORIENTED_EDGE ( 'NONE', *, *, #4383, .F. ) ;
#2161 = LINE ( 'NONE', #5333, #3802 ) ;
#2162 = DIRECTION ( 'NONE',  ( 1.000000000000000000, 0.000000000000000000, 0.000000000000000000 ) ) ;
#2163 = DIRECTION ( 'NONE',  ( 1.000000000000000000, 0.000000000000000000, 0.000000000000000000 ) ) ;
#2164 = DIRECTION ( 'NONE',  ( 0.000000000000000000, -0.000000000000000000, -1.000000000000000000 ) ) ;
#2165 = CARTESIAN_POINT ( 'NONE',  ( 3.659744619943180677, 1.000000000000000000, 0.02386938821041685935 ) ) ;
#2166 = ADVANCED_FACE ( 'NONE', ( #5865, #30, #3292, #3219, #6500, #3328, #5382, #1716, #6464, #5308, #2772 ), #1682, .F. ) ;
#2167 = LINE ( 'NONE', #5862, #5528 ) ;
#2168 = ORIENTED_EDGE ( 'NONE', *, *, #4273, .F. ) ;
#2169 = ORIENTED_EDGE ( 'NONE', *, *, #4973, .F. ) ;
#2170 = DIRECTION ( 'NONE',  ( -1.000000000000000000, 0.000000000000000000, 0.000000000000000000 ) ) ;
#2171 = CARTESIAN_POINT ( 'NONE',  ( 5.108559816677837734E-13, 0.2500000000000000000, 2.000000000000000000 ) ) ;
#2172 = CARTESIAN_POINT ( 'NONE',  ( -1.231272515972432924, 0.000000000000000000, 3.382893434829260748 ) ) ;
#2173 = LINE ( 'NONE', #2100, #4570 ) ;
#2174 = VERTEX_POINT ( 'NONE', #655 ) ;
#2175 = CARTESIAN_POINT ( 'NONE',  ( -0.9073817267422200628, 0.000000000000000000, -2.062398044885628945 ) ) ;
#2176 = ORIENTED_EDGE ( 'NONE', *, *, #945, .T. ) ;
#2177 = CARTESIAN_POINT ( 'NONE',  ( -1.973205080756855079, 0.2500000000000000000, -3.017691453623849718 ) ) ;
#2178 = LINE ( 'NONE', #2744, #2669 ) ;
#2179 = CARTESIAN_POINT ( 'NONE',  ( -0.3295073712743769034, -0.3499999999999999778, -0.4000000000000000777 ) ) ;
#2180 = FACE_OUTER_BOUND ( 'NONE', #3921, .T. ) ;
#2181 = ORIENTED_EDGE ( 'NONE', *, *, #854, .F. ) ;
#2182 = VECTOR ( 'NONE', #1340, 39.37007874015748143 ) ;
#2183 = EDGE_LOOP ( 'NONE', ( #1434, #2685, #5567, #1747 ) ) ;
#2184 = DIRECTION ( 'NONE',  ( 0.1842885350501853314, -0.000000000000000000, 0.9828721869343218787 ) ) ;
#2185 = VECTOR ( 'NONE', #1933, 39.37007874015748143 ) ;
#2186 = ADVANCED_FACE ( 'NONE', ( #104 ), #4378, .F. ) ;
#2187 = CARTESIAN_POINT ( 'NONE',  ( -0.9999999999999668043, 0.2500000000000000000, -1.732050807568749073 ) ) ;
#2188 = DIRECTION ( 'NONE',  ( -0.000000000000000000, 1.000000000000000000, -0.000000000000000000 ) ) ;
#2189 = ORIENTED_EDGE ( 'NONE', *, *, #1344, .T. ) ;
#2190 = APPLICATION_PROTOCOL_DEFINITION ( 'draft international standard', 'automotive_design', 1998, #352 ) ;
#2191 = VERTEX_POINT ( 'NONE', #1181 ) ;
#2192 = ORIENTED_EDGE ( 'NONE', *, *, #6062, .T. ) ;
#2193 = VECTOR ( 'NONE', #6423, 39.37007874015748854 ) ;
#2194 = FACE_OUTER_BOUND ( 'NONE', #3066, .T. ) ;
#2195 = DIRECTION ( 'NONE',  ( 0.000000000000000000, 1.000000000000000000, 0.000000000000000000 ) ) ;
#2196 = EDGE_CURVE ( 'NONE', #4779, #4896, #4332, .T. ) ;
#2197 = DIRECTION ( 'NONE',  ( 0.000000000000000000, 0.000000000000000000, 1.000000000000000000 ) ) ;
#2198 = DIRECTION ( 'NONE',  ( 0.000000000000000000, 0.000000000000000000, 1.000000000000000000 ) ) ;
#2199 = LINE ( 'NONE', #2132, #499 ) ;
#2200 = VERTEX_POINT ( 'NONE', #2809 ) ;
#2201 = ORIENTED_EDGE ( 'NONE', *, *, #4408, .F. ) ;
#2202 = VECTOR ( 'NONE', #1863, 39.37007874015748143 ) ;
#2203 = DIRECTION ( 'NONE',  ( 0.8605673500667512243, 0.000000000000000000, -0.5093366627281897818 ) ) ;
#2204 = PLANE ( 'NONE',  #6478 ) ;
#2205 = CARTESIAN_POINT ( 'NONE',  ( 3.447198824898349834, 0.000000000000000000, 1.229276491484335043 ) ) ;
#2206 = ORIENTED_EDGE ( 'NONE', *, *, #1831, .T. ) ;
#2207 = AXIS2_PLACEMENT_3D ( 'NONE', #2426, #6723, #5056 ) ;
#2208 = CARTESIAN_POINT ( 'NONE',  ( -2.614979001592735219, 0.000000000000000000, 2.470723508515658029 ) ) ;
#2209 = ORIENTED_EDGE ( 'NONE', *, *, #3852, .T. ) ;
#2210 = ITEM_DEFINED_TRANSFORMATION ( 'NONE', 'NONE', #1691,  #3479 ) ;
#2211 = CARTESIAN_POINT ( 'NONE',  ( 0.1999999999999999278, 0.000000000000000000, -0.8000000000000000444 ) ) ;
#2212 = PLANE ( 'NONE',  #1207 ) ;
#2213 = AXIS2_PLACEMENT_3D ( 'NONE', #2564, #4794, #1048 ) ;
#2214 = DIRECTION ( 'NONE',  ( 0.000000000000000000, 0.000000000000000000, -1.000000000000000000 ) ) ;
#2215 = LINE ( 'NONE', #4351, #5566 ) ;
#2216 = VERTEX_POINT ( 'NONE', #4939 ) ;
#2217 = VECTOR ( 'NONE', #3157, 39.37007874015748143 ) ;
#2218 = ORIENTED_EDGE ( 'NONE', *, *, #5259, .F. ) ;
#2219 = CARTESIAN_POINT ( 'NONE',  ( 0.3462715702632570003, 0.000000000000000000, 3.452948729325139965 ) ) ;
#2220 = LINE ( 'NONE', #2826, #2429 ) ;
#2221 = VECTOR ( 'NONE', #6450, 39.37007874015748143 ) ;
#2222 = AXIS2_PLACEMENT_3D ( 'NONE', #5002, #6604, #1847 ) ;
#2223 = CARTESIAN_POINT ( 'NONE',  ( -0.6590147425487534738, -0.5000000000000000000, -0.8000000000000000444 ) ) ;
#2224 = DIRECTION ( 'NONE',  ( 0.000000000000000000, 1.000000000000000000, -0.000000000000000000 ) ) ;
#2225 = ORIENTED_EDGE ( 'NONE', *, *, #2402, .F. ) ;
#2226 = VECTOR ( 'NONE', #6067, 39.37007874015748143 ) ;
#2227 = EDGE_LOOP ( 'NONE', ( #2338, #2967, #1078, #6070 ) ) ;
#2228 = VECTOR ( 'NONE', #2128, 39.37007874015748143 ) ;
#2229 = ORIENTED_EDGE ( 'NONE', *, *, #1906, .T. ) ;
#2230 = DIRECTION ( 'NONE',  ( -0.000000000000000000, 1.000000000000000000, -0.000000000000000000 ) ) ;
#2231 = ADVANCED_FACE ( 'NONE', ( #1113 ), #5342, .F. ) ;
#2232 = ADVANCED_FACE ( 'NONE', ( #2275 ), #4406, .F. ) ;
#2233 = LINE ( 'NONE', #4370, #658 ) ;
#2234 = VECTOR ( 'NONE', #4418, 39.37007874015748143 ) ;
#2235 = CARTESIAN_POINT ( 'NONE',  ( 5.057816089879904276, 2.311796791384322702, 2.565484964889027442 ) ) ;
#2236 = VECTOR ( 'NONE', #5696, 39.37007874015748143 ) ;
#2237 = DIRECTION ( 'NONE',  ( 0.000000000000000000, 1.000000000000000000, 0.000000000000000000 ) ) ;
#2238 = CARTESIAN_POINT ( 'NONE',  ( -3.462783069340739317, 1.000000000000000000, 0.05859902374375813849 ) ) ;
#2239 = DIRECTION ( 'NONE',  ( 1.000000000000000000, -0.000000000000000000, 6.294366817176485128E-16 ) ) ;
#2240 = VERTEX_POINT ( 'NONE', #546 ) ;
#2241 = EDGE_LOOP ( 'NONE', ( #2939, #3876, #1823, #4224 ) ) ;
#2242 = EDGE_CURVE ( 'NONE', #69, #5227, #3186, .T. ) ;
#2243 = VECTOR ( 'NONE', #2444, 39.37007874015748143 ) ;
#2244 = VECTOR ( 'NONE', #5667, 39.37007874015748143 ) ;
#2245 = LINE ( 'NONE', #5866, #4668 ) ;
#2246 = FACE_OUTER_BOUND ( 'NONE', #4079, .T. ) ;
#2247 = APPLICATION_CONTEXT ( 'automotive_design' ) ;
#2248 = CARTESIAN_POINT ( 'NONE',  ( 0.2503407046077100739, -0.3499999999999999778, 0.3450000000000000289 ) ) ;
#2249 = VERTEX_POINT ( 'NONE', #6393 ) ;
#2250 = AXIS2_PLACEMENT_3D ( 'NONE', #1944, #4084, #5608 ) ;
#2251 = DIRECTION ( 'NONE',  ( 0.000000000000000000, 0.000000000000000000, 1.000000000000000000 ) ) ;
#2252 = ORIENTED_EDGE ( 'NONE', *, *, #4795, .F. ) ;
#2253 = DIRECTION ( 'NONE',  ( -0.000000000000000000, -1.000000000000000000, -0.000000000000000000 ) ) ;
#2254 = CARTESIAN_POINT ( 'NONE',  ( 1.973205080756921470, 0.5000000000000000000, -3.017691453624107289 ) ) ;
#2255 = CARTESIAN_POINT ( 'NONE',  ( 3.117691453624362286, 0.5000000000000000000, 1.799999999999778444 ) ) ;
#2256 = DIRECTION ( 'NONE',  ( 0.1842885350501853869, -0.000000000000000000, 0.9828721869343218787 ) ) ;
#2257 = ORIENTED_EDGE ( 'NONE', *, *, #3470, .T. ) ;
#2258 = EDGE_CURVE ( 'NONE', #4063, #3440, #1606, .T. ) ;
#2259 = EDGE_LOOP ( 'NONE', ( #3306, #2206, #3414, #5927 ) ) ;
#2260 = DIRECTION ( 'NONE',  ( -1.000000000000000000, 0.000000000000000000, 1.280553747030123569E-16 ) ) ;
#2261 = CARTESIAN_POINT ( 'NONE',  ( -3.599999999999744738, 0.2500000000000000000, 2.559668354255167113E-13 ) ) ;
#2262 = ADVANCED_FACE ( 'NONE', ( #4820 ), #6426, .T. ) ;
#2263 = EDGE_LOOP ( 'NONE', ( #4404, #4021, #6669, #3943 ) ) ;
#2264 = EDGE_CURVE ( 'NONE', #523, #5209, #2776, .T. ) ;
#2265 = ORIENTED_EDGE ( 'NONE', *, *, #5599, .T. ) ;
#2266 = CYLINDRICAL_SURFACE ( 'NONE', #4246, 0.5000000000000000000 ) ;
#2267 = EDGE_CURVE ( 'NONE', #3299, #4745, #5614, .T. ) ;
#2268 = LINE ( 'NONE', #1136, #2561 ) ;
#2269 = DIRECTION ( 'NONE',  ( 1.000000000000000000, 0.000000000000000000, 0.000000000000000000 ) ) ;
#2270 = DIRECTION ( 'NONE',  ( 0.000000000000000000, 0.000000000000000000, 1.000000000000000000 ) ) ;
#2271 = CARTESIAN_POINT ( 'NONE',  ( 0.3795073712743766148, 0.3499999999999999778, -0.3438888888888889661 ) ) ;
#2272 = ORIENTED_EDGE ( 'NONE', *, *, #5087, .T. ) ;
#2273 = VERTEX_POINT ( 'NONE', #6198 ) ;
#2274 = ORIENTED_EDGE ( 'NONE', *, *, #6589, .F. ) ;
#2275 = FACE_OUTER_BOUND ( 'NONE', #5578, .T. ) ;
#2276 = ADVANCED_FACE ( 'NONE', ( #5670, #3584 ), #5121, .F. ) ;
#2277 = CARTESIAN_POINT ( 'NONE',  ( 0.9073817267422482624, 0.000000000000000000, -2.062398044885616510 ) ) ;
#2278 = EDGE_CURVE ( 'NONE', #3385, #2028, #883, .T. ) ;
#2279 = EDGE_CURVE ( 'NONE', #3143, #6728, #5214, .T. ) ;
#2280 = ADVANCED_FACE ( 'NONE', ( #6793 ), #6756, .F. ) ;
#2281 = FILL_AREA_STYLE_COLOUR ( '', #5027 ) ;
#2282 = ORIENTED_EDGE ( 'NONE', *, *, #1388, .T. ) ;
#2283 = DIRECTION ( 'NONE',  ( -0.000000000000000000, 1.000000000000000000, -0.000000000000000000 ) ) ;
#2284 = VERTEX_POINT ( 'NONE', #6692 ) ;
#2285 = DIRECTION ( 'NONE',  ( -0.000000000000000000, -1.000000000000000000, -0.000000000000000000 ) ) ;
#2286 = PLANE ( 'NONE',  #6250 ) ;
#2287 = DIRECTION ( 'NONE',  ( 0.000000000000000000, 1.000000000000000000, -0.000000000000000000 ) ) ;
#2288 = VERTEX_POINT ( 'NONE', #4015 ) ;
#2289 = VERTEX_POINT ( 'NONE', #2469 ) ;
#2290 = PLANE ( 'NONE',  #1183 ) ;
#2291 = DIRECTION ( 'NONE',  ( -0.000000000000000000, 1.000000000000000000, -0.000000000000000000 ) ) ;
#2292 = AXIS2_PLACEMENT_3D ( 'NONE', #3360, #3324, #2900 ) ;
#2293 = ORIENTED_EDGE ( 'NONE', *, *, #1811, .T. ) ;
#2294 = VERTEX_POINT ( 'NONE', #287 ) ;
#2295 = CARTESIAN_POINT ( 'NONE',  ( 3.163477102692409115, 1.000000000000000000, -1.426594388206232855 ) ) ;
#2296 = AXIS2_PLACEMENT_3D ( 'NONE', #2925, #4547, #4071 ) ;
#2297 = EDGE_CURVE ( 'NONE', #6563, #1703, #6440, .T. ) ;
#2298 = FACE_BOUND ( 'NONE', #5995, .T. ) ;
#2299 = DIRECTION ( 'NONE',  ( 0.3420201433256889745, 2.216514893527523383E-17, -0.9396926207859011004 ) ) ;
#2300 = DIRECTION ( 'NONE',  ( -0.8660254037844389297, 0.000000000000000000, -0.4999999999999993894 ) ) ;
#2301 = PLANE ( 'NONE',  #4736 ) ;
#2302 = CIRCLE ( 'NONE', #6543, 0.2000000000000003164 ) ;
#2303 = ORIENTED_EDGE ( 'NONE', *, *, #3077, .T. ) ;
#2304 = ORIENTED_EDGE ( 'NONE', *, *, #4423, .T. ) ;
#2305 = ORIENTED_EDGE ( 'NONE', *, *, #5158, .F. ) ;
#2306 = EDGE_CURVE ( 'NONE', #6277, #6602, #4051, .T. ) ;
#2307 = EDGE_CURVE ( 'NONE', #3184, #5722, #3061, .T. ) ;
#2308 = FACE_OUTER_BOUND ( 'NONE', #6764, .T. ) ;
#2309 = VERTEX_POINT ( 'NONE', #1871 ) ;
#2310 = CARTESIAN_POINT ( 'NONE',  ( 1.732050807569260664, 0.2500000000000000000, 0.9999999999997786215 ) ) ;
#2311 = ORIENTED_EDGE ( 'NONE', *, *, #6409, .T. ) ;
#2312 = EDGE_CURVE ( 'NONE', #702, #675, #843, .T. ) ;
#2313 = PRODUCT_DEFINITION_SHAPE ( 'NONE', 'NONE',  #6909 ) ;
#2314 = CARTESIAN_POINT ( 'NONE',  ( 3.447198824898349834, 0.000000000000000000, 1.229276491484335043 ) ) ;
#2315 = CARTESIAN_POINT ( 'NONE',  ( 1.173205080756921648, 0.2500000000000000000, -1.632050807569005002 ) ) ;
#2316 = VECTOR ( 'NONE', #344, 39.37007874015748143 ) ;
#2317 = LINE ( 'NONE', #627, #2340 ) ;
#2318 = EDGE_LOOP ( 'NONE', ( #6622, #4937, #5069, #825 ) ) ;
#2319 = ORIENTED_EDGE ( 'NONE', *, *, #1769, .T. ) ;
#2320 = CARTESIAN_POINT ( 'NONE',  ( 0.6305891799356178051, 0.3500000000000000333, 0.6368577070100370774 ) ) ;
#2321 = EDGE_CURVE ( 'NONE', #3658, #2346, #2991, .T. ) ;
#2322 = CARTESIAN_POINT ( 'NONE',  ( -0.3795073712743768368, 0.3499999999999999778, -0.4438888888888889439 ) ) ;
#2323 = ADVANCED_FACE ( 'NONE', ( #4522 ), #3487, .T. ) ;
#2324 =( REPRESENTATION_RELATIONSHIP ('NONE','NONE', #3481, #5835 ) REPRESENTATION_RELATIONSHIP_WITH_TRANSFORMATION ( #6366 )SHAPE_REPRESENTATION_RELATIONSHIP( ) );
#2325 = AXIS2_PLACEMENT_3D ( 'NONE', #2040, #3302, #3339 ) ;
#2326 = ORIENTED_EDGE ( 'NONE', *, *, #2014, .T. ) ;
#2327 = ORIENTED_EDGE ( 'NONE', *, *, #3668, .F. ) ;
#2328 = CARTESIAN_POINT ( 'NONE',  ( 0.000000000000000000, 0.000000000000000000, 0.000000000000000000 ) ) ;
#2329 = AXIS2_PLACEMENT_3D ( 'NONE', #4756, #6370, #1578 ) ;
#2330 = DIRECTION ( 'NONE',  ( -0.000000000000000000, 1.000000000000000000, 0.000000000000000000 ) ) ;
#2331 = CARTESIAN_POINT ( 'NONE',  ( -1.832050807568493589, 0.5000000000000000000, 0.8267949192433343697 ) ) ;
#2332 = DIRECTION ( 'NONE',  ( 0.000000000000000000, 0.000000000000000000, 1.000000000000000000 ) ) ;
#2333 = CARTESIAN_POINT ( 'NONE',  ( 0.000000000000000000, 0.000000000000000000, -4.000000000000000000 ) ) ;
#2334 = VECTOR ( 'NONE', #3232, 39.37007874015748143 ) ;
#2335 = VECTOR ( 'NONE', #6248, 39.37007874015748143 ) ;
#2336 = EDGE_LOOP ( 'NONE', ( #186, #154, #5724, #924 ) ) ;
#2337 = ORIENTED_EDGE ( 'NONE', *, *, #5954, .T. ) ;
#2338 = ORIENTED_EDGE ( 'NONE', *, *, #2526, .T. ) ;
#2339 = CYLINDRICAL_SURFACE ( 'NONE', #3674, 0.1000000000000000194 ) ;
#2340 = VECTOR ( 'NONE', #2256, 39.37007874015748854 ) ;
#2341 = AXIS2_PLACEMENT_3D ( 'NONE', #2548, #1409, #4889 ) ;
#2342 = DIRECTION ( 'NONE',  ( 0.000000000000000000, 0.000000000000000000, -1.000000000000000000 ) ) ;
#2343 = ORIENTED_EDGE ( 'NONE', *, *, #6781, .T. ) ;
#2344 = CARTESIAN_POINT ( 'NONE',  ( -2.188630767697643975, 0.000000000000000000, 0.5354648973191198369 ) ) ;
#2345 = CIRCLE ( 'NONE', #432, 0.1999999999999999278 ) ;
#2346 = VERTEX_POINT ( 'NONE', #5185 ) ;
#2347 = CARTESIAN_POINT ( 'NONE',  ( -2.690312454397164821, 0.000000000000000000, -2.180944595493454763 ) ) ;
#2348 = DIRECTION ( 'NONE',  ( -0.000000000000000000, 1.000000000000000000, -0.000000000000000000 ) ) ;
#2349 = VECTOR ( 'NONE', #4252, 39.37007874015748143 ) ;
#2350 = LINE ( 'NONE', #1156, #1431 ) ;
#2351 = VERTEX_POINT ( 'NONE', #6233 ) ;
#2352 = ADVANCED_FACE ( 'NONE', ( #1909 ), #6167, .F. ) ;
#2353 = PRODUCT_RELATED_PRODUCT_CATEGORY ( 'part', '', ( #3492 ) ) ;
#2354 = LINE ( 'NONE', #6487, #1621 ) ;
#2355 = VERTEX_POINT ( 'NONE', #3515 ) ;
#2356 = AXIS2_PLACEMENT_3D ( 'NONE', #4606, #6208, #5646 ) ;
#2357 = LINE ( 'NONE', #806, #6322 ) ;
#2358 = FACE_OUTER_BOUND ( 'NONE', #1630, .T. ) ;
#2359 = EDGE_CURVE ( 'NONE', #1572, #4997, #2988, .T. ) ;
#2360 = VERTEX_POINT ( 'NONE', #3201 ) ;
#2361 = ORIENTED_EDGE ( 'NONE', *, *, #3090, .T. ) ;
#2362 = LINE ( 'NONE', #1399, #3003 ) ;
#2363 = CARTESIAN_POINT ( 'NONE',  ( 0.000000000000000000, 1.000000000000000000, 0.000000000000000000 ) ) ;
#2364 = CARTESIAN_POINT ( 'NONE',  ( 0.000000000000000000, 0.000000000000000000, 0.000000000000000000 ) ) ;
#2365 = DIRECTION ( 'NONE',  ( 0.4999999999999998890, 0.000000000000000000, 0.8660254037844387076 ) ) ;
#2366 = EDGE_LOOP ( 'NONE', ( #2828, #4393, #4648, #3955 ) ) ;
#2367 = PRODUCT_DEFINITION_SHAPE ( 'NONE', 'NONE',  #6908 ) ;
#2368 =( REPRESENTATION_RELATIONSHIP ('NONE','NONE', #880, #6553 ) REPRESENTATION_RELATIONSHIP_WITH_TRANSFORMATION ( #5249 )SHAPE_REPRESENTATION_RELATIONSHIP( ) );
#2369 = ORIENTED_EDGE ( 'NONE', *, *, #1197, .T. ) ;
#2370 = ORIENTED_EDGE ( 'NONE', *, *, #2863, .T. ) ;
#2371 = CARTESIAN_POINT ( 'NONE',  ( 0.4277945899678088915, -0.3499999999999999778, -0.2815711464949807175 ) ) ;
#2372 = LINE ( 'NONE', #265, #557 ) ;
#2373 = PRODUCT_DEFINITION_FORMATION_WITH_SPECIFIED_SOURCE ( 'ANY', '', #3492, .NOT_KNOWN. ) ;
#2374 = CARTESIAN_POINT ( 'NONE',  ( -0.8267949192430791294, 0.2500000000000000000, -1.832050807568749162 ) ) ;
#2375 = ORIENTED_EDGE ( 'NONE', *, *, #427, .T. ) ;
#2376 = CARTESIAN_POINT ( 'NONE',  ( 2.314035394871545748, 0.000000000000000000, -2.757759995228317607 ) ) ;
#2377 = ORIENTED_EDGE ( 'NONE', *, *, #6596, .F. ) ;
#2378 = DIRECTION ( 'NONE',  ( 1.000000000000000000, 0.000000000000000000, 0.000000000000000000 ) ) ;
#2379 = FACE_OUTER_BOUND ( 'NONE', #619, .T. ) ;
#2380 = DIRECTION ( 'NONE',  ( 0.000000000000000000, 1.000000000000000000, -0.000000000000000000 ) ) ;
#2381 = EDGE_CURVE ( 'NONE', #3176, #2346, #4697, .T. ) ;
#2382 = DIRECTION ( 'NONE',  ( 0.8660254037844385966, 0.000000000000000000, -0.4999999999999998335 ) ) ;
#2383 = EDGE_LOOP ( 'NONE', ( #140, #3317, #2293, #3363 ) ) ;
#2384 = CARTESIAN_POINT ( 'NONE',  ( -0.3295073712743766259, -0.3500000000000000333, -0.4000000000000000222 ) ) ;
#2385 = PRODUCT_CONTEXT ( 'NONE', #3576, 'mechanical' ) ;
#2386 = ORIENTED_EDGE ( 'NONE', *, *, #2842, .T. ) ;
#2387 = FACE_BOUND ( 'NONE', #3051, .T. ) ;
#2388 = EDGE_CURVE ( 'NONE', #5722, #6563, #45, .T. ) ;
#2389 =( NAMED_UNIT ( * ) SI_UNIT ( $, .STERADIAN. ) SOLID_ANGLE_UNIT ( ) );
#2390 = ORIENTED_EDGE ( 'NONE', *, *, #5684, .T. ) ;
#2391 = CARTESIAN_POINT ( 'NONE',  ( -1.973205080756855079, 0.5000000000000000000, -3.017691453623849718 ) ) ;
#2392 = DIRECTION ( 'NONE',  ( 1.000000000000000000, -0.000000000000000000, -0.000000000000000000 ) ) ;
#2393 = EDGE_CURVE ( 'NONE', #403, #6354, #5742, .T. ) ;
#2394 = CYLINDRICAL_SURFACE ( 'NONE', #3912, 0.2000000000000000389 ) ;
#2395 = CIRCLE ( 'NONE', #1733, 0.2000000000000000389 ) ;
#2396 = DIRECTION ( 'NONE',  ( -0.8713821640347768627, 0.000000000000000000, -0.4906048554611637247 ) ) ;
#2397 = LINE ( 'NONE', #1476, #1845 ) ;
#2398 = ORIENTED_EDGE ( 'NONE', *, *, #1867, .F. ) ;
#2399 = ORIENTED_EDGE ( 'NONE', *, *, #844, .F. ) ;
#2400 = VERTEX_POINT ( 'NONE', #1022 ) ;
#2401 = EDGE_CURVE ( 'NONE', #5666, #3920, #4726, .T. ) ;
#2402 = EDGE_CURVE ( 'NONE', #2191, #6897, #2679, .T. ) ;
#2403 = CARTESIAN_POINT ( 'NONE',  ( -0.6590147425487540289, 0.000000000000000000, -3.599999999999999645 ) ) ;
#2404 = DIRECTION ( 'NONE',  ( -0.8660254037844385966, 0.000000000000000000, 0.5000000000000001110 ) ) ;
#2405 = AXIS2_PLACEMENT_3D ( 'NONE', #1423, #5247, #939 ) ;
#2406 = CARTESIAN_POINT ( 'NONE',  ( 3.217691453624362374, 0.2500000000000000000, 1.626794919242890547 ) ) ;
#2407 = ORIENTED_EDGE ( 'NONE', *, *, #1240, .T. ) ;
#2408 = PLANE ( 'NONE',  #5091 ) ;
#2409 = VERTEX_POINT ( 'NONE', #3096 ) ;
#2410 = CARTESIAN_POINT ( 'NONE',  ( -3.460620106547134700, 0.000000000000000000, 0.2585873273816295947 ) ) ;
#2411 = AXIS2_PLACEMENT_3D ( 'NONE', #3667, #899, #4640 ) ;
#2412 = CARTESIAN_POINT ( 'NONE',  ( -0.4277945899678088915, -0.3499999999999999778, -0.2815711464949807175 ) ) ;
#2413 = CARTESIAN_POINT ( 'NONE',  ( 0.3446038644310982502, 0.000000000000000000, 2.215765550180978760 ) ) ;
#2414 = ADVANCED_FACE ( 'NONE', ( #4147 ), #3695, .F. ) ;
#2415 = FACE_OUTER_BOUND ( 'NONE', #2975, .T. ) ;
#2416 = ORIENTED_EDGE ( 'NONE', *, *, #6841, .F. ) ;
#2417 = VECTOR ( 'NONE', #873, 39.37007874015748854 ) ;
#2418 = DIRECTION ( 'NONE',  ( 0.000000000000000000, 1.000000000000000000, -0.000000000000000000 ) ) ;
#2419 = ORIENTED_EDGE ( 'NONE', *, *, #3684, .T. ) ;
#2420 = DIRECTION ( 'NONE',  ( 0.000000000000000000, 1.000000000000000000, -0.000000000000000000 ) ) ;
#2421 = CIRCLE ( 'NONE', #401, 0.1999999999999999278 ) ;
#2422 = PRODUCT_DEFINITION_SHAPE ( 'NONE', 'NONE',  #6912 ) ;
#2423 = CIRCLE ( 'NONE', #3335, 0.5000000000000000000 ) ;
#2424 = ORIENTED_EDGE ( 'NONE', *, *, #6463, .F. ) ;
#2425 = CARTESIAN_POINT ( 'NONE',  ( 1.973205080757365115, 0.2500000000000000000, 3.017691453623850606 ) ) ;
#2426 = CARTESIAN_POINT ( 'NONE',  ( 0.6590147425487534738, 0.3500000000000000333, -0.5999999999999999778 ) ) ;
#2427 = ADVANCED_BREP_SHAPE_REPRESENTATION ( '', ( #5800, #3479 ), #1235 ) ;
#2428 = FACE_OUTER_BOUND ( 'NONE', #49, .T. ) ;
#2429 = VECTOR ( 'NONE', #6520, 39.37007874015748143 ) ;
#2430 = DIRECTION ( 'NONE',  ( -0.000000000000000000, 1.000000000000000000, -0.000000000000000000 ) ) ;
#2431 = DIRECTION ( 'NONE',  ( -0.000000000000000000, 1.000000000000000000, -0.000000000000000000 ) ) ;
#2432 = EDGE_CURVE ( 'NONE', #5238, #3621, #4804, .T. ) ;
#2433 = ORIENTED_EDGE ( 'NONE', *, *, #4452, .F. ) ;
#2434 = ORIENTED_EDGE ( 'NONE', *, *, #3040, .T. ) ;
#2435 = VECTOR ( 'NONE', #6577, 39.37007874015748143 ) ;
#2436 = ORIENTED_EDGE ( 'NONE', *, *, #1262, .T. ) ;
#2437 = EDGE_CURVE ( 'NONE', #315, #5189, #4442, .T. ) ;
#2438 = DIRECTION ( 'NONE',  ( 0.000000000000000000, 1.000000000000000000, 0.000000000000000000 ) ) ;
#2439 = VECTOR ( 'NONE', #5634, 39.37007874015748854 ) ;
#2440 = CYLINDRICAL_SURFACE ( 'NONE', #3580, 0.2000000000000005940 ) ;
#2441 = STYLED_ITEM ( 'NONE', ( #6465 ), #3496 ) ;
#2442 = EDGE_CURVE ( 'NONE', #5748, #4355, #4838, .T. ) ;
#2443 = EDGE_CURVE ( 'NONE', #6404, #2775, #5325, .T. ) ;
#2444 = DIRECTION ( 'NONE',  ( -0.5000000000000004441, 0.000000000000000000, -0.8660254037844383745 ) ) ;
#2445 = EDGE_LOOP ( 'NONE', ( #4135, #6072, #2916, #4871, #2927, #5094, #2095, #1851 ) ) ;
#2446 = EDGE_CURVE ( 'NONE', #2868, #2400, #1199, .T. ) ;
#2447 = PLANE ( 'NONE',  #1750 ) ;
#2448 = EDGE_LOOP ( 'NONE', ( #2494, #1997, #688, #6338 ) ) ;
#2449 = AXIS2_PLACEMENT_3D ( 'NONE', #2110, #5877, #2747 ) ;
#2450 = CIRCLE ( 'NONE', #319, 0.1000000000000000194 ) ;
#2451 = DIRECTION ( 'NONE',  ( 0.5000000000000001110, 0.000000000000000000, 0.8660254037844385966 ) ) ;
#2452 = CYLINDRICAL_SURFACE ( 'NONE', #3446, 0.2000000000000001776 ) ;
#2453 = DIRECTION ( 'NONE',  ( 0.000000000000000000, 0.000000000000000000, -1.000000000000000000 ) ) ;
#2454 = FACE_OUTER_BOUND ( 'NONE', #5137, .T. ) ;
#2455 = VERTEX_POINT ( 'NONE', #2609 ) ;
#2456 = VECTOR ( 'NONE', #2382, 39.37007874015748854 ) ;
#2457 = VECTOR ( 'NONE', #5621, 39.37007874015748143 ) ;
#2458 = CARTESIAN_POINT ( 'NONE',  ( -1.732050807568750406, 0.5000000000000000000, -0.9999999999997772893 ) ) ;
#2459 = ITEM_DEFINED_TRANSFORMATION ( 'NONE', 'NONE', #4603,  #2138 ) ;
#2460 = ORIENTED_EDGE ( 'NONE', *, *, #4969, .T. ) ;
#2461 = PRESENTATION_LAYER_ASSIGNMENT (  '', '', ( #3800 ) ) ;
#2462 = FACE_BOUND ( 'NONE', #5981, .T. ) ;
#2463 = VECTOR ( 'NONE', #2811, 39.37007874015748143 ) ;
#2464 = DIRECTION ( 'NONE',  ( -0.000000000000000000, 1.000000000000000000, -0.000000000000000000 ) ) ;
#2465 =( REPRESENTATION_RELATIONSHIP ('NONE','NONE', #880, #6553 ) REPRESENTATION_RELATIONSHIP_WITH_TRANSFORMATION ( #1902 )SHAPE_REPRESENTATION_RELATIONSHIP( ) );
#2466 = VECTOR ( 'NONE', #6202, 39.37007874015748143 ) ;
#2467 = EDGE_LOOP ( 'NONE', ( #5611, #6432, #1263, #6045 ) ) ;
#2468 = CARTESIAN_POINT ( 'NONE',  ( 3.600000000000254996, 0.2500000000000000000, -2.555259625778237051E-13 ) ) ;
#2469 = CARTESIAN_POINT ( 'NONE',  ( -3.659744619943180677, 0.000000000000000000, 0.02386938821036836689 ) ) ;
#2470 = EDGE_CURVE ( 'NONE', #3825, #2651, #6340, .T. ) ;
#2471 = CARTESIAN_POINT ( 'NONE',  ( -0.4340147425487536625, 0.000000000000000000, -2.200000000000000178 ) ) ;
#2472 = DIRECTION ( 'NONE',  ( -0.000000000000000000, 1.000000000000000000, -0.000000000000000000 ) ) ;
#2473 = DIRECTION ( 'NONE',  ( -0.8660254037844384856, 0.000000000000000000, 0.5000000000000004441 ) ) ;
#2474 = VERTEX_POINT ( 'NONE', #5365 ) ;
#2475 = EDGE_LOOP ( 'NONE', ( #302, #986, #2778, #1907 ) ) ;
#2476 = EDGE_LOOP ( 'NONE', ( #5784, #5472, #6574, #167 ) ) ;
#2477 = FACE_BOUND ( 'NONE', #4903, .T. ) ;
#2478 = EDGE_CURVE ( 'NONE', #3106, #3823, #5776, .T. ) ;
#2479 = LINE ( 'NONE', #2513, #5366 ) ;
#2480 = DIRECTION ( 'NONE',  ( 0.000000000000000000, 0.000000000000000000, 1.000000000000000000 ) ) ;
#2481 = EDGE_LOOP ( 'NONE', ( #2797, #5843, #921, #6530 ) ) ;
#2482 = DIRECTION ( 'NONE',  ( 0.9999415181893573923, 0.000000000000000000, -0.01081481396801905852 ) ) ;
#2483 = ORIENTED_EDGE ( 'NONE', *, *, #4956, .F. ) ;
#2484 = FACE_OUTER_BOUND ( 'NONE', #4490, .T. ) ;
#2485 = ADVANCED_FACE ( 'NONE', ( #6377 ), #3728, .T. ) ;
#2486 = CARTESIAN_POINT ( 'NONE',  ( 1.632050807569260575, 0.2500000000000000000, 1.173205080756666296 ) ) ;
#2487 = EDGE_CURVE ( 'NONE', #2738, #2996, #525, .T. ) ;
#2488 = DIRECTION ( 'NONE',  ( -0.000000000000000000, 1.000000000000000000, -0.000000000000000000 ) ) ;
#2489 = AXIS2_PLACEMENT_3D ( 'NONE', #6869, #5228, #2124 ) ;
#2490 = CARTESIAN_POINT ( 'NONE',  ( -1.799999999999967404, 0.5000000000000000000, -3.117691453623849807 ) ) ;
#2491 = ORIENTED_EDGE ( 'NONE', *, *, #6589, .T. ) ;
#2492 = DIRECTION ( 'NONE',  ( -0.000000000000000000, 1.000000000000000000, -0.000000000000000000 ) ) ;
#2493 = ITEM_DEFINED_TRANSFORMATION ( 'NONE', 'NONE', #3947,  #3479 ) ;
#2494 = ORIENTED_EDGE ( 'NONE', *, *, #5501, .T. ) ;
#2495 = EDGE_CURVE ( 'NONE', #1180, #702, #6863, .T. ) ;
#2496 = CARTESIAN_POINT ( 'NONE',  ( -0.9999999999999668043, 0.2500000000000000000, -1.732050807568749073 ) ) ;
#2497 = ADVANCED_FACE ( 'NONE', ( #5258 ), #459, .T. ) ;
#2498 = DIRECTION ( 'NONE',  ( -0.000000000000000000, 1.000000000000000000, -0.000000000000000000 ) ) ;
#2499 = EDGE_CURVE ( 'NONE', #6729, #5748, #2220, .T. ) ;
#2500 = CARTESIAN_POINT ( 'NONE',  ( -0.3152945899678089581, 0.3500000000000000333, 0.3184288535050185942 ) ) ;
#2501 = EDGE_LOOP ( 'NONE', ( #4409, #497, #3272, #2905 ) ) ;
#2502 = DIRECTION ( 'NONE',  ( 0.1629875097639798265, 0.000000000000000000, 0.9866281324090331317 ) ) ;
#2503 = DIRECTION ( 'NONE',  ( 0.000000000000000000, 1.000000000000000000, 0.000000000000000000 ) ) ;
#2504 = LINE ( 'NONE', #3585, #6242 ) ;
#2505 = APPLICATION_CONTEXT ( 'automotive_design' ) ;
#2506 = PLANE ( 'NONE',  #121 ) ;
#2507 = CARTESIAN_POINT ( 'NONE',  ( 1.506366858664325292, 0.000000000000000000, -3.126278588807858139 ) ) ;
#2508 = ORIENTED_EDGE ( 'NONE', *, *, #5820, .F. ) ;
#2509 = ORIENTED_EDGE ( 'NONE', *, *, #2005, .F. ) ;
#2510 = ORIENTED_EDGE ( 'NONE', *, *, #2837, .T. ) ;
#2511 = CLOSED_SHELL ( 'NONE', ( #1115, #6748, #3934, #4740, #461, #3356, #5515, #6827, #3140, #504, #4197, #3884, #2166, #1970, #5536, #4264, #6074, #620, #4074, #470, #3949, #4157, #1350, #3547, #5950, #6737, #2584, #3853, #5517, #385, #6502, #1242, #2148, #5533, #3379, #6515, #3472, #1918, #936, #1320, #980, #5496, #2800, #3427, #3689, #6717, #561, #2829, #2574, #1365, #6488, #548, #489, #3001, #5200, #1137, #1809, #5941, #3512, #6754, #3593, #4604, #1047, #4611, #4784, #4891, #1152, #3307, #2926, #3127, #3460, #969, #2716, #1485, #6334, #4529, #5896, #1838, #2280, #5073, #181, #1718, #2352, #598, #6849, #6551 ) ) ;
#2512 = CARTESIAN_POINT ( 'NONE',  ( -3.017691453623852826, 0.5000000000000000000, -1.973205080756663898 ) ) ;
#2513 = CARTESIAN_POINT ( 'NONE',  ( -0.5435971967451100895, 0.000000000000000000, 3.620351227372337721 ) ) ;
#2514 = LINE ( 'NONE', #4639, #2243 ) ;
#2515 = ORIENTED_EDGE ( 'NONE', *, *, #3830, .T. ) ;
#2516 = CIRCLE ( 'NONE', #5417, 0.2000000000000000389 ) ;
#2517 = DIRECTION ( 'NONE',  ( -0.000000000000000000, -1.000000000000000000, -0.000000000000000000 ) ) ;
#2518 = ORIENTED_EDGE ( 'NONE', *, *, #511, .T. ) ;
#2519 = CYLINDRICAL_SURFACE ( 'NONE', #5672, 0.2000000000000000389 ) ;
#2520 = AXIS2_PLACEMENT_3D ( 'NONE', #5769, #4200, #6743 ) ;
#2521 = DIRECTION ( 'NONE',  ( 0.000000000000000000, 1.000000000000000000, -0.000000000000000000 ) ) ;
#2522 = ORIENTED_EDGE ( 'NONE', *, *, #1539, .T. ) ;
#2523 = DIRECTION ( 'NONE',  ( -0.000000000000000000, 0.000000000000000000, 1.000000000000000000 ) ) ;
#2524 = VECTOR ( 'NONE', #929, 39.37007874015748854 ) ;
#2525 = ITEM_DEFINED_TRANSFORMATION ( 'NONE', 'NONE', #912,  #3479 ) ;
#2526 = EDGE_CURVE ( 'NONE', #3361, #5322, #4447, .T. ) ;
#2527 = EDGE_LOOP ( 'NONE', ( #6044, #5585, #4957, #4100 ) ) ;
#2528 = LINE ( 'NONE', #5316, #3766 ) ;
#2529 = DIRECTION ( 'NONE',  ( 0.000000000000000000, 1.000000000000000000, -0.000000000000000000 ) ) ;
#2530 = VECTOR ( 'NONE', #1233, 39.37007874015748854 ) ;
#2531 = CARTESIAN_POINT ( 'NONE',  ( 0.000000000000000000, 0.2500000000000000000, -2.000000000000000000 ) ) ;
#2532 = SHAPE_REPRESENTATION ( 'CoilUnitHousingPlate', ( #3479 ), #5038 ) ;
#2533 = EDGE_CURVE ( 'NONE', #6630, #4608, #1802, .T. ) ;
#2534 = EDGE_LOOP ( 'NONE', ( #584, #4730, #2686, #3226, #5930, #3386, #715, #976 ) ) ;
#2535 = CIRCLE ( 'NONE', #508, 0.2000000000000000389 ) ;
#2536 = CARTESIAN_POINT ( 'NONE',  ( -3.017691453623594811, 0.2500000000000000000, 1.973205080757110208 ) ) ;
#2537 = DIRECTION ( 'NONE',  ( 0.000000000000000000, 0.000000000000000000, 1.000000000000000000 ) ) ;
#2538 = DIRECTION ( 'NONE',  ( 0.000000000000000000, 0.000000000000000000, -1.000000000000000000 ) ) ;
#2539 = CARTESIAN_POINT ( 'NONE',  ( 5.108559816677837734E-13, 0.5000000000000000000, 2.000000000000000000 ) ) ;
#2540 = CARTESIAN_POINT ( 'NONE',  ( -2.614979001592735219, 1.000000000000000000, 2.470723508515658029 ) ) ;
#2541 = PRODUCT_DEFINITION_CONTEXT ( 'detailed design', #443, 'design' ) ;
#2542 = ORIENTED_EDGE ( 'NONE', *, *, #1269, .T. ) ;
#2543 = PRODUCT_DEFINITION_SHAPE ( 'NONE', 'NONE',  #6905 ) ;
#2544 =( LENGTH_UNIT ( ) NAMED_UNIT ( * ) SI_UNIT ( $, .METRE. ) );
#2545 = ORIENTED_EDGE ( 'NONE', *, *, #1592, .F. ) ;
#2546 = ORIENTED_EDGE ( 'NONE', *, *, #6507, .T. ) ;
#2547 = AXIS2_PLACEMENT_3D ( 'NONE', #1394, #1332, #4010 ) ;
#2548 = CARTESIAN_POINT ( 'NONE',  ( 0.2503407046077100739, 0.3499999999999999778, 0.3450000000000000289 ) ) ;
#2549 = DIRECTION ( 'NONE',  ( 0.000000000000000000, 0.000000000000000000, -1.000000000000000000 ) ) ;
#2550 = VECTOR ( 'NONE', #4035, 39.37007874015748854 ) ;
#2551 = CARTESIAN_POINT ( 'NONE',  ( 0.000000000000000000, 1.000000000000000000, 0.5000000000000000000 ) ) ;
#2552 = ORIENTED_EDGE ( 'NONE', *, *, #3844, .T. ) ;
#2553 = FACE_OUTER_BOUND ( 'NONE', #4988, .T. ) ;
#2554 = LINE ( 'NONE', #3888, #1884 ) ;
#2555 = VECTOR ( 'NONE', #264, 39.37007874015748143 ) ;
#2556 = DIRECTION ( 'NONE',  ( 0.000000000000000000, 1.000000000000000000, -0.000000000000000000 ) ) ;
#2557 = CARTESIAN_POINT ( 'NONE',  ( 1.173205080757364627, 0.5000000000000000000, 1.632050807568749651 ) ) ;
#2558 = VERTEX_POINT ( 'NONE', #1768 ) ;
#2559 = DIRECTION ( 'NONE',  ( 2.774533118565266499E-16, 0.000000000000000000, 1.000000000000000000 ) ) ;
#2560 = VECTOR ( 'NONE', #387, 39.37007874015748854 ) ;
#2561 = VECTOR ( 'NONE', #2690, 39.37007874015748143 ) ;
#2562 = VERTEX_POINT ( 'NONE', #6586 ) ;
#2563 = FACE_OUTER_BOUND ( 'NONE', #6288, .T. ) ;
#2564 = CARTESIAN_POINT ( 'NONE',  ( 1.160284766201819417, 0.000000000000000000, 1.918881981277028137 ) ) ;
#2565 = VECTOR ( 'NONE', #671, 39.37007874015748143 ) ;
#2566 = PRODUCT_DEFINITION ( 'UNKNOWN', '', #5718, #920 ) ;
#2567 = CARTESIAN_POINT ( 'NONE',  ( -0.6590147425487534738, 0.3500000000000000333, -0.8000000000000000444 ) ) ;
#2568 = EDGE_LOOP ( 'NONE', ( #2582, #2343, #6294, #139 ) ) ;
#2569 = CIRCLE ( 'NONE', #4921, 0.1999999999999997891 ) ;
#2570 = AXIS2_PLACEMENT_3D ( 'NONE', #6416, #2652, #6350 ) ;
#2571 = CARTESIAN_POINT ( 'NONE',  ( -3.599999999999744738, 0.5000000000000000000, -0.1999999999997440769 ) ) ;
#2572 = DIRECTION ( 'NONE',  ( 0.000000000000000000, 0.000000000000000000, -1.000000000000000000 ) ) ;
#2573 = DIRECTION ( 'NONE',  ( -0.000000000000000000, 1.000000000000000000, -0.000000000000000000 ) ) ;
#2574 = ADVANCED_FACE ( 'NONE', ( #678 ), #1164, .F. ) ;
#2575 = AXIS2_PLACEMENT_3D ( 'NONE', #3918, #575, #4465 ) ;
#2576 = EDGE_CURVE ( 'NONE', #2723, #4412, #1234, .T. ) ;
#2577 = DIRECTION ( 'NONE',  ( -0.000000000000000000, -1.000000000000000000, -0.000000000000000000 ) ) ;
#2578 = DIRECTION ( 'NONE',  ( 0.000000000000000000, 0.000000000000000000, 1.000000000000000000 ) ) ;
#2579 = ORIENTED_EDGE ( 'NONE', *, *, #4732, .T. ) ;
#2580 = DIRECTION ( 'NONE',  ( 1.000000000000000000, 0.000000000000000000, 0.000000000000000000 ) ) ;
#2581 = ORIENTED_EDGE ( 'NONE', *, *, #2150, .F. ) ;
#2582 = ORIENTED_EDGE ( 'NONE', *, *, #1477, .F. ) ;
#2583 = LINE ( 'NONE', #5298, #3135 ) ;
#2584 = ADVANCED_FACE ( 'NONE', ( #188 ), #5923, .F. ) ;
#2585 = EDGE_CURVE ( 'NONE', #335, #2273, #1260, .T. ) ;
#2586 =( CONVERSION_BASED_UNIT ( 'INCH', #3070 ) LENGTH_UNIT ( ) NAMED_UNIT ( #3697 ) );
#2587 =( NAMED_UNIT ( * ) SI_UNIT ( $, .STERADIAN. ) SOLID_ANGLE_UNIT ( ) );
#2588 = CARTESIAN_POINT ( 'NONE',  ( 0.3486279233011423395, -0.3499999999999999778, 0.3634288535050185232 ) ) ;
#2589 = LINE ( 'NONE', #1210, #1377 ) ;
#2590 = CARTESIAN_POINT ( 'NONE',  ( 1.558041587762013735, 1.000000000000000000, 1.627677395670831251 ) ) ;
#2591 = PRODUCT ( 'RotorAssembly', 'RotorAssembly', '', ( #2385 ) ) ;
#2592 = VERTEX_POINT ( 'NONE', #3411 ) ;
#2593 = DIRECTION ( 'NONE',  ( -0.5000000000000037748, -0.000000000000000000, 0.8660254037844362651 ) ) ;
#2594 = DIRECTION ( 'NONE',  ( -0.000000000000000000, 1.000000000000000000, -0.000000000000000000 ) ) ;
#2595 = DIRECTION ( 'NONE',  ( -0.4999999999999918954, 0.000000000000000000, -0.8660254037844431485 ) ) ;
#2596 = DIRECTION ( 'NONE',  ( 0.000000000000000000, 0.000000000000000000, 1.000000000000000000 ) ) ;
#2597 = ORIENTED_EDGE ( 'NONE', *, *, #2881, .F. ) ;
#2598 = VERTEX_POINT ( 'NONE', #2322 ) ;
#2599 = CONTEXT_DEPENDENT_SHAPE_REPRESENTATION ( #6651, #6773 ) ;
#2600 = CARTESIAN_POINT ( 'NONE',  ( -1.969615506024412266, 0.000000000000000000, -0.3472963553338812015 ) ) ;
#2601 = AXIS2_PLACEMENT_3D ( 'NONE', #396, #2086, #1554 ) ;
#2602 = EDGE_CURVE ( 'NONE', #4745, #5411, #3872, .T. ) ;
#2603 = CARTESIAN_POINT ( 'NONE',  ( 2.044981375148588576, 0.000000000000000000, 0.08012472804975413754 ) ) ;
#2604 = PLANE ( 'NONE',  #1424 ) ;
#2605 = ORIENTED_EDGE ( 'NONE', *, *, #6506, .T. ) ;
#2606 = EDGE_CURVE ( 'NONE', #4608, #4510, #1699, .T. ) ;
#2607 = LINE ( 'NONE', #6862, #5019 ) ;
#2608 = EDGE_CURVE ( 'NONE', #2598, #5218, #4954, .T. ) ;
#2609 = CARTESIAN_POINT ( 'NONE',  ( 0.6590147425487534738, 0.5000000000000000000, -0.7999999999999999334 ) ) ;
#2610 = FACE_OUTER_BOUND ( 'NONE', #1231, .T. ) ;
#2611 = CARTESIAN_POINT ( 'NONE',  ( -0.8555891799356180050, 0.000000000000000000, -3.363142292989961035 ) ) ;
#2612 = UNCERTAINTY_MEASURE_WITH_UNIT (LENGTH_MEASURE( 1.000000000000000082E-05 ), #663, 'distance_accuracy_value', 'NONE');
#2613 = ORIENTED_EDGE ( 'NONE', *, *, #3634, .F. ) ;
#2614 = DIRECTION ( 'NONE',  ( 0.8660254037844380415, 0.000000000000000000, -0.5000000000000009992 ) ) ;
#2615 = EDGE_LOOP ( 'NONE', ( #3394, #6448, #5075, #871 ) ) ;
#2616 = ORIENTED_EDGE ( 'NONE', *, *, #4385, .F. ) ;
#2617 = CARTESIAN_POINT ( 'NONE',  ( -1.746607323071556861, 1.000000000000000000, -1.406318475930141476 ) ) ;
#2618 = EDGE_CURVE ( 'NONE', #1376, #450, #6670, .T. ) ;
#2619 = LINE ( 'NONE', #5791, #4121 ) ;
#2620 = DIRECTION ( 'NONE',  ( 1.000000000000000000, 0.000000000000000000, 0.000000000000000000 ) ) ;
#2621 = CARTESIAN_POINT ( 'NONE',  ( -2.239779962957428427, 0.000000000000000000, 0.2453833961542115083 ) ) ;
#2622 = DIRECTION ( 'NONE',  ( 0.000000000000000000, 0.000000000000000000, -1.000000000000000000 ) ) ;
#2623 = EDGE_CURVE ( 'NONE', #6171, #6790, #1128, .T. ) ;
#2624 =( NAMED_UNIT ( * ) SI_UNIT ( $, .STERADIAN. ) SOLID_ANGLE_UNIT ( ) );
#2625 = EDGE_CURVE ( 'NONE', #237, #5279, #157, .T. ) ;
#2626 = ORIENTED_EDGE ( 'NONE', *, *, #4850, .F. ) ;
#2627 = AXIS2_PLACEMENT_3D ( 'NONE', #24, #4297, #5899 ) ;
#2628 = EDGE_CURVE ( 'NONE', #4292, #2111, #4424, .T. ) ;
#2629 = EDGE_CURVE ( 'NONE', #3236, #2562, #4986, .T. ) ;
#2630 = DIRECTION ( 'NONE',  ( 0.000000000000000000, 0.000000000000000000, 1.000000000000000000 ) ) ;
#2631 = DIRECTION ( 'NONE',  ( 0.000000000000000000, 0.000000000000000000, -1.000000000000000000 ) ) ;
#2632 = FACE_OUTER_BOUND ( 'NONE', #4497, .T. ) ;
#2633 = VECTOR ( 'NONE', #5676, 39.37007874015748143 ) ;
#2634 = DIRECTION ( 'NONE',  ( -0.000000000000000000, 1.000000000000000000, -0.000000000000000000 ) ) ;
#2635 = ORIENTED_EDGE ( 'NONE', *, *, #1186, .F. ) ;
#2636 = CARTESIAN_POINT ( 'NONE',  ( -1.173205080756410723, 0.2500000000000000000, 1.632050807569005224 ) ) ;
#2637 = VERTEX_POINT ( 'NONE', #737 ) ;
#2638 = ITEM_DEFINED_TRANSFORMATION ( 'NONE', 'NONE', #6485,  #5255 ) ;
#2639 = FACE_OUTER_BOUND ( 'NONE', #2183, .T. ) ;
#2640 = AXIS2_PLACEMENT_3D ( 'NONE', #1573, #6431, #3298 ) ;
#2641 = CYLINDRICAL_SURFACE ( 'NONE', #2329, 0.1999999999999995115 ) ;
#2642 = LINE ( 'NONE', #40, #2334 ) ;
#2643 = AXIS2_PLACEMENT_3D ( 'NONE', #2029, #4062, #5691 ) ;
#2644 = ORIENTED_EDGE ( 'NONE', *, *, #1535, .T. ) ;
#2645 = DIRECTION ( 'NONE',  ( 0.000000000000000000, 1.000000000000000000, 0.000000000000000000 ) ) ;
#2646 = DIRECTION ( 'NONE',  ( 0.5000000000000041078, 0.000000000000000000, -0.8660254037844362651 ) ) ;
#2647 = DIRECTION ( 'NONE',  ( 0.1842885350501856367, 0.000000000000000000, 0.9828721869343218787 ) ) ;
#2648 = ORIENTED_EDGE ( 'NONE', *, *, #1595, .F. ) ;
#2649 = CARTESIAN_POINT ( 'NONE',  ( 1.138789811728823320, 2.928964839118206598, 1.059618756977697585 ) ) ;
#2650 = ORIENTED_EDGE ( 'NONE', *, *, #4114, .F. ) ;
#2651 = VERTEX_POINT ( 'NONE', #597 ) ;
#2652 = DIRECTION ( 'NONE',  ( 1.000000000000000000, 0.000000000000000000, -2.561107494060247137E-16 ) ) ;
#2653 = DIRECTION ( 'NONE',  ( -0.000000000000000000, 1.000000000000000000, -0.000000000000000000 ) ) ;
#2654 = CIRCLE ( 'NONE', #4994, 0.2000000000000000389 ) ;
#2655 = EDGE_CURVE ( 'NONE', #2651, #2052, #81, .T. ) ;
#2656 = PLANE ( 'NONE',  #1559 ) ;
#2657 = DIRECTION ( 'NONE',  ( -0.000000000000000000, -1.000000000000000000, -0.000000000000000000 ) ) ;
#2658 = CARTESIAN_POINT ( 'NONE',  ( 0.000000000000000000, 1.000000000000000000, -4.000000000000000000 ) ) ;
#2659 = VECTOR ( 'NONE', #1369, 39.37007874015748143 ) ;
#2660 = ORIENTED_EDGE ( 'NONE', *, *, #4861, .F. ) ;
#2661 = DIRECTION ( 'NONE',  ( 0.000000000000000000, 0.000000000000000000, -1.000000000000000000 ) ) ;
#2662 = FACE_OUTER_BOUND ( 'NONE', #3026, .T. ) ;
#2663 = DIRECTION ( 'NONE',  ( 0.000000000000000000, 0.000000000000000000, 1.000000000000000000 ) ) ;
#2664 = VECTOR ( 'NONE', #2291, 39.37007874015748143 ) ;
#2665 = EDGE_CURVE ( 'NONE', #103, #87, #5216, .T. ) ;
#2666 = CARTESIAN_POINT ( 'NONE',  ( -0.6305891799356175831, 0.5000000000000000000, 0.6368577070100371884 ) ) ;
#2667 = VERTEX_POINT ( 'NONE', #632 ) ;
#2668 = DIRECTION ( 'NONE',  ( 0.8713821640347833020, 0.000000000000000000, -0.4906048554611521229 ) ) ;
#2669 = VECTOR ( 'NONE', #2711, 39.37007874015748143 ) ;
#2670 = DIRECTION ( 'NONE',  ( 0.9396926207859105373, -0.000000000000000000, -0.3420201433256630508 ) ) ;
#2671 = DIRECTION ( 'NONE',  ( -0.6510346464468441674, 0.000000000000000000, 0.7590480150331945230 ) ) ;
#2672 = CARTESIAN_POINT ( 'NONE',  ( 3.217691453624362374, 0.2500000000000000000, 1.626794919242890547 ) ) ;
#2673 = ORIENTED_EDGE ( 'NONE', *, *, #11, .F. ) ;
#2674 = AXIS2_PLACEMENT_3D ( 'NONE', #1021, #4660, #5846 ) ;
#2675 = AXIS2_PLACEMENT_3D ( 'NONE', #5976, #2203, #3294 ) ;
#2676 = ORIENTED_EDGE ( 'NONE', *, *, #2442, .F. ) ;
#2677 = CARTESIAN_POINT ( 'NONE',  ( -0.1999999999994891697, 0.2500000000000000000, 2.000000000000000000 ) ) ;
#2678 = STYLED_ITEM ( 'NONE', ( #1897 ), #5800 ) ;
#2679 = LINE ( 'NONE', #950, #4438 ) ;
#2680 = CIRCLE ( 'NONE', #6581, 0.2000000000000000389 ) ;
#2681 = PLANE ( 'NONE',  #5476 ) ;
#2682 = FACE_OUTER_BOUND ( 'NONE', #3570, .T. ) ;
#2683 = AXIS2_PLACEMENT_3D ( 'NONE', #4220, #5898, #5969 ) ;
#2684 = UNCERTAINTY_MEASURE_WITH_UNIT (LENGTH_MEASURE( 1.000000000000000082E-05 ), #3625, 'distance_accuracy_value', 'NONE');
#2685 = ORIENTED_EDGE ( 'NONE', *, *, #5632, .F. ) ;
#2686 = ORIENTED_EDGE ( 'NONE', *, *, #4834, .T. ) ;
#2687 = VERTEX_POINT ( 'NONE', #4395 ) ;
#2688 = CARTESIAN_POINT ( 'NONE',  ( -0.3152945899678089026, -0.3500000000000000333, 0.3184288535050185942 ) ) ;
#2689 = EDGE_CURVE ( 'NONE', #5878, #5910, #5600, .T. ) ;
#2690 = DIRECTION ( 'NONE',  ( -0.000000000000000000, 1.000000000000000000, -0.000000000000000000 ) ) ;
#2691 = AXIS2_PLACEMENT_3D ( 'NONE', #2899, #2396, #3951 ) ;
#2692 = DIRECTION ( 'NONE',  ( -0.9396926207859011004, -3.239521767463302742E-17, -0.3420201433256889745 ) ) ;
#2693 = CARTESIAN_POINT ( 'NONE',  ( -3.447198824898366265, 0.000000000000000000, 1.229276491484287082 ) ) ;
#2694 = CARTESIAN_POINT ( 'NONE',  ( 2.091211187502687530, 1.000000000000000000, -0.8094470742508508287 ) ) ;
#2695 =( REPRESENTATION_RELATIONSHIP ('NONE','NONE', #880, #6553 ) REPRESENTATION_RELATIONSHIP_WITH_TRANSFORMATION ( #2525 )SHAPE_REPRESENTATION_RELATIONSHIP( ) );
#2696 = CARTESIAN_POINT ( 'NONE',  ( 6.123233995736766036E-17, 0.000000000000000000, -0.5000000000000000000 ) ) ;
#2697 = AXIS2_PLACEMENT_3D ( 'NONE', #6169, #2964, #4596 ) ;
#2698 = ORIENTED_EDGE ( 'NONE', *, *, #4641, .F. ) ;
#2699 = VERTEX_POINT ( 'NONE', #6620 ) ;
#2700 = DIRECTION ( 'NONE',  ( 0.9396926207859059854, -0.000000000000000000, 0.3420201433256754853 ) ) ;
#2701 = SURFACE_SIDE_STYLE ('',( #547 ) ) ;
#2702 = FACE_OUTER_BOUND ( 'NONE', #2527, .T. ) ;
#2703 = AXIS2_PLACEMENT_3D ( 'NONE', #4598, #6837, #466 ) ;
#2704 = DIRECTION ( 'NONE',  ( 0.000000000000000000, 0.000000000000000000, 1.000000000000000000 ) ) ;
#2705 = ORIENTED_EDGE ( 'NONE', *, *, #4346, .T. ) ;
#2706 = CARTESIAN_POINT ( 'NONE',  ( 0.8267949192435893879, 0.2500000000000000000, 1.832050807568749384 ) ) ;
#2707 = VERTEX_POINT ( 'NONE', #3578 ) ;
#2708 = EDGE_CURVE ( 'NONE', #6220, #2284, #3777, .T. ) ;
#2709 = FACE_OUTER_BOUND ( 'NONE', #3279, .T. ) ;
#2710 = EDGE_CURVE ( 'NONE', #322, #2216, #1832, .T. ) ;
#2711 = DIRECTION ( 'NONE',  ( -0.000000000000000000, 1.000000000000000000, -0.000000000000000000 ) ) ;
#2712 = CARTESIAN_POINT ( 'NONE',  ( 0.4277945899678088915, -0.3499999999999999778, -0.2815711464949807175 ) ) ;
#2713 = FACE_OUTER_BOUND ( 'NONE', #19, .T. ) ;
#2714 = ORIENTED_EDGE ( 'NONE', *, *, #6847, .T. ) ;
#2715 = ORIENTED_EDGE ( 'NONE', *, *, #4320, .T. ) ;
#2716 = ADVANCED_FACE ( 'NONE', ( #5662 ), #6718, .F. ) ;
#2717 = DIRECTION ( 'NONE',  ( -0.000000000000000000, 1.000000000000000000, -0.000000000000000000 ) ) ;
#2718 = DIRECTION ( 'NONE',  ( -0.000000000000000000, 1.000000000000000000, -0.000000000000000000 ) ) ;
#2719 = VERTEX_POINT ( 'NONE', #6732 ) ;
#2720 = DIMENSIONAL_EXPONENTS ( 1.000000000000000000, 0.000000000000000000, 0.000000000000000000, 0.000000000000000000, 0.000000000000000000, 0.000000000000000000, 0.000000000000000000 ) ;
#2721 = CARTESIAN_POINT ( 'NONE',  ( -0.3295073712743768479, 0.3499999999999999778, -0.4000000000000000777 ) ) ;
#2722 = DIRECTION ( 'NONE',  ( -0.9828721869343218787, 0.000000000000000000, 0.1842885350501856645 ) ) ;
#2723 = VERTEX_POINT ( 'NONE', #839 ) ;
#2724 = ORIENTED_EDGE ( 'NONE', *, *, #6624, .T. ) ;
#2725 = ORIENTED_EDGE ( 'NONE', *, *, #3413, .F. ) ;
#2726 = CARTESIAN_POINT ( 'NONE',  ( -0.9073817267422200628, 0.000000000000000000, -2.062398044885628945 ) ) ;
#2727 = CARTESIAN_POINT ( 'NONE',  ( -1.632050807568750539, 0.2500000000000000000, -1.173205080756665186 ) ) ;
#2728 = CARTESIAN_POINT ( 'NONE',  ( -1.746607323071556861, 0.000000000000000000, -1.406318475930141476 ) ) ;
#2729 = CARTESIAN_POINT ( 'NONE',  ( 0.2170073712743761929, -0.3499999999999999778, 0.3999999999999999667 ) ) ;
#2730 = LINE ( 'NONE', #6459, #6650 ) ;
#2731 = ORIENTED_EDGE ( 'NONE', *, *, #4979, .F. ) ;
#2732 = ORIENTED_EDGE ( 'NONE', *, *, #3388, .F. ) ;
#2733 = DIRECTION ( 'NONE',  ( 0.000000000000000000, 0.000000000000000000, 1.000000000000000000 ) ) ;
#2734 =( NAMED_UNIT ( * ) PLANE_ANGLE_UNIT ( ) SI_UNIT ( $, .RADIAN. ) );
#2735 = DIRECTION ( 'NONE',  ( -0.8605673500667444520, 0.000000000000000000, -0.5093366627282012171 ) ) ;
#2736 = APPLICATION_CONTEXT ( 'automotive_design' ) ;
#2737 = PLANE ( 'NONE',  #1325 ) ;
#2738 = VERTEX_POINT ( 'NONE', #5080 ) ;
#2739 = DIRECTION ( 'NONE',  ( -0.000000000000000000, 1.000000000000000000, -0.000000000000000000 ) ) ;
#2740 = EDGE_CURVE ( 'NONE', #4624, #3054, #3021, .T. ) ;
#2741 = VERTEX_POINT ( 'NONE', #1938 ) ;
#2742 = ADVANCED_FACE ( 'NONE', ( #3974, #221, #317, #4517, #1904, #4048, #5114, #2462, #2387, #1968, #1430, #3057, #6161, #6226 ), #1363, .T. ) ;
#2743 = DIRECTION ( 'NONE',  ( -0.8660254037844382635, 0.000000000000000000, 0.5000000000000006661 ) ) ;
#2744 = CARTESIAN_POINT ( 'NONE',  ( -1.632050807568493633, 0.2500000000000000000, 1.173205080757109720 ) ) ;
#2745 = CLOSED_SHELL ( 'NONE', ( #2232, #6235, #5792, #2742, #1876, #4663, #5750, #4618, #773, #5816, #808, #1161, #2969, #647, #3971, #6877, #3575, #2414, #1748, #6332, #1846, #5489, #943, #1624, #2013, #3956, #6797, #138, #2186, #1803, #6711, #1917, #4116, #6023, #3087, #6573, #3334, #6142, #6325, #3994, #65, #6227, #5897, #1319, #6034, #5053, #6730, #281, #1142, #1064, #4688, #3799, #1488, #2231, #1570, #852, #1885, #6324, #1174, #3115, #762, #4746, #4681, #5798, #2098, #4833 ) ) ;
#2746 = FACE_OUTER_BOUND ( 'NONE', #5593, .T. ) ;
#2747 = DIRECTION ( 'NONE',  ( 0.000000000000000000, 0.000000000000000000, 1.000000000000000000 ) ) ;
#2748 = ORIENTED_EDGE ( 'NONE', *, *, #3262, .T. ) ;
#2749 = EDGE_CURVE ( 'NONE', #3266, #1935, #3510, .T. ) ;
#2750 = AXIS2_PLACEMENT_3D ( 'NONE', #3731, #6412, #6835 ) ;
#2751 = VERTEX_POINT ( 'NONE', #1293 ) ;
#2752 = PLANE ( 'NONE',  #3646 ) ;
#2753 = CARTESIAN_POINT ( 'NONE',  ( -0.6305891799356175831, 0.5000000000000000000, 0.6368577070100371884 ) ) ;
#2754 = CIRCLE ( 'NONE', #1505, 0.2000000000000003164 ) ;
#2755 = EDGE_CURVE ( 'NONE', #2854, #5939, #5630, .T. ) ;
#2756 = DIRECTION ( 'NONE',  ( 0.000000000000000000, 0.000000000000000000, 1.000000000000000000 ) ) ;
#2757 = CARTESIAN_POINT ( 'NONE',  ( -0.8555891799356177829, 0.5000000000000000000, -0.5631422929899626562 ) ) ;
#2758 = ORIENTED_EDGE ( 'NONE', *, *, #5347, .F. ) ;
#2759 = APPLICATION_PROTOCOL_DEFINITION ( 'draft international standard', 'automotive_design', 1998, #6164 ) ;
#2760 = ORIENTED_EDGE ( 'NONE', *, *, #2051, .F. ) ;
#2761 = ORIENTED_EDGE ( 'NONE', *, *, #6507, .F. ) ;
#2762 = AXIS2_PLACEMENT_3D ( 'NONE', #156, #2856, #1162 ) ;
#2763 = DIRECTION ( 'NONE',  ( 0.000000000000000000, -1.000000000000000000, 0.000000000000000000 ) ) ;
#2764 = CARTESIAN_POINT ( 'NONE',  ( -0.1999999999994891697, 0.5000000000000000000, 2.000000000000000000 ) ) ;
#2765 =( LENGTH_UNIT ( ) NAMED_UNIT ( * ) SI_UNIT ( $, .METRE. ) );
#2766 = CARTESIAN_POINT ( 'NONE',  ( 2.000000000000255351, 0.2500000000000000000, -2.554279908338918867E-13 ) ) ;
#2767 = DIRECTION ( 'NONE',  ( 1.000000000000000000, 0.000000000000000000, -3.414809992080328530E-16 ) ) ;
#2768 = DIRECTION ( 'NONE',  ( 0.000000000000000000, 0.000000000000000000, -1.000000000000000000 ) ) ;
#2769 = EDGE_LOOP ( 'NONE', ( #5161, #4199, #5483, #1877 ) ) ;
#2770 = DIMENSIONAL_EXPONENTS ( 1.000000000000000000, 0.000000000000000000, 0.000000000000000000, 0.000000000000000000, 0.000000000000000000, 0.000000000000000000, 0.000000000000000000 ) ;
#2771 = ORIENTED_EDGE ( 'NONE', *, *, #5321, .F. ) ;
#2772 = FACE_OUTER_BOUND ( 'NONE', #6763, .T. ) ;
#2773 = PLANE ( 'NONE',  #2675 ) ;
#2774 = PLANE ( 'NONE',  #6808 ) ;
#2775 = VERTEX_POINT ( 'NONE', #4075 ) ;
#2776 = CIRCLE ( 'NONE', #5882, 0.2000000000000000389 ) ;
#2777 = CARTESIAN_POINT ( 'NONE',  ( -1.782139777869485187, 0.000000000000000000, 2.969558593971822091 ) ) ;
#2778 = ORIENTED_EDGE ( 'NONE', *, *, #6535, .F. ) ;
#2779 = CYLINDRICAL_SURFACE ( 'NONE', #5650, 0.1999999999999999278 ) ;
#2780 = CARTESIAN_POINT ( 'NONE',  ( -3.117691453623995912, 0.000000000000000000, 1.799999999999970957 ) ) ;
#2781 = VECTOR ( 'NONE', #251, 39.37007874015748143 ) ;
#2782 = DIRECTION ( 'NONE',  ( 0.000000000000000000, 0.000000000000000000, 1.000000000000000000 ) ) ;
#2783 = CARTESIAN_POINT ( 'NONE',  ( -1.969615506024412266, 1.000000000000000000, -0.3472963553338812015 ) ) ;
#2784 = VERTEX_POINT ( 'NONE', #5705 ) ;
#2785 = CIRCLE ( 'NONE', #6676, 0.2000000000000000389 ) ;
#2786 = ORIENTED_EDGE ( 'NONE', *, *, #3040, .F. ) ;
#2787 = DIRECTION ( 'NONE',  ( -0.000000000000000000, 1.000000000000000000, -0.000000000000000000 ) ) ;
#2788 = VECTOR ( 'NONE', #3843, 39.37007874015748143 ) ;
#2789 = AXIS2_PLACEMENT_3D ( 'NONE', #6174, #202, #5097 ) ;
#2790 = DIRECTION ( 'NONE',  ( 0.7590480150332035159, 0.000000000000000000, -0.6510346464468336203 ) ) ;
#2791 = CARTESIAN_POINT ( 'NONE',  ( 3.017691453624106845, 0.2500000000000000000, -1.973205080757108876 ) ) ;
#2792 = ORIENTED_EDGE ( 'NONE', *, *, #1581, .T. ) ;
#2793 = APPLICATION_PROTOCOL_DEFINITION ( 'draft international standard', 'automotive_design', 1998, #6828 ) ;
#2794 = VECTOR ( 'NONE', #5220, 39.37007874015748143 ) ;
#2795 = EDGE_LOOP ( 'NONE', ( #2761, #2714, #4235, #1880 ) ) ;
#2796 = PRESENTATION_LAYER_ASSIGNMENT (  '', '', ( #5127 ) ) ;
#2797 = ORIENTED_EDGE ( 'NONE', *, *, #2606, .F. ) ;
#2798 = CARTESIAN_POINT ( 'NONE',  ( 1.800000000000033795, 0.5000000000000000000, -3.117691453624107378 ) ) ;
#2799 = EDGE_CURVE ( 'NONE', #5996, #1821, #4485, .T. ) ;
#2800 = ADVANCED_FACE ( 'NONE', ( #2358 ), #3484, .F. ) ;
#2801 = DIRECTION ( 'NONE',  ( -0.9433365500833861272, 0.000000000000000000, 0.3318375404874726042 ) ) ;
#2802 = AXIS2_PLACEMENT_3D ( 'NONE', #6853, #2068, #2704 ) ;
#2803 = CARTESIAN_POINT ( 'NONE',  ( 2.818869976334500649, 0.000000000000000000, -2.334153484117214461 ) ) ;
#2804 = DIRECTION ( 'NONE',  ( 0.000000000000000000, 0.000000000000000000, -1.000000000000000000 ) ) ;
#2805 = EDGE_LOOP ( 'NONE', ( #5787, #6855, #5117, #436 ) ) ;
#2806 = ORIENTED_EDGE ( 'NONE', *, *, #6327, .F. ) ;
#2807 = VERTEX_POINT ( 'NONE', #3539 ) ;
#2808 = AXIS2_PLACEMENT_3D ( 'NONE', #5868, #4646, #410 ) ;
#2809 = CARTESIAN_POINT ( 'NONE',  ( -0.2000000000000001221, 0.2500000000000000000, -0.8000000000000000444 ) ) ;
#2810 = LINE ( 'NONE', #6394, #3560 ) ;
#2811 = DIRECTION ( 'NONE',  ( -0.000000000000000000, 1.000000000000000000, -0.000000000000000000 ) ) ;
#2812 = CARTESIAN_POINT ( 'NONE',  ( 0.2000000000000001221, 0.000000000000000000, 0.8000000000000000444 ) ) ;
#2813 = ORIENTED_EDGE ( 'NONE', *, *, #4330, .F. ) ;
#2814 = LINE ( 'NONE', #5911, #1849 ) ;
#2815 = ORIENTED_EDGE ( 'NONE', *, *, #2628, .F. ) ;
#2816 = DIRECTION ( 'NONE',  ( 0.7590480150332034048, 0.000000000000000000, -0.6510346464468337313 ) ) ;
#2817 = AXIS2_PLACEMENT_3D ( 'NONE', #2235, #4372, #5895 ) ;
#2818 = DIRECTION ( 'NONE',  ( -0.000000000000000000, 1.000000000000000000, -0.000000000000000000 ) ) ;
#2819 = DIMENSIONAL_EXPONENTS ( 1.000000000000000000, 0.000000000000000000, 0.000000000000000000, 0.000000000000000000, 0.000000000000000000, 0.000000000000000000, 0.000000000000000000 ) ;
#2820 = DIRECTION ( 'NONE',  ( 0.5000000000000002220, 0.000000000000000000, -0.8660254037844385966 ) ) ;
#2821 = DIRECTION ( 'NONE',  ( 0.000000000000000000, 0.000000000000000000, -1.000000000000000000 ) ) ;
#2822 = ORIENTED_EDGE ( 'NONE', *, *, #5096, .F. ) ;
#2823 = ORIENTED_EDGE ( 'NONE', *, *, #3820, .T. ) ;
#2824 = EDGE_CURVE ( 'NONE', #262, #2249, #354, .T. ) ;
#2825 = DIRECTION ( 'NONE',  ( 1.280553747030123569E-16, 0.000000000000000000, 1.000000000000000000 ) ) ;
#2826 = CARTESIAN_POINT ( 'NONE',  ( -0.3462715702633036852, 0.000000000000000000, 3.452948729325134636 ) ) ;
#2827 = PRODUCT ( 'RotorStatorAssembly_STEP214', 'RotorStatorAssembly_STEP214', '', ( #639 ) ) ;
#2828 = ORIENTED_EDGE ( 'NONE', *, *, #2629, .T. ) ;
#2829 = ADVANCED_FACE ( 'NONE', ( #5563 ), #2930, .F. ) ;
#2830 = VERTEX_POINT ( 'NONE', #2603 ) ;
#2831 = CARTESIAN_POINT ( 'NONE',  ( -0.6590147425487534738, -0.5000000000000000000, -0.8000000000000000444 ) ) ;
#2832 = EDGE_CURVE ( 'NONE', #6728, #6187, #6, .T. ) ;
#2833 = CARTESIAN_POINT ( 'NONE',  ( 0.000000000000000000, 1.000000000000000000, 0.000000000000000000 ) ) ;
#2834 = DIRECTION ( 'NONE',  ( 0.8660254037844500319, 2.216514893527523383E-17, -0.4999999999999805711 ) ) ;
#2835 = DIRECTION ( 'NONE',  ( 0.000000000000000000, 0.000000000000000000, 1.000000000000000000 ) ) ;
#2836 = DIRECTION ( 'NONE',  ( 0.000000000000000000, 0.000000000000000000, -1.000000000000000000 ) ) ;
#2837 = EDGE_CURVE ( 'NONE', #4724, #1412, #4897, .T. ) ;
#2838 = ORIENTED_EDGE ( 'NONE', *, *, #1023, .T. ) ;
#2839 = ORIENTED_EDGE ( 'NONE', *, *, #2689, .F. ) ;
#2840 = EDGE_CURVE ( 'NONE', #6223, #6206, #5334, .T. ) ;
#2841 = ORIENTED_EDGE ( 'NONE', *, *, #2442, .T. ) ;
#2842 = EDGE_CURVE ( 'NONE', #5441, #3833, #4722, .T. ) ;
#2843 = LINE ( 'NONE', #5415, #6121 ) ;
#2844 = EDGE_CURVE ( 'NONE', #4718, #4173, #4549, .T. ) ;
#2845 = PLANE ( 'NONE',  #6477 ) ;
#2846 = ORIENTED_EDGE ( 'NONE', *, *, #6011, .T. ) ;
#2847 = EDGE_CURVE ( 'NONE', #2240, #905, #6402, .T. ) ;
#2848 = PLANE ( 'NONE',  #6872 ) ;
#2849 = ORIENTED_EDGE ( 'NONE', *, *, #6292, .F. ) ;
#2850 = CARTESIAN_POINT ( 'NONE',  ( 2.000000000000255351, 0.2500000000000000000, -0.2000000000002552791 ) ) ;
#2851 = CARTESIAN_POINT ( 'NONE',  ( 0.2170073712743767758, -0.3499999999999999778, 0.2999999999999999334 ) ) ;
#2852 = DIRECTION ( 'NONE',  ( 0.000000000000000000, 0.000000000000000000, -1.000000000000000000 ) ) ;
#2853 = DIRECTION ( 'NONE',  ( -1.000000000000000000, -0.000000000000000000, 8.998007023192930631E-17 ) ) ;
#2854 = VERTEX_POINT ( 'NONE', #3194 ) ;
#2855 = EDGE_LOOP ( 'NONE', ( #791, #6490, #2597, #6870 ) ) ;
#2856 = DIRECTION ( 'NONE',  ( 0.000000000000000000, 1.000000000000000000, 0.000000000000000000 ) ) ;
#2857 = CIRCLE ( 'NONE', #3410, 0.1000000000000000194 ) ;
#2858 = DIRECTION ( 'NONE',  ( -0.000000000000000000, -0.000000000000000000, 1.000000000000000000 ) ) ;
#2859 = ORIENTED_EDGE ( 'NONE', *, *, #6246, .T. ) ;
#2860 = ORIENTED_EDGE ( 'NONE', *, *, #4698, .T. ) ;
#2861 = CARTESIAN_POINT ( 'NONE',  ( 0.4340147425487537736, -0.3500000000000000333, 0.5999999999999999778 ) ) ;
#2862 = CARTESIAN_POINT ( 'NONE',  ( 0.000000000000000000, 0.2500000000000000000, 0.000000000000000000 ) ) ;
#2863 = EDGE_CURVE ( 'NONE', #4810, #3425, #527, .T. ) ;
#2864 = PLANE ( 'NONE',  #657 ) ;
#2865 = CARTESIAN_POINT ( 'NONE',  ( -0.4277945899678088915, 0.3499999999999999778, -0.2815711464949807175 ) ) ;
#2866 = LINE ( 'NONE', #4996, #3975 ) ;
#2867 = AXIS2_PLACEMENT_3D ( 'NONE', #3993, #824, #3400 ) ;
#2868 = VERTEX_POINT ( 'NONE', #4652 ) ;
#2869 = AXIS2_PLACEMENT_3D ( 'NONE', #610, #1562, #5829 ) ;
#2870 = APPLICATION_CONTEXT ( 'automotive_design' ) ;
#2871 = ORIENTED_EDGE ( 'NONE', *, *, #3430, .F. ) ;
#2872 = VERTEX_POINT ( 'NONE', #6787 ) ;
#2873 = FACE_OUTER_BOUND ( 'NONE', #4154, .T. ) ;
#2874 =( NAMED_UNIT ( * ) PLANE_ANGLE_UNIT ( ) SI_UNIT ( $, .RADIAN. ) );
#2875 = EDGE_LOOP ( 'NONE', ( #6082, #5396, #2169, #1471 ) ) ;
#2876 = LINE ( 'NONE', #2310, #5305 ) ;
#2877 = AXIS2_PLACEMENT_3D ( 'NONE', #6857, #1046, #4755 ) ;
#2878 = ORIENTED_EDGE ( 'NONE', *, *, #5398, .F. ) ;
#2879 = LINE ( 'NONE', #1253, #2091 ) ;
#2880 = PRODUCT_DEFINITION_SHAPE ( 'NONE', 'NONE',  #6919 ) ;
#2881 = EDGE_CURVE ( 'NONE', #5143, #4377, #2108, .T. ) ;
#2882 = CARTESIAN_POINT ( 'NONE',  ( -1.173205080756410723, 0.2500000000000000000, 1.632050807569005224 ) ) ;
#2883 = EDGE_CURVE ( 'NONE', #3143, #4213, #5814, .T. ) ;
#2884 = DIRECTION ( 'NONE',  ( 0.8660254037844388186, 0.000000000000000000, 0.4999999999999997224 ) ) ;
#2885 = VECTOR ( 'NONE', #4761, 39.37007874015748143 ) ;
#2886 = LINE ( 'NONE', #766, #2565 ) ;
#2887 = VERTEX_POINT ( 'NONE', #4278 ) ;
#2888 = ORIENTED_EDGE ( 'NONE', *, *, #223, .T. ) ;
#2889 = VECTOR ( 'NONE', #2957, 39.37007874015748143 ) ;
#2890 = DIRECTION ( 'NONE',  ( 0.1842885350501852482, 0.000000000000000000, 0.9828721869343218787 ) ) ;
#2891 = CARTESIAN_POINT ( 'NONE',  ( 1.688248517051381681, 0.000000000000000000, 1.475867792664191436 ) ) ;
#2892 = VECTOR ( 'NONE', #1616, 39.37007874015748143 ) ;
#2893 = ORIENTED_EDGE ( 'NONE', *, *, #1926, .T. ) ;
#2894 = ORIENTED_EDGE ( 'NONE', *, *, #1262, .F. ) ;
#2895 = LINE ( 'NONE', #2391, #439 ) ;
#2896 = AXIS2_PLACEMENT_3D ( 'NONE', #4159, #1986, #471 ) ;
#2897 = DIRECTION ( 'NONE',  ( 0.000000000000000000, 1.000000000000000000, 0.000000000000000000 ) ) ;
#2898 = FACE_OUTER_BOUND ( 'NONE', #3373, .T. ) ;
#2899 = CARTESIAN_POINT ( 'NONE',  ( 1.506366858664325292, 0.000000000000000000, -3.126278588807858139 ) ) ;
#2900 = DIRECTION ( 'NONE',  ( 0.000000000000000000, 0.000000000000000000, -1.000000000000000000 ) ) ;
#2901 = VECTOR ( 'NONE', #2934, 39.37007874015748854 ) ;
#2902 = CIRCLE ( 'NONE', #216, 0.2000000000000003164 ) ;
#2903 = VERTEX_POINT ( 'NONE', #1017 ) ;
#2904 = SHAPE_REPRESENTATION_RELATIONSHIP ( 'NONE' , 'NONE' ,  #6553, #2427 ) ;
#2905 = ORIENTED_EDGE ( 'NONE', *, *, #633, .T. ) ;
#2906 = ORIENTED_EDGE ( 'NONE', *, *, #2082, .T. ) ;
#2907 = EDGE_CURVE ( 'NONE', #1935, #3072, #981, .T. ) ;
#2908 = CARTESIAN_POINT ( 'NONE',  ( 1.873500401103514568, 1.000000000000000000, -1.251728221555592491 ) ) ;
#2909 = AXIS2_PLACEMENT_3D ( 'NONE', #6293, #6818, #2596 ) ;
#2910 = AXIS2_PLACEMENT_3D ( 'NONE', #5591, #3504, #3473 ) ;
#2911 = DIRECTION ( 'NONE',  ( -0.000000000000000000, 1.000000000000000000, 0.000000000000000000 ) ) ;
#2912 = VERTEX_POINT ( 'NONE', #4238 ) ;
#2913 = LINE ( 'NONE', #792, #5429 ) ;
#2914 = AXIS2_PLACEMENT_3D ( 'NONE', #6352, #4261, #6283 ) ;
#2915 = VECTOR ( 'NONE', #1807, 39.37007874015748143 ) ;
#2916 = ORIENTED_EDGE ( 'NONE', *, *, #5755, .F. ) ;
#2917 = CARTESIAN_POINT ( 'NONE',  ( 0.000000000000000000, 0.000000000000000000, -3.599999999999999645 ) ) ;
#2918 = EDGE_CURVE ( 'NONE', #4364, #3106, #6333, .T. ) ;
#2919 =( REPRESENTATION_RELATIONSHIP ('NONE','NONE', #5835, #125 ) REPRESENTATION_RELATIONSHIP_WITH_TRANSFORMATION ( #2210 )SHAPE_REPRESENTATION_RELATIONSHIP( ) );
#2920 = CARTESIAN_POINT ( 'NONE',  ( 0.6305891799356182492, 1.000000000000000000, -2.163142292989963966 ) ) ;
#2921 = LINE ( 'NONE', #5107, #6801 ) ;
#2922 = AXIS2_PLACEMENT_3D ( 'NONE', #1175, #2237, #2835 ) ;
#2923 = CARTESIAN_POINT ( 'NONE',  ( 0.6590147425487534738, 0.5000000000000000000, -0.7999999999999999334 ) ) ;
#2924 = ORIENTED_EDGE ( 'NONE', *, *, #2381, .F. ) ;
#2925 = CARTESIAN_POINT ( 'NONE',  ( 0.4340147425487536625, 1.000000000000000000, -2.200000000000000178 ) ) ;
#2926 = ADVANCED_FACE ( 'NONE', ( #5284 ), #2641, .F. ) ;
#2927 = ORIENTED_EDGE ( 'NONE', *, *, #223, .F. ) ;
#2928 = DIRECTION ( 'NONE',  ( 0.5000000000000001110, 0.000000000000000000, 0.8660254037844385966 ) ) ;
#2929 = EDGE_CURVE ( 'NONE', #3042, #296, #5317, .T. ) ;
#2930 = PLANE ( 'NONE',  #411 ) ;
#2931 = EDGE_CURVE ( 'NONE', #3970, #6095, #4143, .T. ) ;
#2932 = EDGE_LOOP ( 'NONE', ( #6361, #3189, #2134, #2085 ) ) ;
#2933 = ORIENTED_EDGE ( 'NONE', *, *, #4329, .T. ) ;
#2934 = DIRECTION ( 'NONE',  ( -0.7660444431189858960, 0.000000000000000000, 0.6427876096865298150 ) ) ;
#2935 = DIRECTION ( 'NONE',  ( 0.000000000000000000, 1.000000000000000000, 0.000000000000000000 ) ) ;
#2936 = FACE_OUTER_BOUND ( 'NONE', #4094, .T. ) ;
#2937 = DIRECTION ( 'NONE',  ( 0.000000000000000000, 1.000000000000000000, -0.000000000000000000 ) ) ;
#2938 = DIRECTION ( 'NONE',  ( -0.5000000000000002220, -0.000000000000000000, -0.8660254037844385966 ) ) ;
#2939 = ORIENTED_EDGE ( 'NONE', *, *, #1583, .T. ) ;
#2940 = ORIENTED_EDGE ( 'NONE', *, *, #2432, .T. ) ;
#2941 = VERTEX_POINT ( 'NONE', #3091 ) ;
#2942 = CARTESIAN_POINT ( 'NONE',  ( -0.4340147425487533850, -0.5000000000000000000, 0.6000000000000001998 ) ) ;
#2943 = AXIS2_PLACEMENT_3D ( 'NONE', #5370, #570, #3805 ) ;
#2944 = LINE ( 'NONE', #5615, #2129 ) ;
#2945 = VERTEX_POINT ( 'NONE', #3756 ) ;
#2946 = DIRECTION ( 'NONE',  ( 0.000000000000000000, 1.000000000000000000, 0.000000000000000000 ) ) ;
#2947 = ORIENTED_EDGE ( 'NONE', *, *, #4563, .F. ) ;
#2948 = DIRECTION ( 'NONE',  ( -0.5000000000000002220, 0.000000000000000000, 0.8660254037844385966 ) ) ;
#2949 = LINE ( 'NONE', #1893, #3554 ) ;
#2950 = CARTESIAN_POINT ( 'NONE',  ( 1.632050807569260575, 0.5000000000000000000, 1.173205080756666296 ) ) ;
#2951 = PLANE ( 'NONE',  #3565 ) ;
#2952 = ORIENTED_EDGE ( 'NONE', *, *, #6796, .F. ) ;
#2953 = DIRECTION ( 'NONE',  ( -0.000000000000000000, 1.000000000000000000, -0.000000000000000000 ) ) ;
#2954 = SHAPE_DEFINITION_REPRESENTATION ( #4149, #1092 ) ;
#2955 = ORIENTED_EDGE ( 'NONE', *, *, #3779, .T. ) ;
#2956 = DIRECTION ( 'NONE',  ( -1.000000000000000000, 0.000000000000000000, 3.414809992080328530E-16 ) ) ;
#2957 = DIRECTION ( 'NONE',  ( 0.5000000000000041078, -0.000000000000000000, -0.8660254037844362651 ) ) ;
#2958 = EDGE_CURVE ( 'NONE', #1324, #4070, #6265, .T. ) ;
#2959 = ORIENTED_EDGE ( 'NONE', *, *, #809, .T. ) ;
#2960 = LINE ( 'NONE', #5025, #3234 ) ;
#2961 = FACE_BOUND ( 'NONE', #4826, .T. ) ;
#2962 = AXIS2_PLACEMENT_3D ( 'NONE', #1945, #331, #5188 ) ;
#2963 = EDGE_CURVE ( 'NONE', #340, #5322, #1467, .T. ) ;
#2964 = DIRECTION ( 'NONE',  ( -0.9828721869343219897, 0.000000000000000000, -0.1842885350501851649 ) ) ;
#2965 = CARTESIAN_POINT ( 'NONE',  ( -0.9073817267422200628, 1.000000000000000000, -2.062398044885628945 ) ) ;
#2966 = ORIENTED_EDGE ( 'NONE', *, *, #1896, .F. ) ;
#2967 = ORIENTED_EDGE ( 'NONE', *, *, #2963, .F. ) ;
#2968 = ORIENTED_EDGE ( 'NONE', *, *, #6028, .T. ) ;
#2969 = ADVANCED_FACE ( 'NONE', ( #4691 ), #6825, .F. ) ;
#2970 = PLANE ( 'NONE',  #2789 ) ;
#2971 = AXIS2_PLACEMENT_3D ( 'NONE', #2777, #4232, #2251 ) ;
#2972 = PLANE ( 'NONE',  #4576 ) ;
#2973 = EDGE_LOOP ( 'NONE', ( #4317, #399, #2035, #4281 ) ) ;
#2974 = PLANE ( 'NONE',  #5195 ) ;
#2975 = EDGE_LOOP ( 'NONE', ( #6383, #1127, #4610, #3702 ) ) ;
#2976 = DIRECTION ( 'NONE',  ( 0.000000000000000000, 1.000000000000000000, 0.000000000000000000 ) ) ;
#2977 = VECTOR ( 'NONE', #2062, 39.37007874015748854 ) ;
#2978 = DIRECTION ( 'NONE',  ( 0.000000000000000000, 0.000000000000000000, -1.000000000000000000 ) ) ;
#2979 = DIRECTION ( 'NONE',  ( -0.000000000000000000, 1.000000000000000000, -0.000000000000000000 ) ) ;
#2980 = CARTESIAN_POINT ( 'NONE',  ( 0.000000000000000000, 0.5000000000000000000, 0.000000000000000000 ) ) ;
#2981 = ORIENTED_EDGE ( 'NONE', *, *, #3163, .T. ) ;
#2982 = CARTESIAN_POINT ( 'NONE',  ( 3.233909651142278907, 0.000000000000000000, -1.239406631878910758 ) ) ;
#2983 = SHAPE_DEFINITION_REPRESENTATION ( #4434, #2532 ) ;
#2984 = ORIENTED_EDGE ( 'NONE', *, *, #4385, .T. ) ;
#2985 = CARTESIAN_POINT ( 'NONE',  ( -2.817205532429103432, 1.000000000000000000, -2.026354341118929980 ) ) ;
#2986 = DIRECTION ( 'NONE',  ( 0.000000000000000000, 0.000000000000000000, -1.000000000000000000 ) ) ;
#2987 = VECTOR ( 'NONE', #6639, 39.37007874015748143 ) ;
#2988 = CIRCLE ( 'NONE', #4763, 0.2000000000000000389 ) ;
#2989 = VERTEX_POINT ( 'NONE', #1153 ) ;
#2990 = CARTESIAN_POINT ( 'NONE',  ( -1.999999999999744649, 0.2500000000000000000, -0.1999999999997443545 ) ) ;
#2991 = LINE ( 'NONE', #6655, #5999 ) ;
#2992 = DIRECTION ( 'NONE',  ( -1.000000000000000000, -0.000000000000000000, 1.036337966848352934E-16 ) ) ;
#2993 = VECTOR ( 'NONE', #4319, 39.37007874015748143 ) ;
#2994 = FACE_OUTER_BOUND ( 'NONE', #2932, .T. ) ;
#2995 = CARTESIAN_POINT ( 'NONE',  ( 2.817205532429130521, 0.000000000000000000, -2.026354341118891345 ) ) ;
#2996 = VERTEX_POINT ( 'NONE', #4414 ) ;
#2997 = ORIENTED_EDGE ( 'NONE', *, *, #4114, .T. ) ;
#2998 = AXIS2_PLACEMENT_3D ( 'NONE', #1824, #3965, #1383 ) ;
#2999 = VERTEX_POINT ( 'NONE', #558 ) ;
#3000 = EDGE_CURVE ( 'NONE', #6031, #3054, #5490, .T. ) ;
#3001 = ADVANCED_FACE ( 'NONE', ( #667 ), #5951, .F. ) ;
#3002 = PLANE ( 'NONE',  #4228 ) ;
#3003 = VECTOR ( 'NONE', #2502, 39.37007874015748143 ) ;
#3004 = CIRCLE ( 'NONE', #1425, 0.2000000000000000389 ) ;
#3005 = DIRECTION ( 'NONE',  ( 1.000000000000000000, 0.000000000000000000, -4.268512490100412511E-17 ) ) ;
#3006 = ORIENTED_EDGE ( 'NONE', *, *, #6081, .T. ) ;
#3007 = LINE ( 'NONE', #342, #3983 ) ;
#3008 = EDGE_CURVE ( 'NONE', #6430, #4567, #1692, .T. ) ;
#3009 = ORIENTED_EDGE ( 'NONE', *, *, #6626, .F. ) ;
#3010 = AXIS2_PLACEMENT_3D ( 'NONE', #4331, #5443, #6454 ) ;
#3011 = DIRECTION ( 'NONE',  ( -0.000000000000000000, 1.000000000000000000, -0.000000000000000000 ) ) ;
#3012 = CARTESIAN_POINT ( 'NONE',  ( -1.732050807568493500, 0.5000000000000000000, 1.000000000000222045 ) ) ;
#3013 = LINE ( 'NONE', #3966, #2007 ) ;
#3014 = CARTESIAN_POINT ( 'NONE',  ( 0.000000000000000000, 0.2500000000000000000, 0.000000000000000000 ) ) ;
#3015 = ORIENTED_EDGE ( 'NONE', *, *, #645, .T. ) ;
#3016 = VECTOR ( 'NONE', #6778, 39.37007874015747433 ) ;
#3017 = VECTOR ( 'NONE', #903, 39.37007874015748143 ) ;
#3018 = DIRECTION ( 'NONE',  ( 0.000000000000000000, 1.000000000000000000, 0.000000000000000000 ) ) ;
#3019 = ORIENTED_EDGE ( 'NONE', *, *, #3000, .T. ) ;
#3020 = CIRCLE ( 'NONE', #885, 0.2000000000000005940 ) ;
#3021 = LINE ( 'NONE', #6749, #2889 ) ;
#3022 = EDGE_CURVE ( 'NONE', #3146, #4339, #4829, .T. ) ;
#3023 = DIRECTION ( 'NONE',  ( 0.000000000000000000, 1.000000000000000000, 0.000000000000000000 ) ) ;
#3024 = EDGE_CURVE ( 'NONE', #4377, #6073, #2178, .T. ) ;
#3025 = AXIS2_PLACEMENT_3D ( 'NONE', #3730, #2577, #3586 ) ;
#3026 = EDGE_LOOP ( 'NONE', ( #641, #5421, #5404, #3065 ) ) ;
#3027 = DIRECTION ( 'NONE',  ( 0.000000000000000000, 0.000000000000000000, 1.000000000000000000 ) ) ;
#3028 = CARTESIAN_POINT ( 'NONE',  ( 1.688248517051381681, 0.000000000000000000, 1.475867792664191436 ) ) ;
#3029 = LINE ( 'NONE', #1083, #760 ) ;
#3030 = DIRECTION ( 'NONE',  ( -1.000000000000000000, 0.000000000000000000, 1.493979371535144163E-16 ) ) ;
#3031 = FACE_OUTER_BOUND ( 'NONE', #1952, .T. ) ;
#3032 = PRODUCT_DEFINITION_CONTEXT ( 'detailed design', #3222, 'design' ) ;
#3033 = ORIENTED_EDGE ( 'NONE', *, *, #3670, .T. ) ;
#3034 = ORIENTED_EDGE ( 'NONE', *, *, #1955, .F. ) ;
#3035 = ORIENTED_EDGE ( 'NONE', *, *, #4750, .F. ) ;
#3036 = DIRECTION ( 'NONE',  ( 0.000000000000000000, 1.000000000000000000, 0.000000000000000000 ) ) ;
#3037 = EDGE_CURVE ( 'NONE', #534, #2400, #5424, .T. ) ;
#3038 = CARTESIAN_POINT ( 'NONE',  ( -0.9999999999995230482, 0.2500000000000000000, 1.732050807569005313 ) ) ;
#3039 = ORIENTED_EDGE ( 'NONE', *, *, #1833, .T. ) ;
#3040 = EDGE_CURVE ( 'NONE', #403, #4601, #1086, .T. ) ;
#3041 = DIRECTION ( 'NONE',  ( 0.000000000000000000, 0.000000000000000000, 1.000000000000000000 ) ) ;
#3042 = VERTEX_POINT ( 'NONE', #1726 ) ;
#3043 = CARTESIAN_POINT ( 'NONE',  ( -1.732050807568493500, 0.2500000000000000000, 1.000000000000222045 ) ) ;
#3044 = PRODUCT_DEFINITION_SHAPE ( 'NONE', 'NONE',  #6903 ) ;
#3045 =( REPRESENTATION_RELATIONSHIP ('NONE','NONE', #1092, #880 ) REPRESENTATION_RELATIONSHIP_WITH_TRANSFORMATION ( #2459 )SHAPE_REPRESENTATION_RELATIONSHIP( ) );
#3046 = FACE_OUTER_BOUND ( 'NONE', #4853, .T. ) ;
#3047 = CARTESIAN_POINT ( 'NONE',  ( 1.850543806534576285, 1.000000000000000000, 3.157497118129029445 ) ) ;
#3048 = CARTESIAN_POINT ( 'NONE',  ( 2.188630767697637314, 0.000000000000000000, 0.5354648973191502570 ) ) ;
#3049 = EDGE_CURVE ( 'NONE', #2775, #4070, #6434, .T. ) ;
#3050 = CYLINDRICAL_SURFACE ( 'NONE', #4239, 0.1000000000000000194 ) ;
#3051 = EDGE_LOOP ( 'NONE', ( #4283, #3458, #1756, #4007 ) ) ;
#3052 = EDGE_CURVE ( 'NONE', #5641, #5061, #1758, .T. ) ;
#3053 = FACE_OUTER_BOUND ( 'NONE', #4632, .T. ) ;
#3054 = VERTEX_POINT ( 'NONE', #4868 ) ;
#3055 = EDGE_LOOP ( 'NONE', ( #2893, #6700, #3075, #3318 ) ) ;
#3056 = CARTESIAN_POINT ( 'NONE',  ( 0.6590147425487534738, 0.3500000000000000333, -0.7999999999999999334 ) ) ;
#3057 = FACE_BOUND ( 'NONE', #5612, .T. ) ;
#3058 = LINE ( 'NONE', #746, #6021 ) ;
#3059 = ORIENTED_EDGE ( 'NONE', *, *, #813, .T. ) ;
#3060 = DIRECTION ( 'NONE',  ( 0.000000000000000000, 0.000000000000000000, 1.000000000000000000 ) ) ;
#3061 = LINE ( 'NONE', #5156, #79 ) ;
#3062 = CARTESIAN_POINT ( 'NONE',  ( 2.122263259600139396, 0.000000000000000000, 0.7241322073358263944 ) ) ;
#3063 = FACE_OUTER_BOUND ( 'NONE', #4433, .T. ) ;
#3064 = DIRECTION ( 'NONE',  ( 0.000000000000000000, 1.000000000000000000, 0.000000000000000000 ) ) ;
#3065 = ORIENTED_EDGE ( 'NONE', *, *, #5728, .T. ) ;
#3066 = EDGE_LOOP ( 'NONE', ( #1922, #382, #1647, #1308 ) ) ;
#3067 = ORIENTED_EDGE ( 'NONE', *, *, #1618, .F. ) ;
#3068 = AXIS2_PLACEMENT_3D ( 'NONE', #5304, #5860, #3181 ) ;
#3069 = EDGE_CURVE ( 'NONE', #5641, #3627, #38, .T. ) ;
#3070 = LENGTH_MEASURE_WITH_UNIT ( LENGTH_MEASURE( 0.02539999999999999897 ), #925 );
#3071 = CARTESIAN_POINT ( 'NONE',  ( 1.626794919243589765, 0.2500000000000000000, 3.217691453623850339 ) ) ;
#3072 = VERTEX_POINT ( 'NONE', #2254 ) ;
#3073 = VECTOR ( 'NONE', #3520, 39.37007874015748143 ) ;
#3074 = DIRECTION ( 'NONE',  ( -0.000000000000000000, 1.000000000000000000, -0.000000000000000000 ) ) ;
#3075 = ORIENTED_EDGE ( 'NONE', *, *, #2487, .F. ) ;
#3076 = LINE ( 'NONE', #6850, #5323 ) ;
#3077 = EDGE_CURVE ( 'NONE', #5147, #3929, #4907, .T. ) ;
#3078 = CARTESIAN_POINT ( 'NONE',  ( 3.460620106547131147, 1.000000000000000000, 0.2585873273816753914 ) ) ;
#3079 = AXIS2_PLACEMENT_3D ( 'NONE', #5401, #601, #5048 ) ;
#3080 = LINE ( 'NONE', #4268, #222 ) ;
#3081 = CARTESIAN_POINT ( 'NONE',  ( 0.2000000000000000111, 0.2500000000000000000, -2.000000000000000000 ) ) ;
#3082 = CARTESIAN_POINT ( 'NONE',  ( -3.599999999999744738, 0.2500000000000000000, 0.2000000000002559453 ) ) ;
#3083 = CIRCLE ( 'NONE', #5867, 0.1999999999999997891 ) ;
#3084 = ORIENTED_EDGE ( 'NONE', *, *, #27, .T. ) ;
#3085 = ITEM_DEFINED_TRANSFORMATION ( 'NONE', 'NONE', #1588,  #3479 ) ;
#3086 = ORIENTED_EDGE ( 'NONE', *, *, #4655, .T. ) ;
#3087 = ADVANCED_FACE ( 'NONE', ( #6016 ), #3786, .T. ) ;
#3088 =( REPRESENTATION_RELATIONSHIP ('NONE','NONE', #3481, #2532 ) REPRESENTATION_RELATIONSHIP_WITH_TRANSFORMATION ( #4309 )SHAPE_REPRESENTATION_RELATIONSHIP( ) );
#3089 = FACE_OUTER_BOUND ( 'NONE', #4397, .T. ) ;
#3090 = EDGE_CURVE ( 'NONE', #1481, #5702, #4977, .T. ) ;
#3091 = CARTESIAN_POINT ( 'NONE',  ( -1.618049801134249899, 1.000000000000000000, -1.253109587306345141 ) ) ;
#3092 = CYLINDRICAL_SURFACE ( 'NONE', #1890, 0.1999999999999999278 ) ;
#3093 = ORIENTED_EDGE ( 'NONE', *, *, #4518, .F. ) ;
#3094 = AXIS2_PLACEMENT_3D ( 'NONE', #2600, #1577, #4721 ) ;
#3095 = LINE ( 'NONE', #4760, #2794 ) ;
#3096 = CARTESIAN_POINT ( 'NONE',  ( 0.4340147425487538291, -0.5000000000000000000, 0.7999999999999999334 ) ) ;
#3097 = DIRECTION ( 'NONE',  ( 0.000000000000000000, -0.000000000000000000, 1.000000000000000000 ) ) ;
#3098 = AXIS2_PLACEMENT_3D ( 'NONE', #5570, #326, #781 ) ;
#3099 = CARTESIAN_POINT ( 'NONE',  ( -0.4340147425487533850, -0.3499999999999999778, 0.7999999999999999334 ) ) ;
#3100 = CARTESIAN_POINT ( 'NONE',  ( -1.954253247882833167, 0.000000000000000000, 2.867691261426180027 ) ) ;
#3101 = PRODUCT_DEFINITION_CONTEXT ( 'detailed design', #1511, 'design' ) ;
#3102 = VERTEX_POINT ( 'NONE', #3861 ) ;
#3103 = PRODUCT_DEFINITION_SHAPE ( 'NONE', 'NONE',  #6911 ) ;
#3104 = CARTESIAN_POINT ( 'NONE',  ( 0.000000000000000000, 0.000000000000000000, 0.000000000000000000 ) ) ;
#3105 = EDGE_CURVE ( 'NONE', #262, #3102, #3343, .T. ) ;
#3106 = VERTEX_POINT ( 'NONE', #4947 ) ;
#3107 = ORIENTED_EDGE ( 'NONE', *, *, #3483, .T. ) ;
#3108 = CARTESIAN_POINT ( 'NONE',  ( -0.6590147425487534738, 0.5000000000000000000, -0.8000000000000000444 ) ) ;
#3109 = SURFACE_STYLE_USAGE ( .BOTH. , #3594 ) ;
#3110 =( NAMED_UNIT ( * ) SI_UNIT ( $, .STERADIAN. ) SOLID_ANGLE_UNIT ( ) );
#3111 = DIRECTION ( 'NONE',  ( -0.1842885350501852204, 0.000000000000000000, 0.9828721869343218787 ) ) ;
#3112 = ORIENTED_EDGE ( 'NONE', *, *, #6094, .T. ) ;
#3113 = CIRCLE ( 'NONE', #1773, 0.1999999999999995115 ) ;
#3114 = DIRECTION ( 'NONE',  ( -0.8660254037844385966, 0.000000000000000000, -0.5000000000000001110 ) ) ;
#3115 = ADVANCED_FACE ( 'NONE', ( #151 ), #2212, .T. ) ;
#3116 = VERTEX_POINT ( 'NONE', #1652 ) ;
#3117 = CARTESIAN_POINT ( 'NONE',  ( -0.6590147425487540289, 1.000000000000000000, -3.599999999999999645 ) ) ;
#3118 = VECTOR ( 'NONE', #3736, 39.37007874015748143 ) ;
#3119 = AXIS2_PLACEMENT_3D ( 'NONE', #1418, #1529, #6774 ) ;
#3120 = CARTESIAN_POINT ( 'NONE',  ( -1.626794919242634752, 0.5000000000000000000, 3.217691453624107467 ) ) ;
#3121 = DIRECTION ( 'NONE',  ( 0.000000000000000000, 0.000000000000000000, 1.000000000000000000 ) ) ;
#3122 = EDGE_LOOP ( 'NONE', ( #3769, #3638, #2626, #2968 ) ) ;
#3123 = CARTESIAN_POINT ( 'NONE',  ( -3.217691453623852560, 0.2500000000000000000, -1.626794919242888549 ) ) ;
#3124 = AXIS2_PLACEMENT_3D ( 'NONE', #2079, #390, #4725 ) ;
#3125 = VERTEX_POINT ( 'NONE', #72 ) ;
#3126 = CONTEXT_DEPENDENT_SHAPE_REPRESENTATION ( #3407, #2041 ) ;
#3127 = ADVANCED_FACE ( 'NONE', ( #6475 ), #5590, .F. ) ;
#3128 = DIRECTION ( 'NONE',  ( -0.000000000000000000, 1.000000000000000000, -0.000000000000000000 ) ) ;
#3129 = COLOUR_RGB ( '',0.7921568627450980005, 0.8196078431372548767, 0.9333333333333333481 ) ;
#3130 = AXIS2_PLACEMENT_3D ( 'NONE', #1225, #5522, #625 ) ;
#3131 = CARTESIAN_POINT ( 'NONE',  ( 2.614979001592705021, 0.000000000000000000, 2.270723508515694267 ) ) ;
#3132 = EDGE_CURVE ( 'NONE', #5576, #2738, #1879, .T. ) ;
#3133 = VERTEX_POINT ( 'NONE', #5106 ) ;
#3134 = AXIS2_PLACEMENT_3D ( 'NONE', #4607, #1988, #236 ) ;
#3135 = VECTOR ( 'NONE', #6840, 39.37007874015748143 ) ;
#3136 = CARTESIAN_POINT ( 'NONE',  ( -0.3795073712743768368, -0.3499999999999999778, -0.4438888888888889439 ) ) ;
#3137 = CARTESIAN_POINT ( 'NONE',  ( -2.020778639052807080, 0.000000000000000000, -0.9966348305782005701 ) ) ;
#3138 = EDGE_CURVE ( 'NONE', #5062, #5412, #6008, .T. ) ;
#3139 = VECTOR ( 'NONE', #1339, 39.37007874015748143 ) ;
#3140 = ADVANCED_FACE ( 'NONE', ( #2379 ), #2452, .F. ) ;
#3141 = CARTESIAN_POINT ( 'NONE',  ( 1.626794919243146120, 0.2500000000000000000, -3.217691453624107467 ) ) ;
#3142 = FACE_OUTER_BOUND ( 'NONE', #5648, .T. ) ;
#3143 = VERTEX_POINT ( 'NONE', #5653 ) ;
#3144 = DIRECTION ( 'NONE',  ( 1.000000000000000000, 0.000000000000000000, 0.000000000000000000 ) ) ;
#3145 = ORIENTED_EDGE ( 'NONE', *, *, #3300, .F. ) ;
#3146 = VERTEX_POINT ( 'NONE', #826 ) ;
#3147 = CARTESIAN_POINT ( 'NONE',  ( 4.898587196589412829E-16, 1.000000000000000000, 4.000000000000000000 ) ) ;
#3148 = AXIS2_PLACEMENT_3D ( 'NONE', #5445, #3811, #5505 ) ;
#3149 = DIRECTION ( 'NONE',  ( 0.000000000000000000, 0.000000000000000000, -1.000000000000000000 ) ) ;
#3150 = SHAPE_REPRESENTATION_RELATIONSHIP ( 'NONE' , 'NONE' ,  #125, #673 ) ;
#3151 = LINE ( 'NONE', #3706, #2010 ) ;
#3152 = DIRECTION ( 'NONE',  ( -0.4906048554611521229, 0.000000000000000000, -0.8713821640347833020 ) ) ;
#3153 = DIRECTION ( 'NONE',  ( -0.5000000000000001110, 0.000000000000000000, 0.8660254037844385966 ) ) ;
#3154 = ORIENTED_EDGE ( 'NONE', *, *, #5729, .F. ) ;
#3155 = EDGE_CURVE ( 'NONE', #87, #1271, #2949, .T. ) ;
#3156 = CARTESIAN_POINT ( 'NONE',  ( 0.000000000000000000, 0.5000000000000000000, -3.599999999999999645 ) ) ;
#3157 = DIRECTION ( 'NONE',  ( -0.000000000000000000, -1.000000000000000000, -0.000000000000000000 ) ) ;
#3158 = CARTESIAN_POINT ( 'NONE',  ( 3.273993744141463935, 0.000000000000000000, 1.129276491484332512 ) ) ;
#3159 = DIRECTION ( 'NONE',  ( 0.1842885350501853869, -0.000000000000000000, 0.9828721869343218787 ) ) ;
#3160 = VERTEX_POINT ( 'NONE', #730 ) ;
#3161 = CYLINDRICAL_SURFACE ( 'NONE', #2077, 0.1999999999999999278 ) ;
#3162 = ORIENTED_EDGE ( 'NONE', *, *, #4774, .T. ) ;
#3163 = EDGE_CURVE ( 'NONE', #6073, #5449, #5071, .T. ) ;
#3164 = DIRECTION ( 'NONE',  ( 0.1842885350501853592, -0.000000000000000000, -0.9828721869343218787 ) ) ;
#3165 = EDGE_CURVE ( 'NONE', #284, #4299, #3434, .T. ) ;
#3166 = CYLINDRICAL_SURFACE ( 'NONE', #2449, 0.1999999999999999278 ) ;
#3167 = ORIENTED_EDGE ( 'NONE', *, *, #3541, .T. ) ;
#3168 = DIRECTION ( 'NONE',  ( 1.000000000000000000, 0.000000000000000000, -2.774533118565266992E-16 ) ) ;
#3169 = DIRECTION ( 'NONE',  ( 0.000000000000000000, 0.000000000000000000, -1.000000000000000000 ) ) ;
#3170 = EDGE_CURVE ( 'NONE', #3768, #2719, #5338, .T. ) ;
#3171 = EDGE_CURVE ( 'NONE', #818, #2001, #1928, .T. ) ;
#3172 = DIRECTION ( 'NONE',  ( -0.9848077530122085754, 0.000000000000000000, 0.1736481776669273336 ) ) ;
#3173 = DIRECTION ( 'NONE',  ( 0.9999415181893573923, 0.000000000000000000, -0.01081481396801905852 ) ) ;
#3174 = ORIENTED_EDGE ( 'NONE', *, *, #6796, .T. ) ;
#3175 = ORIENTED_EDGE ( 'NONE', *, *, #5435, .T. ) ;
#3176 = VERTEX_POINT ( 'NONE', #1352 ) ;
#3177 = CYLINDRICAL_SURFACE ( 'NONE', #1560, 0.1999999999999995115 ) ;
#3178 = EDGE_CURVE ( 'NONE', #4503, #3823, #763, .T. ) ;
#3179 =( NAMED_UNIT ( * ) SI_UNIT ( $, .STERADIAN. ) SOLID_ANGLE_UNIT ( ) );
#3180 = CARTESIAN_POINT ( 'NONE',  ( 2.044981375148588576, 1.000000000000000000, 0.08012472804975413754 ) ) ;
#3181 = DIRECTION ( 'NONE',  ( -0.8660254037844388186, 0.000000000000000000, -0.4999999999999998335 ) ) ;
#3182 =( REPRESENTATION_RELATIONSHIP ('NONE','NONE', #880, #6553 ) REPRESENTATION_RELATIONSHIP_WITH_TRANSFORMATION ( #1391 )SHAPE_REPRESENTATION_RELATIONSHIP( ) );
#3183 = DIRECTION ( 'NONE',  ( 0.000000000000000000, 0.000000000000000000, -1.000000000000000000 ) ) ;
#3184 = VERTEX_POINT ( 'NONE', #272 ) ;
#3185 = AXIS2_PLACEMENT_3D ( 'NONE', #6628, #5479, #714 ) ;
#3186 = LINE ( 'NONE', #4780, #5543 ) ;
#3187 = DIRECTION ( 'NONE',  ( 0.000000000000000000, 0.000000000000000000, 1.000000000000000000 ) ) ;
#3188 = DIRECTION ( 'NONE',  ( -0.000000000000000000, 1.000000000000000000, -0.000000000000000000 ) ) ;
#3189 = ORIENTED_EDGE ( 'NONE', *, *, #5174, .F. ) ;
#3190 = CARTESIAN_POINT ( 'NONE',  ( -1.332398236215194931, 0.000000000000000000, 1.817014648731372528 ) ) ;
#3191 = ORIENTED_EDGE ( 'NONE', *, *, #1495, .F. ) ;
#3192 = DIRECTION ( 'NONE',  ( 0.000000000000000000, 1.000000000000000000, -0.000000000000000000 ) ) ;
#3193 = VECTOR ( 'NONE', #4344, 39.37007874015748854 ) ;
#3194 = CARTESIAN_POINT ( 'NONE',  ( 0.2000000000000000111, 0.2500000000000000000, -2.000000000000000000 ) ) ;
#3195 = DIRECTION ( 'NONE',  ( -1.573591704294117338E-16, 0.000000000000000000, -1.000000000000000000 ) ) ;
#3196 = ORIENTED_EDGE ( 'NONE', *, *, #4092, .T. ) ;
#3197 = VECTOR ( 'NONE', #3074, 39.37007874015748143 ) ;
#3198 = ORIENTED_EDGE ( 'NONE', *, *, #6885, .T. ) ;
#3199 = ADVANCED_FACE ( 'NONE', ( #6182 ), #5043, .F. ) ;
#3200 = CARTESIAN_POINT ( 'NONE',  ( -3.599999999999744738, 0.5000000000000000000, 0.2000000000002559453 ) ) ;
#3201 = CARTESIAN_POINT ( 'NONE',  ( -1.558041587762036162, 0.000000000000000000, 1.627677395670809268 ) ) ;
#3202 = CYLINDRICAL_SURFACE ( 'NONE', #6369, 0.2000000000000005940 ) ;
#3203 = CARTESIAN_POINT ( 'NONE',  ( 1.873500401103514568, 0.000000000000000000, -1.251728221555592491 ) ) ;
#3204 = AXIS2_PLACEMENT_3D ( 'NONE', #2917, #3998, #240 ) ;
#3205 = ORIENTED_EDGE ( 'NONE', *, *, #5430, .F. ) ;
#3206 =( NAMED_UNIT ( * ) PLANE_ANGLE_UNIT ( ) SI_UNIT ( $, .RADIAN. ) );
#3207 = ORIENTED_EDGE ( 'NONE', *, *, #1763, .T. ) ;
#3208 = ORIENTED_EDGE ( 'NONE', *, *, #4486, .T. ) ;
#3209 = CARTESIAN_POINT ( 'NONE',  ( -1.160284766201845397, 0.000000000000000000, 1.918881981277011928 ) ) ;
#3210 = PLANE ( 'NONE',  #3679 ) ;
#3211 = DIRECTION ( 'NONE',  ( 1.000000000000000222, 3.081487911019577365E-33, 0.000000000000000000 ) ) ;
#3212 = ADVANCED_FACE ( 'NONE', ( #211 ), #242, .F. ) ;
#3213 = LINE ( 'NONE', #6420, #4802 ) ;
#3214 = CYLINDRICAL_SURFACE ( 'NONE', #3760, 0.1999999999999997891 ) ;
#3215 = EDGE_CURVE ( 'NONE', #1045, #4801, #4507, .T. ) ;
#3216 = CARTESIAN_POINT ( 'NONE',  ( 0.000000000000000000, 0.000000000000000000, -2.000000000000000000 ) ) ;
#3217 = ORIENTED_EDGE ( 'NONE', *, *, #321, .F. ) ;
#3218 = EDGE_CURVE ( 'NONE', #2200, #5878, #5620, .T. ) ;
#3219 = FACE_BOUND ( 'NONE', #5759, .T. ) ;
#3220 = DIRECTION ( 'NONE',  ( -0.000000000000000000, 1.000000000000000000, -0.000000000000000000 ) ) ;
#3221 = DIRECTION ( 'NONE',  ( -0.000000000000000000, 1.000000000000000000, 0.000000000000000000 ) ) ;
#3222 = APPLICATION_CONTEXT ( 'automotive_design' ) ;
#3223 = VECTOR ( 'NONE', #6882, 39.37007874015748854 ) ;
#3224 = CARTESIAN_POINT ( 'NONE',  ( -0.4340147425487533850, -0.5000000000000000000, 0.7999999999999999334 ) ) ;
#3225 = CARTESIAN_POINT ( 'NONE',  ( 2.239779962957425319, 0.000000000000000000, 0.2453833961542413455 ) ) ;
#3226 = ORIENTED_EDGE ( 'NONE', *, *, #5245, .T. ) ;
#3227 = ITEM_DEFINED_TRANSFORMATION ( 'NONE', 'NONE', #6817,  #5255 ) ;
#3228 = VECTOR ( 'NONE', #3398, 39.37007874015748143 ) ;
#3229 = FACE_OUTER_BOUND ( 'NONE', #1989, .T. ) ;
#3230 = CARTESIAN_POINT ( 'NONE',  ( 0.000000000000000000, 0.2500000000000000000, 0.000000000000000000 ) ) ;
#3231 = DIRECTION ( 'NONE',  ( 0.000000000000000000, 1.000000000000000000, 0.000000000000000000 ) ) ;
#3232 = DIRECTION ( 'NONE',  ( -0.000000000000000000, 1.000000000000000000, -0.000000000000000000 ) ) ;
#3233 = ORIENTED_EDGE ( 'NONE', *, *, #4749, .T. ) ;
#3234 = VECTOR ( 'NONE', #882, 39.37007874015748143 ) ;
#3235 = AXIS2_PLACEMENT_3D ( 'NONE', #2942, #2438, #4533 ) ;
#3236 = VERTEX_POINT ( 'NONE', #4097 ) ;
#3237 = DIRECTION ( 'NONE',  ( -0.000000000000000000, 1.000000000000000000, 0.000000000000000000 ) ) ;
#3238 = AXIS2_PLACEMENT_3D ( 'NONE', #4449, #6054, #1256 ) ;
#3239 = DIRECTION ( 'NONE',  ( 0.000000000000000000, 1.000000000000000000, -0.000000000000000000 ) ) ;
#3240 = VECTOR ( 'NONE', #2992, 39.37007874015748143 ) ;
#3241 = DIRECTION ( 'NONE',  ( 0.8660254037844383745, -0.000000000000000000, -0.5000000000000004441 ) ) ;
#3242 = DIRECTION ( 'NONE',  ( -0.000000000000000000, -1.000000000000000000, -0.000000000000000000 ) ) ;
#3243 = AXIS2_PLACEMENT_3D ( 'NONE', #4573, #790, #4126 ) ;
#3244 = PRODUCT_DEFINITION_CONTEXT ( 'detailed design', #4250, 'design' ) ;
#3245 = AXIS2_PLACEMENT_3D ( 'NONE', #6775, #4785, #578 ) ;
#3246 = ORIENTED_EDGE ( 'NONE', *, *, #6127, .T. ) ;
#3247 = ORIENTED_EDGE ( 'NONE', *, *, #3901, .T. ) ;
#3248 = ORIENTED_EDGE ( 'NONE', *, *, #3588, .T. ) ;
#3249 = DIRECTION ( 'NONE',  ( 0.000000000000000000, 0.000000000000000000, 1.000000000000000000 ) ) ;
#3250 = CARTESIAN_POINT ( 'NONE',  ( 2.614979001592705021, 1.000000000000000000, 2.470723508515694444 ) ) ;
#3251 = CIRCLE ( 'NONE', #5251, 0.1999999999999999278 ) ;
#3252 = CARTESIAN_POINT ( 'NONE',  ( 5.084882860796668957, 2.311796791384322702, 5.033308831440377773 ) ) ;
#3253 = DIRECTION ( 'NONE',  ( 0.9396926207859059854, 0.000000000000000000, 0.3420201433256754298 ) ) ;
#3254 = CARTESIAN_POINT ( 'NONE',  ( 1.949058178843251055, 0.000000000000000000, 0.6241322073358265277 ) ) ;
#3255 = DIRECTION ( 'NONE',  ( 0.000000000000000000, 1.000000000000000000, -0.000000000000000000 ) ) ;
#3256 =( GEOMETRIC_REPRESENTATION_CONTEXT ( 3 ) GLOBAL_UNCERTAINTY_ASSIGNED_CONTEXT ( ( #2684 ) ) GLOBAL_UNIT_ASSIGNED_CONTEXT ( ( #3625, #5302, #2587 ) ) REPRESENTATION_CONTEXT ( 'NONE', 'WORKASPACE' ) );
#3257 = ORIENTED_EDGE ( 'NONE', *, *, #2321, .T. ) ;
#3258 = ORIENTED_EDGE ( 'NONE', *, *, #6588, .F. ) ;
#3259 = DIRECTION ( 'NONE',  ( -0.000000000000000000, 0.000000000000000000, -1.000000000000000000 ) ) ;
#3260 = CARTESIAN_POINT ( 'NONE',  ( -1.680643291471240808, 0.000000000000000000, -3.028157617715649508 ) ) ;
#3261 = EDGE_CURVE ( 'NONE', #5412, #4326, #6640, .T. ) ;
#3262 = EDGE_CURVE ( 'NONE', #2887, #4205, #3403, .T. ) ;
#3263 = CARTESIAN_POINT ( 'NONE',  ( 0.2170073712743767758, -0.3499999999999999778, 0.2999999999999999334 ) ) ;
#3264 = ORIENTED_EDGE ( 'NONE', *, *, #6162, .F. ) ;
#3265 = CYLINDRICAL_SURFACE ( 'NONE', #2971, 0.2000000000000000389 ) ;
#3266 = VERTEX_POINT ( 'NONE', #1321 ) ;
#3267 = CARTESIAN_POINT ( 'NONE',  ( 0.000000000000000000, 0.2500000000000000000, 0.000000000000000000 ) ) ;
#3268 = CARTESIAN_POINT ( 'NONE',  ( -2.188630767697643975, 0.000000000000000000, 0.5354648973191198369 ) ) ;
#3269 = EDGE_CURVE ( 'NONE', #2999, #604, #3471, .T. ) ;
#3270 = DIRECTION ( 'NONE',  ( 0.000000000000000000, 1.000000000000000000, -0.000000000000000000 ) ) ;
#3271 = DIRECTION ( 'NONE',  ( 0.1842885350501850261, 0.000000000000000000, -0.9828721869343218787 ) ) ;
#3272 = ORIENTED_EDGE ( 'NONE', *, *, #3844, .F. ) ;
#3273 = ORIENTED_EDGE ( 'NONE', *, *, #2478, .T. ) ;
#3274 = CARTESIAN_POINT ( 'NONE',  ( 3.163477102692409115, 0.000000000000000000, -1.426594388206232855 ) ) ;
#3275 = CARTESIAN_POINT ( 'NONE',  ( 1.618049801134266552, 0.000000000000000000, -1.253109587306322492 ) ) ;
#3276 = DIRECTION ( 'NONE',  ( 0.000000000000000000, 1.000000000000000000, 0.000000000000000000 ) ) ;
#3277 = DIRECTION ( 'NONE',  ( 0.8660254037844385966, 0.000000000000000000, -0.5000000000000001110 ) ) ;
#3278 = CARTESIAN_POINT ( 'NONE',  ( -0.1999999999994889477, 0.2500000000000000000, 3.599999999999999645 ) ) ;
#3279 = EDGE_LOOP ( 'NONE', ( #3761, #4315, #5395, #1120 ) ) ;
#3280 = PRODUCT_CONTEXT ( 'NONE', #3362, 'mechanical' ) ;
#3281 = ORIENTED_EDGE ( 'NONE', *, *, #1280, .F. ) ;
#3282 = ORIENTED_EDGE ( 'NONE', *, *, #1521, .F. ) ;
#3283 = FACE_OUTER_BOUND ( 'NONE', #1500, .T. ) ;
#3284 = CARTESIAN_POINT ( 'NONE',  ( -1.515043436294513990, 0.000000000000000000, 1.375867792664168476 ) ) ;
#3285 = DIRECTION ( 'NONE',  ( -0.4999999999999805711, -3.239521767463302742E-17, -0.8660254037844500319 ) ) ;
#3286 = CARTESIAN_POINT ( 'NONE',  ( -1.632050807568750539, 0.5000000000000000000, -1.173205080756665186 ) ) ;
#3287 = DIRECTION ( 'NONE',  ( 0.000000000000000000, 0.000000000000000000, -1.000000000000000000 ) ) ;
#3288 = SURFACE_STYLE_FILL_AREA ( #1141 ) ;
#3289 = ORIENTED_EDGE ( 'NONE', *, *, #147, .F. ) ;
#3290 = EDGE_LOOP ( 'NONE', ( #2257, #6103, #4835, #5000 ) ) ;
#3291 = EDGE_CURVE ( 'NONE', #6404, #1324, #3632, .T. ) ;
#3292 = FACE_BOUND ( 'NONE', #701, .T. ) ;
#3293 = EDGE_CURVE ( 'NONE', #4896, #6354, #970, .T. ) ;
#3294 = DIRECTION ( 'NONE',  ( -0.5093366627281897818, 0.000000000000000000, -0.8605673500667512243 ) ) ;
#3295 = FACE_OUTER_BOUND ( 'NONE', #3122, .T. ) ;
#3296 = SURFACE_STYLE_USAGE ( .BOTH. , #3822 ) ;
#3297 = ORIENTED_EDGE ( 'NONE', *, *, #6282, .F. ) ;
#3298 = DIRECTION ( 'NONE',  ( 0.000000000000000000, 0.000000000000000000, 1.000000000000000000 ) ) ;
#3299 = VERTEX_POINT ( 'NONE', #5173 ) ;
#3300 = EDGE_CURVE ( 'NONE', #4274, #2288, #6290, .T. ) ;
#3301 = CARTESIAN_POINT ( 'NONE',  ( 1.973205080757365115, 0.5000000000000000000, 3.017691453623850606 ) ) ;
#3302 = DIRECTION ( 'NONE',  ( -1.707404996040164265E-16, 0.000000000000000000, -1.000000000000000000 ) ) ;
#3303 = CLOSED_SHELL ( 'NONE', ( #2154, #6316, #5288, #217, #2485, #3518, #4797, #6116, #6285, #4877, #4313, #4583, #3804, #3556, #5508, #2497, #6035, #2262, #1676, #5817, #5579, #4162, #3212, #2323, #3397, #917, #6160, #70 ) ) ;
#3304 = CARTESIAN_POINT ( 'NONE',  ( 2.614979001592705021, 0.000000000000000000, 2.270723508515694267 ) ) ;
#3305 = CARTESIAN_POINT ( 'NONE',  ( 1.832050807569004736, 0.2500000000000000000, -0.8267949192433337036 ) ) ;
#3306 = ORIENTED_EDGE ( 'NONE', *, *, #1025, .T. ) ;
#3307 = ADVANCED_FACE ( 'NONE', ( #5695 ), #5242, .F. ) ;
#3308 = AXIS2_PLACEMENT_3D ( 'NONE', #5447, #2473, #394 ) ;
#3309 = EDGE_CURVE ( 'NONE', #3440, #3817, #3113, .T. ) ;
#3310 = ORIENTED_EDGE ( 'NONE', *, *, #6107, .T. ) ;
#3311 = DIRECTION ( 'NONE',  ( 0.000000000000000000, 1.000000000000000000, -0.000000000000000000 ) ) ;
#3312 = DIRECTION ( 'NONE',  ( 0.000000000000000000, 1.000000000000000000, -0.000000000000000000 ) ) ;
#3313 = VECTOR ( 'NONE', #5280, 39.37007874015748143 ) ;
#3314 = EDGE_CURVE ( 'NONE', #2741, #6580, #1567, .T. ) ;
#3315 = CARTESIAN_POINT ( 'NONE',  ( 0.2170073712743761929, -0.3499999999999999778, 0.3999999999999999667 ) ) ;
#3316 = DIRECTION ( 'NONE',  ( 0.4999999999999988343, 0.000000000000000000, -0.8660254037844393737 ) ) ;
#3317 = ORIENTED_EDGE ( 'NONE', *, *, #3170, .F. ) ;
#3318 = ORIENTED_EDGE ( 'NONE', *, *, #6194, .T. ) ;
#3319 = ORIENTED_EDGE ( 'NONE', *, *, #6744, .F. ) ;
#3320 = LINE ( 'NONE', #2831, #2915 ) ;
#3321 = DIRECTION ( 'NONE',  ( -1.036337966848353057E-16, 0.000000000000000000, -1.000000000000000000 ) ) ;
#3322 = VECTOR ( 'NONE', #3870, 39.37007874015748854 ) ;
#3323 = DIRECTION ( 'NONE',  ( 0.000000000000000000, 1.000000000000000000, 0.000000000000000000 ) ) ;
#3324 = DIRECTION ( 'NONE',  ( 0.000000000000000000, 1.000000000000000000, -0.000000000000000000 ) ) ;
#3325 = ORIENTED_EDGE ( 'NONE', *, *, #1330, .F. ) ;
#3326 = ORIENTED_EDGE ( 'NONE', *, *, #3170, .T. ) ;
#3327 = EDGE_LOOP ( 'NONE', ( #198, #2078, #4391, #62 ) ) ;
#3328 = FACE_BOUND ( 'NONE', #1014, .T. ) ;
#3329 = AXIS2_PLACEMENT_3D ( 'NONE', #483, #3192, #3610 ) ;
#3330 = DIRECTION ( 'NONE',  ( -0.000000000000000000, 1.000000000000000000, -0.000000000000000000 ) ) ;
#3331 = CARTESIAN_POINT ( 'NONE',  ( 0.2000000000000000111, 0.2500000000000000000, -2.000000000000000000 ) ) ;
#3332 = CARTESIAN_POINT ( 'NONE',  ( 0.2170073712743769700, -0.3500000000000000333, 0.4000000000000000222 ) ) ;
#3333 = EDGE_LOOP ( 'NONE', ( #6274, #2252, #572, #1347 ) ) ;
#3334 = ADVANCED_FACE ( 'NONE', ( #3046 ), #2066, .F. ) ;
#3335 = AXIS2_PLACEMENT_3D ( 'NONE', #3671, #1009, #4095 ) ;
#3336 = FACE_OUTER_BOUND ( 'NONE', #1245, .T. ) ;
#3337 = ORIENTED_EDGE ( 'NONE', *, *, #3480, .F. ) ;
#3338 = PLANE ( 'NONE',  #4759 ) ;
#3339 = DIRECTION ( 'NONE',  ( -1.000000000000000000, 0.000000000000000000, 1.707404996040164265E-16 ) ) ;
#3340 = FACE_OUTER_BOUND ( 'NONE', #1689, .T. ) ;
#3341 = DIRECTION ( 'NONE',  ( -0.000000000000000000, 1.000000000000000000, -0.000000000000000000 ) ) ;
#3342 = ORIENTED_EDGE ( 'NONE', *, *, #635, .F. ) ;
#3343 = CIRCLE ( 'NONE', #5893, 0.2000000000000000389 ) ;
#3344 = ORIENTED_EDGE ( 'NONE', *, *, #130, .T. ) ;
#3345 = DIRECTION ( 'NONE',  ( -0.000000000000000000, -1.000000000000000000, -0.000000000000000000 ) ) ;
#3346 = AXIS2_PLACEMENT_3D ( 'NONE', #1632, #3704, #4735 ) ;
#3347 = VECTOR ( 'NONE', #3525, 39.37007874015747433 ) ;
#3348 = EDGE_CURVE ( 'NONE', #370, #4063, #2785, .T. ) ;
#3349 = EDGE_LOOP ( 'NONE', ( #3818, #693, #6745, #1657 ) ) ;
#3350 = CIRCLE ( 'NONE', #988, 0.1999999999999999833 ) ;
#3351 = VERTEX_POINT ( 'NONE', #4645 ) ;
#3352 = VECTOR ( 'NONE', #1599, 39.37007874015748143 ) ;
#3353 = DIRECTION ( 'NONE',  ( 0.3420201433256756518, 0.000000000000000000, -0.9396926207859058744 ) ) ;
#3354 = EDGE_CURVE ( 'NONE', #4642, #1821, #4165, .T. ) ;
#3355 = FACE_BOUND ( 'NONE', #1341, .T. ) ;
#3356 = ADVANCED_FACE ( 'NONE', ( #6216 ), #2519, .F. ) ;
#3357 = VECTOR ( 'NONE', #1531, 39.37007874015748143 ) ;
#3358 = VECTOR ( 'NONE', #6258, 39.37007874015748143 ) ;
#3359 = CARTESIAN_POINT ( 'NONE',  ( -3.462783069340739317, 0.000000000000000000, 0.05859902374375813849 ) ) ;
#3360 = CARTESIAN_POINT ( 'NONE',  ( -0.3795073712743768368, -0.3499999999999999778, -0.3438888888888888551 ) ) ;
#3361 = VERTEX_POINT ( 'NONE', #3117 ) ;
#3362 = APPLICATION_CONTEXT ( 'automotive_design' ) ;
#3363 = ORIENTED_EDGE ( 'NONE', *, *, #1641, .T. ) ;
#3364 = ORIENTED_EDGE ( 'NONE', *, *, #6028, .F. ) ;
#3365 = VECTOR ( 'NONE', #3596, 39.37007874015748854 ) ;
#3366 = VECTOR ( 'NONE', #2127, 39.37007874015748143 ) ;
#3367 = LINE ( 'NONE', #1881, #3347 ) ;
#3368 = DIRECTION ( 'NONE',  ( -0.8660254037844388186, 0.000000000000000000, -0.4999999999999996114 ) ) ;
#3369 = CARTESIAN_POINT ( 'NONE',  ( 0.000000000000000000, 0.000000000000000000, 0.000000000000000000 ) ) ;
#3370 = EDGE_LOOP ( 'NONE', ( #5826, #3337, #5054, #4202 ) ) ;
#3371 = AXIS2_PLACEMENT_3D ( 'NONE', #5537, #1590, #6307 ) ;
#3372 = CARTESIAN_POINT ( 'NONE',  ( -1.732050807568493500, 0.2500000000000000000, 1.000000000000222045 ) ) ;
#3373 = EDGE_LOOP ( 'NONE', ( #6177, #3217, #5624, #372 ) ) ;
#3374 = EDGE_CURVE ( 'NONE', #5441, #6255, #3672, .T. ) ;
#3375 = DIRECTION ( 'NONE',  ( 0.000000000000000000, 1.000000000000000000, 0.000000000000000000 ) ) ;
#3376 = CARTESIAN_POINT ( 'NONE',  ( 3.430871201744721155, 0.000000000000000000, -1.274136267412294465 ) ) ;
#3377 = LINE ( 'NONE', #2923, #5351 ) ;
#3378 = ORIENTED_EDGE ( 'NONE', *, *, #46, .F. ) ;
#3379 = ADVANCED_FACE ( 'NONE', ( #4747 ), #4132, .F. ) ;
#3380 = ORIENTED_EDGE ( 'NONE', *, *, #2437, .F. ) ;
#3381 = CARTESIAN_POINT ( 'NONE',  ( -1.285575219373060518, 0.000000000000000000, -1.532088886237972458 ) ) ;
#3382 = EDGE_CURVE ( 'NONE', #6213, #6631, #5122, .T. ) ;
#3383 = DIRECTION ( 'NONE',  ( -0.000000000000000000, 1.000000000000000000, -0.000000000000000000 ) ) ;
#3384 = PRODUCT_DEFINITION_SHAPE ( 'NONE', 'NONE',  #6900 ) ;
#3385 = VERTEX_POINT ( 'NONE', #4714 ) ;
#3386 = ORIENTED_EDGE ( 'NONE', *, *, #643, .T. ) ;
#3387 = LINE ( 'NONE', #53, #313 ) ;
#3388 = EDGE_CURVE ( 'NONE', #523, #4842, #6323, .T. ) ;
#3389 =( GEOMETRIC_REPRESENTATION_CONTEXT ( 3 ) GLOBAL_UNCERTAINTY_ASSIGNED_CONTEXT ( ( #5678 ) ) GLOBAL_UNIT_ASSIGNED_CONTEXT ( ( #434, #3206, #5295 ) ) REPRESENTATION_CONTEXT ( 'NONE', 'WORKASPACE' ) );
#3390 = CARTESIAN_POINT ( 'NONE',  ( 0.3295073712743767924, 0.3500000000000000333, -0.4000000000000000777 ) ) ;
#3391 = DIRECTION ( 'NONE',  ( 1.000000000000000000, 0.000000000000000000, 0.000000000000000000 ) ) ;
#3392 = LINE ( 'NONE', #3286, #2133 ) ;
#3393 = CARTESIAN_POINT ( 'NONE',  ( 0.9073817267422482624, 1.000000000000000000, -2.062398044885616510 ) ) ;
#3394 = ORIENTED_EDGE ( 'NONE', *, *, #5755, .T. ) ;
#3395 = ORIENTED_EDGE ( 'NONE', *, *, #945, .F. ) ;
#3396 = ORIENTED_EDGE ( 'NONE', *, *, #6127, .F. ) ;
#3397 = ADVANCED_FACE ( 'NONE', ( #2662 ), #4781, .F. ) ;
#3398 = DIRECTION ( 'NONE',  ( -0.000000000000000000, 1.000000000000000000, -0.000000000000000000 ) ) ;
#3399 = VERTEX_POINT ( 'NONE', #1993 ) ;
#3400 = DIRECTION ( 'NONE',  ( 0.000000000000000000, 0.000000000000000000, 1.000000000000000000 ) ) ;
#3401 = ORIENTED_EDGE ( 'NONE', *, *, #4888, .F. ) ;
#3402 = DIRECTION ( 'NONE',  ( 0.3420201433256630508, 0.000000000000000000, 0.9396926207859105373 ) ) ;
#3403 = LINE ( 'NONE', #5520, #92 ) ;
#3404 = PLANE ( 'NONE',  #3130 ) ;
#3405 = CARTESIAN_POINT ( 'NONE',  ( -0.8555891799356177829, -0.5000000000000000000, -0.5631422929899626562 ) ) ;
#3406 = ORIENTED_EDGE ( 'NONE', *, *, #3582, .T. ) ;
#3407 =( REPRESENTATION_RELATIONSHIP ('NONE','NONE', #880, #6553 ) REPRESENTATION_RELATIONSHIP_WITH_TRANSFORMATION ( #3085 )SHAPE_REPRESENTATION_RELATIONSHIP( ) );
#3408 = VERTEX_POINT ( 'NONE', #3078 ) ;
#3409 = DIRECTION ( 'NONE',  ( 0.000000000000000000, 1.000000000000000000, -0.000000000000000000 ) ) ;
#3410 = AXIS2_PLACEMENT_3D ( 'NONE', #5337, #6353, #3665 ) ;
#3411 = CARTESIAN_POINT ( 'NONE',  ( -0.2761998357659943282, 0.000000000000000000, 2.027827026023792278 ) ) ;
#3412 = AXIS2_PLACEMENT_3D ( 'NONE', #832, #4586, #1701 ) ;
#3413 = EDGE_CURVE ( 'NONE', #4958, #17, #2554, .T. ) ;
#3414 = ORIENTED_EDGE ( 'NONE', *, *, #2628, .T. ) ;
#3415 = ORIENTED_EDGE ( 'NONE', *, *, #4620, .F. ) ;
#3416 = CARTESIAN_POINT ( 'NONE',  ( -0.4340147425487533850, 0.3500000000000000333, 0.6000000000000001998 ) ) ;
#3417 = AXIS2_PLACEMENT_3D ( 'NONE', #867, #1533, #2070 ) ;
#3418 = DIRECTION ( 'NONE',  ( 0.000000000000000000, -0.000000000000000000, 1.000000000000000000 ) ) ;
#3419 = CARTESIAN_POINT ( 'NONE',  ( -1.832050807568750050, 0.2500000000000000000, -0.8267949192428897254 ) ) ;
#3420 = PLANE ( 'NONE',  #2697 ) ;
#3421 = CARTESIAN_POINT ( 'NONE',  ( 1.954253247882794753, 0.000000000000000000, 2.867691261426206673 ) ) ;
#3422 = AXIS2_PLACEMENT_3D ( 'NONE', #101, #4263, #1178 ) ;
#3423 = ORIENTED_EDGE ( 'NONE', *, *, #5087, .F. ) ;
#3424 = ORIENTED_EDGE ( 'NONE', *, *, #854, .T. ) ;
#3425 = VERTEX_POINT ( 'NONE', #1644 ) ;
#3426 = LINE ( 'NONE', #1310, #5924 ) ;
#3427 = ADVANCED_FACE ( 'NONE', ( #6534 ), #2773, .F. ) ;
#3428 = DIRECTION ( 'NONE',  ( 0.000000000000000000, 1.000000000000000000, 0.000000000000000000 ) ) ;
#3429 = ORIENTED_EDGE ( 'NONE', *, *, #2710, .F. ) ;
#3430 = EDGE_CURVE ( 'NONE', #2784, #1924, #3004, .T. ) ;
#3431 = DIRECTION ( 'NONE',  ( -0.3318375404874726042, 0.000000000000000000, -0.9433365500833862383 ) ) ;
#3432 = ORIENTED_EDGE ( 'NONE', *, *, #1595, .T. ) ;
#3433 = DIRECTION ( 'NONE',  ( -0.9359387816366080415, 0.000000000000000000, -0.3521627422493496806 ) ) ;
#3434 = LINE ( 'NONE', #2920, #2550 ) ;
#3435 = CARTESIAN_POINT ( 'NONE',  ( -1.999999999999744649, 0.5000000000000000000, -0.1999999999997443545 ) ) ;
#3436 = EDGE_CURVE ( 'NONE', #6728, #4087, #2843, .T. ) ;
#3437 = VECTOR ( 'NONE', #5201, 39.37007874015748143 ) ;
#3438 = EDGE_CURVE ( 'NONE', #3789, #2667, #2810, .T. ) ;
#3439 = CARTESIAN_POINT ( 'NONE',  ( 0.8267949192431464089, 0.5000000000000000000, -1.832050807569004736 ) ) ;
#3440 = VERTEX_POINT ( 'NONE', #1607 ) ;
#3441 = DIRECTION ( 'NONE',  ( 0.000000000000000000, 1.000000000000000000, -0.000000000000000000 ) ) ;
#3442 = ORIENTED_EDGE ( 'NONE', *, *, #5934, .F. ) ;
#3443 = DIRECTION ( 'NONE',  ( 0.000000000000000000, 1.000000000000000000, -0.000000000000000000 ) ) ;
#3444 = DIRECTION ( 'NONE',  ( 0.000000000000000000, 0.000000000000000000, -1.000000000000000000 ) ) ;
#3445 =( REPRESENTATION_RELATIONSHIP ('NONE','NONE', #3481, #5835 ) REPRESENTATION_RELATIONSHIP_WITH_TRANSFORMATION ( #6856 )SHAPE_REPRESENTATION_RELATIONSHIP( ) );
#3446 = AXIS2_PLACEMENT_3D ( 'NONE', #6675, #4580, #6611 ) ;
#3447 = ORIENTED_EDGE ( 'NONE', *, *, #93, .T. ) ;
#3448 = ORIENTED_EDGE ( 'NONE', *, *, #1367, .T. ) ;
#3449 = DIRECTION ( 'NONE',  ( 0.000000000000000000, 0.000000000000000000, 1.000000000000000000 ) ) ;
#3450 = DIRECTION ( 'NONE',  ( 0.000000000000000000, -0.000000000000000000, 1.000000000000000000 ) ) ;
#3451 = CIRCLE ( 'NONE', #4716, 0.1999999999999999833 ) ;
#3452 = PLANE ( 'NONE',  #876 ) ;
#3453 = CARTESIAN_POINT ( 'NONE',  ( 0.8555891799356175609, 0.3500000000000000333, -0.5631422929899629892 ) ) ;
#3454 = DIRECTION ( 'NONE',  ( 0.5000000000000002220, -0.000000000000000000, 0.8660254037844385966 ) ) ;
#3455 = VECTOR ( 'NONE', #1941, 39.37007874015748143 ) ;
#3456 = CIRCLE ( 'NONE', #1668, 0.2000000000000000389 ) ;
#3457 = ORIENTED_EDGE ( 'NONE', *, *, #599, .T. ) ;
#3458 = ORIENTED_EDGE ( 'NONE', *, *, #5954, .F. ) ;
#3459 = ORIENTED_EDGE ( 'NONE', *, *, #3069, .F. ) ;
#3460 = ADVANCED_FACE ( 'NONE', ( #1749 ), #105, .F. ) ;
#3461 = CARTESIAN_POINT ( 'NONE',  ( 2.239779962957425319, 0.000000000000000000, 0.2453833961542413455 ) ) ;
#3462 = AXIS2_PLACEMENT_3D ( 'NONE', #6712, #4584, #6742 ) ;
#3463 = AXIS2_PLACEMENT_3D ( 'NONE', #5953, #2348, #6476 ) ;
#3464 = DIRECTION ( 'NONE',  ( 0.000000000000000000, 1.000000000000000000, 0.000000000000000000 ) ) ;
#3465 = ORIENTED_EDGE ( 'NONE', *, *, #5583, .T. ) ;
#3466 = LINE ( 'NONE', #2376, #6427 ) ;
#3467 = VECTOR ( 'NONE', #1278, 39.37007874015748143 ) ;
#3468 = CIRCLE ( 'NONE', #3693, 0.2000000000000000389 ) ;
#3469 = ORIENTED_EDGE ( 'NONE', *, *, #5217, .T. ) ;
#3470 = EDGE_CURVE ( 'NONE', #2687, #1180, #690, .T. ) ;
#3471 = LINE ( 'NONE', #5764, #5011 ) ;
#3472 = ADVANCED_FACE ( 'NONE', ( #4940 ), #3745, .F. ) ;
#3473 = DIRECTION ( 'NONE',  ( 0.000000000000000000, -0.000000000000000000, -1.000000000000000000 ) ) ;
#3474 = VECTOR ( 'NONE', #57, 39.37007874015748143 ) ;
#3475 = EDGE_LOOP ( 'NONE', ( #365, #5131, #3501, #3659 ) ) ;
#3476 = DIRECTION ( 'NONE',  ( 0.1736481776669266952, -0.000000000000000000, 0.9848077530122085754 ) ) ;
#3477 = DIRECTION ( 'NONE',  ( 0.000000000000000000, 0.000000000000000000, 1.000000000000000000 ) ) ;
#3478 = VERTEX_POINT ( 'NONE', #4379 ) ;
#3479 = AXIS2_PLACEMENT_3D ( 'NONE', #1848, #5582, #789 ) ;
#3480 = EDGE_CURVE ( 'NONE', #2360, #1179, #2245, .T. ) ;
#3481 = SHAPE_REPRESENTATION ( 'StatorAssembly', ( #6373, #1804, #2023, #341, #3148, #2817, #6705, #6817, #6485, #124, #1012 ), #3931 ) ;
#3482 = CARTESIAN_POINT ( 'NONE',  ( 0.3795073712743766148, 0.3499999999999999778, -0.3438888888888889661 ) ) ;
#3483 = EDGE_CURVE ( 'NONE', #3351, #3299, #6015, .T. ) ;
#3484 = CYLINDRICAL_SURFACE ( 'NONE', #2547, 0.2000000000000000389 ) ;
#3485 = ORIENTED_EDGE ( 'NONE', *, *, #4187, .F. ) ;
#3486 = DIRECTION ( 'NONE',  ( -2.561107494060247137E-16, 0.000000000000000000, -1.000000000000000000 ) ) ;
#3487 = CYLINDRICAL_SURFACE ( 'NONE', #5774, 0.2000000000000000389 ) ;
#3488 = CARTESIAN_POINT ( 'NONE',  ( 3.017691453624106845, 0.5000000000000000000, -1.973205080757108876 ) ) ;
#3489 = CARTESIAN_POINT ( 'NONE',  ( -0.9999999999995230482, 0.5000000000000000000, 1.732050807569005313 ) ) ;
#3490 = CARTESIAN_POINT ( 'NONE',  ( -3.340361252238971623, 0.000000000000000000, 0.9406091814676094121 ) ) ;
#3491 = VERTEX_POINT ( 'NONE', #1214 ) ;
#3492 = PRODUCT ( 'CoilUnitHousingPlate', 'CoilUnitHousingPlate', '', ( #414 ) ) ;
#3493 = VERTEX_POINT ( 'NONE', #4821 ) ;
#3494 = ORIENTED_EDGE ( 'NONE', *, *, #4572, .F. ) ;
#3495 = CARTESIAN_POINT ( 'NONE',  ( 1.626794919243146120, 0.2500000000000000000, -3.217691453624107467 ) ) ;
#3496 = MANIFOLD_SOLID_BREP ( 'Cut-Extrude2', #2745 ) ;
#3497 = DIRECTION ( 'NONE',  ( 0.000000000000000000, 1.000000000000000000, 0.000000000000000000 ) ) ;
#3498 = ORIENTED_EDGE ( 'NONE', *, *, #4707, .F. ) ;
#3499 = CYLINDRICAL_SURFACE ( 'NONE', #2867, 0.2000000000000000389 ) ;
#3500 = EDGE_CURVE ( 'NONE', #3920, #481, #3367, .T. ) ;
#3501 = ORIENTED_EDGE ( 'NONE', *, *, #5583, .F. ) ;
#3502 = CARTESIAN_POINT ( 'NONE',  ( -0.9073817267422200628, 0.000000000000000000, -2.062398044885628945 ) ) ;
#3503 = CARTESIAN_POINT ( 'NONE',  ( 0.3295073712743759597, -0.3499999999999999778, -0.4000000000000000777 ) ) ;
#3504 = DIRECTION ( 'NONE',  ( 0.000000000000000000, -1.000000000000000000, 0.000000000000000000 ) ) ;
#3505 = ORIENTED_EDGE ( 'NONE', *, *, #2306, .F. ) ;
#3506 = DIRECTION ( 'NONE',  ( -0.8660254037844385966, 0.000000000000000000, 0.4999999999999998890 ) ) ;
#3507 = CONTEXT_DEPENDENT_SHAPE_REPRESENTATION ( #2695, #2422 ) ;
#3508 = ORIENTED_EDGE ( 'NONE', *, *, #6654, .F. ) ;
#3509 = DIRECTION ( 'NONE',  ( -0.000000000000000000, 1.000000000000000000, -0.000000000000000000 ) ) ;
#3510 = LINE ( 'NONE', #4105, #745 ) ;
#3511 = EDGE_CURVE ( 'NONE', #5659, #4578, #533, .T. ) ;
#3512 = ADVANCED_FACE ( 'NONE', ( #2308 ), #6046, .F. ) ;
#3513 = EDGE_LOOP ( 'NONE', ( #5016, #3911, #3264, #5431 ) ) ;
#3514 = FACE_OUTER_BOUND ( 'NONE', #3055, .T. ) ;
#3515 = CARTESIAN_POINT ( 'NONE',  ( -1.632050807568750539, 0.5000000000000000000, -1.173205080756665186 ) ) ;
#3516 = CARTESIAN_POINT ( 'NONE',  ( 0.4277945899678090580, -0.3500000000000000333, -0.2815711464949816056 ) ) ;
#3517 = CIRCLE ( 'NONE', #2292, 0.1000000000000000888 ) ;
#3518 = ADVANCED_FACE ( 'NONE', ( #5581 ), #2970, .F. ) ;
#3519 = DIRECTION ( 'NONE',  ( 0.000000000000000000, 1.000000000000000000, -0.000000000000000000 ) ) ;
#3520 = DIRECTION ( 'NONE',  ( 1.000000000000000000, -0.000000000000000000, -1.573591704294117338E-16 ) ) ;
#3521 = ORIENTED_EDGE ( 'NONE', *, *, #2307, .F. ) ;
#3522 = ORIENTED_EDGE ( 'NONE', *, *, #1687, .F. ) ;
#3523 = ORIENTED_EDGE ( 'NONE', *, *, #5435, .F. ) ;
#3524 = AXIS2_PLACEMENT_3D ( 'NONE', #1281, #1348, #726 ) ;
#3525 = DIRECTION ( 'NONE',  ( 0.5000000000000002220, 0.000000000000000000, 0.8660254037844385966 ) ) ;
#3526 = CARTESIAN_POINT ( 'NONE',  ( -0.1472782379493224603, 0.000000000000000000, 2.248363052133773632 ) ) ;
#3527 = VECTOR ( 'NONE', #5760, 39.37007874015748143 ) ;
#3528 = CARTESIAN_POINT ( 'NONE',  ( 0.2170073712743769700, -0.3500000000000000333, 0.4000000000000000777 ) ) ;
#3529 = CARTESIAN_POINT ( 'NONE',  ( -1.873500401103497692, 1.000000000000000000, -1.251728221555618026 ) ) ;
#3530 = VERTEX_POINT ( 'NONE', #300 ) ;
#3531 = DIRECTION ( 'NONE',  ( -0.6427876096865298150, 0.000000000000000000, -0.7660444431189860071 ) ) ;
#3532 = FACE_OUTER_BOUND ( 'NONE', #4247, .T. ) ;
#3533 = CARTESIAN_POINT ( 'NONE',  ( -0.8555891799356180050, 1.000000000000000000, -3.363142292989961035 ) ) ;
#3534 = EDGE_LOOP ( 'NONE', ( #3792, #4808, #4945, #1444 ) ) ;
#3535 = PLANE ( 'NONE',  #388 ) ;
#3536 = CONTEXT_DEPENDENT_SHAPE_REPRESENTATION ( #3902, #3941 ) ;
#3537 = ORIENTED_EDGE ( 'NONE', *, *, #1894, .T. ) ;
#3538 = LINE ( 'NONE', #4514, #2417 ) ;
#3539 = CARTESIAN_POINT ( 'NONE',  ( -0.1999999999994891697, 0.5000000000000000000, 2.000000000000000000 ) ) ;
#3540 = AXIS2_PLACEMENT_3D ( 'NONE', #3267, #5948, #5915 ) ;
#3541 = EDGE_CURVE ( 'NONE', #5037, #4339, #1274, .T. ) ;
#3542 = CARTESIAN_POINT ( 'NONE',  ( -0.3486279233011422840, 0.3499999999999999778, 0.3634288535050185787 ) ) ;
#3543 = VECTOR ( 'NONE', #6289, 39.37007874015748143 ) ;
#3544 = EDGE_LOOP ( 'NONE', ( #3207, #1613, #5873, #2579 ) ) ;
#3545 = LINE ( 'NONE', #4625, #1681 ) ;
#3546 = DIRECTION ( 'NONE',  ( 0.000000000000000000, 0.000000000000000000, 1.000000000000000000 ) ) ;
#3547 = ADVANCED_FACE ( 'NONE', ( #5064 ), #3002, .F. ) ;
#3548 = FACE_OUTER_BOUND ( 'NONE', #6138, .T. ) ;
#3549 = VECTOR ( 'NONE', #6124, 39.37007874015748143 ) ;
#3550 = LINE ( 'NONE', #4629, #5033 ) ;
#3551 = CARTESIAN_POINT ( 'NONE',  ( 0.6305891799356182492, 1.000000000000000000, -2.163142292989963966 ) ) ;
#3552 = ORIENTED_EDGE ( 'NONE', *, *, #3716, .F. ) ;
#3553 = VERTEX_POINT ( 'NONE', #2403 ) ;
#3554 = VECTOR ( 'NONE', #1285, 39.37007874015748143 ) ;
#3555 = ORIENTED_EDGE ( 'NONE', *, *, #5901, .T. ) ;
#3556 = ADVANCED_FACE ( 'NONE', ( #4500 ), #2339, .T. ) ;
#3557 = LINE ( 'NONE', #961, #1090 ) ;
#3558 = CIRCLE ( 'NONE', #531, 0.2000000000000000389 ) ;
#3559 = PLANE ( 'NONE',  #1450 ) ;
#3560 = VECTOR ( 'NONE', #3330, 39.37007874015748143 ) ;
#3561 = CARTESIAN_POINT ( 'NONE',  ( 2.614979001592705021, 0.000000000000000000, 2.470723508515694444 ) ) ;
#3562 = ORIENTED_EDGE ( 'NONE', *, *, #1539, .F. ) ;
#3563 = DIRECTION ( 'NONE',  ( 0.7590480150331945230, 0.000000000000000000, 0.6510346464468441674 ) ) ;
#3564 = ORIENTED_EDGE ( 'NONE', *, *, #720, .T. ) ;
#3565 = AXIS2_PLACEMENT_3D ( 'NONE', #3014, #4040, #1996 ) ;
#3566 = CIRCLE ( 'NONE', #5352, 0.1000000000000000888 ) ;
#3567 = DIRECTION ( 'NONE',  ( 0.000000000000000000, 1.000000000000000000, -0.000000000000000000 ) ) ;
#3568 = PLANE ( 'NONE',  #2910 ) ;
#3569 = CARTESIAN_POINT ( 'NONE',  ( 0.3295073712743768479, -0.3499999999999999778, -0.3000000000000000999 ) ) ;
#3570 = EDGE_LOOP ( 'NONE', ( #1298, #5518, #948, #5502 ) ) ;
#3571 = AXIS2_PLACEMENT_3D ( 'NONE', #4848, #6527, #4431 ) ;
#3572 = VECTOR ( 'NONE', #4478, 39.37007874015748143 ) ;
#3573 = FACE_OUTER_BOUND ( 'NONE', #1622, .T. ) ;
#3574 = ORIENTED_EDGE ( 'NONE', *, *, #1163, .T. ) ;
#3575 = ADVANCED_FACE ( 'NONE', ( #788 ), #6633, .F. ) ;
#3576 = APPLICATION_CONTEXT ( 'automotive_design' ) ;
#3577 = AXIS2_PLACEMENT_3D ( 'NONE', #2364, #2430, #6068 ) ;
#3578 = CARTESIAN_POINT ( 'NONE',  ( -1.332398236215194931, 1.000000000000000000, 1.817014648731372528 ) ) ;
#3579 = CARTESIAN_POINT ( 'NONE',  ( 1.632050807569260575, 0.5000000000000000000, 1.173205080756666296 ) ) ;
#3580 = AXIS2_PLACEMENT_3D ( 'NONE', #6605, #4060, #4501 ) ;
#3581 = ORIENTED_EDGE ( 'NONE', *, *, #258, .F. ) ;
#3582 = EDGE_CURVE ( 'NONE', #2038, #2409, #5133, .T. ) ;
#3583 = CARTESIAN_POINT ( 'NONE',  ( 0.2000000000005110745, 0.2500000000000000000, 3.599999999999999645 ) ) ;
#3584 = FACE_OUTER_BOUND ( 'NONE', #2445, .T. ) ;
#3585 = CARTESIAN_POINT ( 'NONE',  ( -0.1999999999999999278, 0.000000000000000000, 0.8000000000000001554 ) ) ;
#3586 = DIRECTION ( 'NONE',  ( 0.000000000000000000, 0.000000000000000000, -1.000000000000000000 ) ) ;
#3587 = CARTESIAN_POINT ( 'NONE',  ( 0.000000000000000000, 0.5000000000000000000, 0.000000000000000000 ) ) ;
#3588 = EDGE_CURVE ( 'NONE', #5929, #2409, #819, .T. ) ;
#3589 = ORIENTED_EDGE ( 'NONE', *, *, #2799, .T. ) ;
#3590 = DIRECTION ( 'NONE',  ( -0.4999999999999919509, 0.000000000000000000, 0.8660254037844432595 ) ) ;
#3591 = ORIENTED_EDGE ( 'NONE', *, *, #3262, .F. ) ;
#3592 = ORIENTED_EDGE ( 'NONE', *, *, #1936, .T. ) ;
#3593 = ADVANCED_FACE ( 'NONE', ( #2873 ), #5544, .F. ) ;
#3594 = SURFACE_SIDE_STYLE ('',( #5719 ) ) ;
#3595 = LENGTH_MEASURE_WITH_UNIT ( LENGTH_MEASURE( 0.02539999999999999897 ), #6281 );
#3596 = DIRECTION ( 'NONE',  ( 0.1842885350501853592, 0.000000000000000000, 0.9828721869343218787 ) ) ;
#3597 = EDGE_LOOP ( 'NONE', ( #2337, #2063, #586, #1247 ) ) ;
#3598 = EDGE_CURVE ( 'NONE', #4510, #5929, #2113, .T. ) ;
#3599 = DIRECTION ( 'NONE',  ( 0.000000000000000000, 0.000000000000000000, -1.000000000000000000 ) ) ;
#3600 = ORIENTED_EDGE ( 'NONE', *, *, #4282, .F. ) ;
#3601 = CARTESIAN_POINT ( 'NONE',  ( 1.081658159549203191, 0.000000000000000000, -1.964277073793383011 ) ) ;
#3602 = PRODUCT_DEFINITION_SHAPE ( 'NONE', 'NONE',  #6901 ) ;
#3603 = CARTESIAN_POINT ( 'NONE',  ( 0.6305891799356182492, 0.000000000000000000, -2.163142292989963966 ) ) ;
#3604 = CARTESIAN_POINT ( 'NONE',  ( -1.873500401103497692, 0.000000000000000000, -1.251728221555618026 ) ) ;
#3605 = CIRCLE ( 'NONE', #1784, 0.5000000000000000000 ) ;
#3606 = EDGE_CURVE ( 'NONE', #2775, #3184, #209, .T. ) ;
#3607 = ORIENTED_EDGE ( 'NONE', *, *, #6335, .F. ) ;
#3608 = PLANE ( 'NONE',  #2405 ) ;
#3609 = VERTEX_POINT ( 'NONE', #2908 ) ;
#3610 = DIRECTION ( 'NONE',  ( 0.000000000000000000, 0.000000000000000000, -1.000000000000000000 ) ) ;
#3611 = DIRECTION ( 'NONE',  ( -0.000000000000000000, 1.000000000000000000, -0.000000000000000000 ) ) ;
#3612 = CARTESIAN_POINT ( 'NONE',  ( -1.626794919243079729, 0.5000000000000000000, -3.217691453623849895 ) ) ;
#3613 = ORIENTED_EDGE ( 'NONE', *, *, #1906, .F. ) ;
#3614 = CARTESIAN_POINT ( 'NONE',  ( -1.746607323071556861, 0.000000000000000000, -1.406318475930141476 ) ) ;
#3615 = CARTESIAN_POINT ( 'NONE',  ( 0.5435971967450640152, 0.000000000000000000, 3.420351227372345981 ) ) ;
#3616 = LINE ( 'NONE', #5743, #3687 ) ;
#3617 = DIRECTION ( 'NONE',  ( -1.000000000000000000, 0.000000000000000000, 0.000000000000000000 ) ) ;
#3618 = CARTESIAN_POINT ( 'NONE',  ( -0.2503407046077101294, -0.3499999999999999778, 0.4449999999999999512 ) ) ;
#3619 = ORIENTED_EDGE ( 'NONE', *, *, #3541, .F. ) ;
#3620 = CARTESIAN_POINT ( 'NONE',  ( 2.944518076089163383, 1.701089577834661304, 3.503176058514079205 ) ) ;
#3621 = VERTEX_POINT ( 'NONE', #6666 ) ;
#3622 = EDGE_LOOP ( 'NONE', ( #1456, #4110, #1252, #1640 ) ) ;
#3623 = FACE_OUTER_BOUND ( 'NONE', #6102, .T. ) ;
#3624 = PRESENTATION_STYLE_ASSIGNMENT (( #3109 ) ) ;
#3625 =( CONVERSION_BASED_UNIT ( 'INCH', #538 ) LENGTH_UNIT ( ) NAMED_UNIT ( #4279 ) );
#3626 = DIRECTION ( 'NONE',  ( 0.5000000000000001110, 0.000000000000000000, -0.8660254037844385966 ) ) ;
#3627 = VERTEX_POINT ( 'NONE', #235 ) ;
#3628 = VECTOR ( 'NONE', #3476, 39.37007874015748854 ) ;
#3629 = LINE ( 'NONE', #4093, #3527 ) ;
#3630 = ORIENTED_EDGE ( 'NONE', *, *, #95, .F. ) ;
#3631 = CARTESIAN_POINT ( 'NONE',  ( -3.599999999999744738, 0.2500000000000000000, 0.2000000000002559453 ) ) ;
#3632 = LINE ( 'NONE', #5802, #863 ) ;
#3633 = AXIS2_PLACEMENT_3D ( 'NONE', #1148, #5420, #5457 ) ;
#3634 = EDGE_CURVE ( 'NONE', #1829, #3106, #6106, .T. ) ;
#3635 = DIRECTION ( 'NONE',  ( 0.000000000000000000, 1.000000000000000000, 0.000000000000000000 ) ) ;
#3636 = EDGE_CURVE ( 'NONE', #1008, #1329, #4569, .T. ) ;
#3637 = LINE ( 'NONE', #5278, #768 ) ;
#3638 = ORIENTED_EDGE ( 'NONE', *, *, #801, .F. ) ;
#3639 = FACE_OUTER_BOUND ( 'NONE', #2855, .T. ) ;
#3640 = AXIS2_PLACEMENT_3D ( 'NONE', #4298, #5937, #25 ) ;
#3641 = ORIENTED_EDGE ( 'NONE', *, *, #3992, .T. ) ;
#3642 = CONTEXT_DEPENDENT_SHAPE_REPRESENTATION ( #4968, #2313 ) ;
#3643 = DIRECTION ( 'NONE',  ( -1.000000000000000000, 0.000000000000000000, 1.280553747030123075E-16 ) ) ;
#3644 = CARTESIAN_POINT ( 'NONE',  ( 2.690312454397194131, 0.000000000000000000, -2.180944595493418348 ) ) ;
#3645 = EDGE_CURVE ( 'NONE', #6790, #5732, #3451, .T. ) ;
#3646 = AXIS2_PLACEMENT_3D ( 'NONE', #1088, #3237, #4875 ) ;
#3647 = DIRECTION ( 'NONE',  ( 1.000000000000000000, -0.000000000000000000, -0.000000000000000000 ) ) ;
#3648 = ORIENTED_EDGE ( 'NONE', *, *, #4560, .T. ) ;
#3649 = VECTOR ( 'NONE', #3433, 39.37007874015748143 ) ;
#3650 = LINE ( 'NONE', #4622, #4455 ) ;
#3651 = DIRECTION ( 'NONE',  ( 0.000000000000000000, 0.000000000000000000, 1.000000000000000000 ) ) ;
#3652 = CARTESIAN_POINT ( 'NONE',  ( 2.484772072303334856, 0.000000000000000000, 2.422533111522332305 ) ) ;
#3653 = VECTOR ( 'NONE', #3763, 39.37007874015748143 ) ;
#3654 = CARTESIAN_POINT ( 'NONE',  ( 3.600000000000254996, 0.5000000000000000000, 0.1999999999997445210 ) ) ;
#3655 = CYLINDRICAL_SURFACE ( 'NONE', #6084, 0.2000000000000000389 ) ;
#3656 = ORIENTED_EDGE ( 'NONE', *, *, #3178, .T. ) ;
#3657 = DIRECTION ( 'NONE',  ( -0.5000000000000071054, 0.000000000000000000, -0.8660254037844345998 ) ) ;
#3658 = VERTEX_POINT ( 'NONE', #6874 ) ;
#3659 = ORIENTED_EDGE ( 'NONE', *, *, #5631, .T. ) ;
#3660 = DIRECTION ( 'NONE',  ( 0.000000000000000000, 1.000000000000000000, 0.000000000000000000 ) ) ;
#3661 = EDGE_CURVE ( 'NONE', #6173, #6276, #2090, .T. ) ;
#3662 = VECTOR ( 'NONE', #518, 39.37007874015748143 ) ;
#3663 = FACE_OUTER_BOUND ( 'NONE', #120, .T. ) ;
#3664 = CARTESIAN_POINT ( 'NONE',  ( 0.6305891799356178051, 0.5000000000000000000, 0.6368577070100370774 ) ) ;
#3665 = DIRECTION ( 'NONE',  ( 0.000000000000000000, 0.000000000000000000, -1.000000000000000000 ) ) ;
#3666 = AXIS2_PLACEMENT_3D ( 'NONE', #5010, #862, #4477 ) ;
#3667 = CARTESIAN_POINT ( 'NONE',  ( 1.873500401103514568, 0.000000000000000000, -1.251728221555592491 ) ) ;
#3668 = EDGE_CURVE ( 'NONE', #5189, #6095, #4783, .T. ) ;
#3669 = ORIENTED_EDGE ( 'NONE', *, *, #3661, .F. ) ;
#3670 = EDGE_CURVE ( 'NONE', #5449, #3920, #2619, .T. ) ;
#3671 = CARTESIAN_POINT ( 'NONE',  ( 0.000000000000000000, 0.000000000000000000, 0.000000000000000000 ) ) ;
#3672 = LINE ( 'NONE', #447, #1311 ) ;
#3673 = AXIS2_PLACEMENT_3D ( 'NONE', #2861, #2763, #5503 ) ;
#3674 = AXIS2_PLACEMENT_3D ( 'NONE', #5644, #719, #3958 ) ;
#3675 = DIRECTION ( 'NONE',  ( 0.000000000000000000, -0.000000000000000000, 1.000000000000000000 ) ) ;
#3676 = DIRECTION ( 'NONE',  ( -0.000000000000000000, 1.000000000000000000, -0.000000000000000000 ) ) ;
#3677 = VERTEX_POINT ( 'NONE', #2512 ) ;
#3678 = FACE_OUTER_BOUND ( 'NONE', #6838, .T. ) ;
#3679 = AXIS2_PLACEMENT_3D ( 'NONE', #536, #3321, #134 ) ;
#3680 = VERTEX_POINT ( 'NONE', #4636 ) ;
#3681 = ITEM_DEFINED_TRANSFORMATION ( 'NONE', 'NONE', #6705,  #5255 ) ;
#3682 = EDGE_CURVE ( 'NONE', #1195, #5332, #3557, .T. ) ;
#3683 = PLANE ( 'NONE',  #289 ) ;
#3684 = EDGE_CURVE ( 'NONE', #4339, #5238, #6351, .T. ) ;
#3685 = DIRECTION ( 'NONE',  ( 0.7590480150331945230, 0.000000000000000000, 0.6510346464468441674 ) ) ;
#3686 = CIRCLE ( 'NONE', #2121, 0.2000000000000005940 ) ;
#3687 = VECTOR ( 'NONE', #5222, 39.37007874015747433 ) ;
#3688 = FACE_OUTER_BOUND ( 'NONE', #5526, .T. ) ;
#3689 = ADVANCED_FACE ( 'NONE', ( #4670 ), #6731, .F. ) ;
#3690 = EDGE_CURVE ( 'NONE', #1745, #816, #6807, .T. ) ;
#3691 = VERTEX_POINT ( 'NONE', #4605 ) ;
#3692 = MECHANICAL_DESIGN_GEOMETRIC_PRESENTATION_REPRESENTATION (  '', ( #3800 ), #6362 ) ;
#3693 = AXIS2_PLACEMENT_3D ( 'NONE', #2617, #3660, #4294 ) ;
#3694 = CARTESIAN_POINT ( 'NONE',  ( 0.1999999999999999278, 0.2500000000000000000, -0.8000000000000000444 ) ) ;
#3695 = PLANE ( 'NONE',  #4544 ) ;
#3696 = VECTOR ( 'NONE', #5028, 39.37007874015747433 ) ;
#3697 = DIMENSIONAL_EXPONENTS ( 1.000000000000000000, 0.000000000000000000, 0.000000000000000000, 0.000000000000000000, 0.000000000000000000, 0.000000000000000000, 0.000000000000000000 ) ;
#3698 = CARTESIAN_POINT ( 'NONE',  ( 0.000000000000000000, 1.000000000000000000, -4.000000000000000000 ) ) ;
#3699 = DIRECTION ( 'NONE',  ( -0.000000000000000000, 1.000000000000000000, -0.000000000000000000 ) ) ;
#3700 = ORIENTED_EDGE ( 'NONE', *, *, #1926, .F. ) ;
#3701 = DIRECTION ( 'NONE',  ( 0.5000000000000009992, 0.000000000000000000, 0.8660254037844380415 ) ) ;
#3702 = ORIENTED_EDGE ( 'NONE', *, *, #5276, .T. ) ;
#3703 = ORIENTED_EDGE ( 'NONE', *, *, #42, .T. ) ;
#3704 = DIRECTION ( 'NONE',  ( 0.000000000000000000, 1.000000000000000000, -0.000000000000000000 ) ) ;
#3705 = FILL_AREA_STYLE_COLOUR ( '', #3791 ) ;
#3706 = CARTESIAN_POINT ( 'NONE',  ( -3.017691453623852826, 0.2500000000000000000, -1.973205080756663898 ) ) ;
#3707 = CARTESIAN_POINT ( 'NONE',  ( 3.600000000000254996, 0.2500000000000000000, 0.1999999999997445210 ) ) ;
#3708 = CARTESIAN_POINT ( 'NONE',  ( 0.4340147425487537736, -0.5000000000000000000, 0.5999999999999999778 ) ) ;
#3709 = ORIENTED_EDGE ( 'NONE', *, *, #3894, .T. ) ;
#3710 = CARTESIAN_POINT ( 'NONE',  ( 1.732050807568872974, 0.000000000000000000, 1.000000000000007994 ) ) ;
#3711 = DIRECTION ( 'NONE',  ( 0.000000000000000000, 1.000000000000000000, -0.000000000000000000 ) ) ;
#3712 = CARTESIAN_POINT ( 'NONE',  ( 0.3295073712743759597, -0.3499999999999999778, -0.4000000000000000777 ) ) ;
#3713 = APPLICATION_CONTEXT ( 'automotive_design' ) ;
#3714 = LINE ( 'NONE', #449, #3357 ) ;
#3715 = ORIENTED_EDGE ( 'NONE', *, *, #4356, .F. ) ;
#3716 = EDGE_CURVE ( 'NONE', #2592, #2999, #6280, .T. ) ;
#3717 = DIRECTION ( 'NONE',  ( 0.000000000000000000, 1.000000000000000000, -0.000000000000000000 ) ) ;
#3718 = ORIENTED_EDGE ( 'NONE', *, *, #829, .T. ) ;
#3719 = CONTEXT_DEPENDENT_SHAPE_REPRESENTATION ( #3088, #4056 ) ;
#3720 = PLANE ( 'NONE',  #4206 ) ;
#3721 = LENGTH_MEASURE_WITH_UNIT ( LENGTH_MEASURE( 0.02539999999999999897 ), #440 );
#3722 = CARTESIAN_POINT ( 'NONE',  ( 0.6120012254101984128, 0.000000000000000000, 3.608289751529527578 ) ) ;
#3723 = PRODUCT_RELATED_PRODUCT_CATEGORY ( 'part', '', ( #5540 ) ) ;
#3724 = CARTESIAN_POINT ( 'NONE',  ( 0.5435971967450640152, 0.000000000000000000, 3.420351227372345981 ) ) ;
#3725 = VERTEX_POINT ( 'NONE', #4737 ) ;
#3726 = ORIENTED_EDGE ( 'NONE', *, *, #6150, .T. ) ;
#3727 = LINE ( 'NONE', #5778, #6575 ) ;
#3728 = CYLINDRICAL_SURFACE ( 'NONE', #5660, 0.2000000000000000389 ) ;
#3729 = EDGE_CURVE ( 'NONE', #4801, #6146, #1451, .T. ) ;
#3730 = CARTESIAN_POINT ( 'NONE',  ( -0.2503407046077100739, 0.3499999999999999778, 0.3450000000000000844 ) ) ;
#3731 = CARTESIAN_POINT ( 'NONE',  ( -2.122263259600148722, 0.000000000000000000, 0.7241322073357965294 ) ) ;
#3732 = ORIENTED_EDGE ( 'NONE', *, *, #82, .F. ) ;
#3733 = DIRECTION ( 'NONE',  ( 0.000000000000000000, 0.000000000000000000, 1.000000000000000000 ) ) ;
#3734 = ORIENTED_EDGE ( 'NONE', *, *, #933, .T. ) ;
#3735 = EDGE_LOOP ( 'NONE', ( #4682, #1382, #3459, #5914 ) ) ;
#3736 = DIRECTION ( 'NONE',  ( -0.000000000000000000, 1.000000000000000000, -0.000000000000000000 ) ) ;
#3737 = MANIFOLD_SOLID_BREP ( 'Cut-Extrude1', #3303 ) ;
#3738 = ADVANCED_FACE ( 'NONE', ( #2477, #3663 ), #1949, .T. ) ;
#3739 = DIRECTION ( 'NONE',  ( 0.000000000000000000, 0.000000000000000000, -1.000000000000000000 ) ) ;
#3740 = LINE ( 'NONE', #2588, #3923 ) ;
#3741 = FACE_OUTER_BOUND ( 'NONE', #4343, .T. ) ;
#3742 = EDGE_LOOP ( 'NONE', ( #6881, #2839, #1982, #6210 ) ) ;
#3743 = ORIENTED_EDGE ( 'NONE', *, *, #2931, .F. ) ;
#3744 = CARTESIAN_POINT ( 'NONE',  ( -1.231272515972432924, 1.000000000000000000, 3.382893434829260748 ) ) ;
#3745 = CYLINDRICAL_SURFACE ( 'NONE', #314, 0.2000000000000000389 ) ;
#3746 = CARTESIAN_POINT ( 'NONE',  ( -1.732050807568886519, 1.000000000000000000, 0.9999999999999836797 ) ) ;
#3747 = CIRCLE ( 'NONE', #1502, 0.2000000000000000389 ) ;
#3748 = DIRECTION ( 'NONE',  ( -0.1842885350501853314, 0.000000000000000000, -0.9828721869343218787 ) ) ;
#3749 = EDGE_LOOP ( 'NONE', ( #413, #1887, #1291, #1422, #580, #131, #6331, #6565 ) ) ;
#3750 = EDGE_CURVE ( 'NONE', #6603, #2038, #1102, .T. ) ;
#3751 = CARTESIAN_POINT ( 'NONE',  ( 1.632050807569260575, 0.2500000000000000000, 1.173205080756666296 ) ) ;
#3752 = ORIENTED_EDGE ( 'NONE', *, *, #3582, .F. ) ;
#3753 = ITEM_DEFINED_TRANSFORMATION ( 'NONE', 'NONE', #3148,  #5255 ) ;
#3754 = CARTESIAN_POINT ( 'NONE',  ( -2.484772072303366830, 0.000000000000000000, 2.422533111522297666 ) ) ;
#3755 = VECTOR ( 'NONE', #4511, 39.37007874015747433 ) ;
#3756 = CARTESIAN_POINT ( 'NONE',  ( 2.788184082349592696, 0.000000000000000000, 2.370723508515693911 ) ) ;
#3757 = EDGE_CURVE ( 'NONE', #534, #322, #1065, .T. ) ;
#3758 = DIRECTION ( 'NONE',  ( 0.000000000000000000, 0.000000000000000000, 1.000000000000000000 ) ) ;
#3759 = ORIENTED_EDGE ( 'NONE', *, *, #5374, .F. ) ;
#3760 = AXIS2_PLACEMENT_3D ( 'NONE', #4189, #2657, #2622 ) ;
#3761 = ORIENTED_EDGE ( 'NONE', *, *, #3500, .T. ) ;
#3762 = LINE ( 'NONE', #3200, #1097 ) ;
#3763 = DIRECTION ( 'NONE',  ( -0.000000000000000000, 1.000000000000000000, -0.000000000000000000 ) ) ;
#3764 = DIRECTION ( 'NONE',  ( -0.000000000000000000, 1.000000000000000000, -0.000000000000000000 ) ) ;
#3765 = CARTESIAN_POINT ( 'NONE',  ( 0.6590147425487534738, -0.5000000000000000000, -0.7999999999999999334 ) ) ;
#3766 = VECTOR ( 'NONE', #2670, 39.37007874015748854 ) ;
#3767 = EDGE_LOOP ( 'NONE', ( #4634, #1250, #653, #2984 ) ) ;
#3768 = VERTEX_POINT ( 'NONE', #1634 ) ;
#3769 = ORIENTED_EDGE ( 'NONE', *, *, #6883, .T. ) ;
#3770 = CYLINDRICAL_SURFACE ( 'NONE', #329, 0.2000000000000000389 ) ;
#3771 = EDGE_CURVE ( 'NONE', #666, #905, #6022, .T. ) ;
#3772 = DIRECTION ( 'NONE',  ( 0.000000000000000000, 0.000000000000000000, -1.000000000000000000 ) ) ;
#3773 = CARTESIAN_POINT ( 'NONE',  ( -0.6120012254102470406, 0.000000000000000000, 3.608289751529518252 ) ) ;
#3774 = CARTESIAN_POINT ( 'NONE',  ( 0.2000000000000001221, 0.2500000000000000000, 0.8000000000000000444 ) ) ;
#3775 = PRESENTATION_STYLE_ASSIGNMENT (( #1638 ) ) ;
#3776 = EDGE_LOOP ( 'NONE', ( #5864, #3378, #1974, #3448 ) ) ;
#3777 = CIRCLE ( 'NONE', #634, 0.1999999999999995115 ) ;
#3778 = EDGE_LOOP ( 'NONE', ( #5880, #787, #6713, #9 ) ) ;
#3779 = EDGE_CURVE ( 'NONE', #2807, #3236, #4847, .T. ) ;
#3780 = VECTOR ( 'NONE', #3611, 39.37007874015748143 ) ;
#3781 = CARTESIAN_POINT ( 'NONE',  ( 0.2000000000000000111, 0.2500000000000000000, -3.599999999999999645 ) ) ;
#3782 = ORIENTED_EDGE ( 'NONE', *, *, #2381, .T. ) ;
#3783 = PLANE ( 'NONE',  #5423 ) ;
#3784 = ORIENTED_EDGE ( 'NONE', *, *, #4289, .T. ) ;
#3785 = DIRECTION ( 'NONE',  ( -0.8660254037844385966, 0.000000000000000000, 0.5000000000000001110 ) ) ;
#3786 = PLANE ( 'NONE',  #979 ) ;
#3787 = CARTESIAN_POINT ( 'NONE',  ( -0.4277945899678088915, 0.3499999999999999778, -0.2815711464949807175 ) ) ;
#3788 = LINE ( 'NONE', #1019, #6686 ) ;
#3789 = VERTEX_POINT ( 'NONE', #55 ) ;
#3790 = AXIS2_PLACEMENT_3D ( 'NONE', #4696, #5287, #6830 ) ;
#3791 = COLOUR_RGB ( '',0.7921568627450980005, 0.8196078431372548767, 0.9333333333333333481 ) ;
#3792 = ORIENTED_EDGE ( 'NONE', *, *, #5671, .T. ) ;
#3793 = DIRECTION ( 'NONE',  ( 0.000000000000000000, 0.000000000000000000, 1.000000000000000000 ) ) ;
#3794 = VECTOR ( 'NONE', #1796, 39.37007874015748143 ) ;
#3795 = CARTESIAN_POINT ( 'NONE',  ( -0.3152945899678089581, -0.3500000000000000333, 0.3184288535050185942 ) ) ;
#3796 = AXIS2_PLACEMENT_3D ( 'NONE', #1693, #73, #2782 ) ;
#3797 = DIRECTION ( 'NONE',  ( 1.000000000000000000, 0.000000000000000000, -0.000000000000000000 ) ) ;
#3798 = CARTESIAN_POINT ( 'NONE',  ( 3.273993744141463935, 0.000000000000000000, 1.129276491484332512 ) ) ;
#3799 = ADVANCED_FACE ( 'NONE', ( #4773 ), #5335, .F. ) ;
#3800 = STYLED_ITEM ( 'NONE', ( #5485 ), #6029 ) ;
#3801 = UNCERTAINTY_MEASURE_WITH_UNIT (LENGTH_MEASURE( 1.000000000000000082E-05 ), #1987, 'distance_accuracy_value', 'NONE');
#3802 = VECTOR ( 'NONE', #5232, 39.37007874015748143 ) ;
#3803 = EDGE_LOOP ( 'NONE', ( #1786, #1669, #3895, #5657 ) ) ;
#3804 = ADVANCED_FACE ( 'NONE', ( #1173 ), #3210, .T. ) ;
#3805 = DIRECTION ( 'NONE',  ( 1.000000000000000000, 0.000000000000000000, 0.000000000000000000 ) ) ;
#3806 = ORIENTED_EDGE ( 'NONE', *, *, #5098, .F. ) ;
#3807 = ORIENTED_EDGE ( 'NONE', *, *, #1589, .T. ) ;
#3808 = LINE ( 'NONE', #5931, #1543 ) ;
#3809 = CARTESIAN_POINT ( 'NONE',  ( -3.233909651142261588, 1.000000000000000000, -1.239406631878953391 ) ) ;
#3810 = VECTOR ( 'NONE', #3617, 39.37007874015748143 ) ;
#3811 = DIRECTION ( 'NONE',  ( -0.6427876096865511313, 2.216514893527523383E-17, 0.7660444431189683545 ) ) ;
#3812 = PRODUCT_RELATED_PRODUCT_CATEGORY ( 'part', '', ( #6610 ) ) ;
#3813 = CARTESIAN_POINT ( 'NONE',  ( -2.239779962957428427, 1.000000000000000000, 0.2453833961542115083 ) ) ;
#3814 = DIRECTION ( 'NONE',  ( -0.000000000000000000, 1.000000000000000000, -0.000000000000000000 ) ) ;
#3815 = DIRECTION ( 'NONE',  ( -0.000000000000000000, 1.000000000000000000, -0.000000000000000000 ) ) ;
#3816 =( GEOMETRIC_REPRESENTATION_CONTEXT ( 3 ) GLOBAL_UNCERTAINTY_ASSIGNED_CONTEXT ( ( #1551 ) ) GLOBAL_UNIT_ASSIGNED_CONTEXT ( ( #5756, #1484, #6386 ) ) REPRESENTATION_CONTEXT ( 'NONE', 'WORKASPACE' ) );
#3817 = VERTEX_POINT ( 'NONE', #4295 ) ;
#3818 = ORIENTED_EDGE ( 'NONE', *, *, #2655, .T. ) ;
#3819 = PLANE ( 'NONE',  #6695 ) ;
#3820 = EDGE_CURVE ( 'NONE', #6664, #5169, #1208, .T. ) ;
#3821 = EDGE_CURVE ( 'NONE', #5464, #604, #2268, .T. ) ;
#3822 = SURFACE_SIDE_STYLE ('',( #4942 ) ) ;
#3823 = VERTEX_POINT ( 'NONE', #501 ) ;
#3824 = DIRECTION ( 'NONE',  ( -0.000000000000000000, 1.000000000000000000, -0.000000000000000000 ) ) ;
#3825 = VERTEX_POINT ( 'NONE', #4260 ) ;
#3826 = CONTEXT_DEPENDENT_SHAPE_REPRESENTATION ( #4822, #241 ) ;
#3827 = DIRECTION ( 'NONE',  ( 1.280553747030123075E-16, 0.000000000000000000, 1.000000000000000000 ) ) ;
#3828 = DIRECTION ( 'NONE',  ( 0.000000000000000000, 0.000000000000000000, -1.000000000000000000 ) ) ;
#3829 = FACE_OUTER_BOUND ( 'NONE', #6380, .T. ) ;
#3830 = EDGE_CURVE ( 'NONE', #5576, #1480, #4814, .T. ) ;
#3831 = LINE ( 'NONE', #118, #431 ) ;
#3832 = EDGE_LOOP ( 'NONE', ( #6779, #4435, #6663, #717 ) ) ;
#3833 = VERTEX_POINT ( 'NONE', #2727 ) ;
#3834 = CARTESIAN_POINT ( 'NONE',  ( 1.285575219373081168, 1.000000000000000000, -1.532088886237954473 ) ) ;
#3835 = DIRECTION ( 'NONE',  ( 1.000000000000000000, 0.000000000000000000, 0.000000000000000000 ) ) ;
#3836 = CIRCLE ( 'NONE', #3124, 0.1000000000000000611 ) ;
#3837 = DIRECTION ( 'NONE',  ( 0.6510346464468336203, 0.000000000000000000, 0.7590480150332035159 ) ) ;
#3838 = PLANE ( 'NONE',  #384 ) ;
#3839 = VERTEX_POINT ( 'NONE', #3250 ) ;
#3840 = SHAPE_DEFINITION_REPRESENTATION ( #355, #6553 ) ;
#3841 = VERTEX_POINT ( 'NONE', #3284 ) ;
#3842 = ORIENTED_EDGE ( 'NONE', *, *, #1095, .F. ) ;
#3843 = DIRECTION ( 'NONE',  ( 1.280553747030123569E-16, 0.000000000000000000, 1.000000000000000000 ) ) ;
#3844 = EDGE_CURVE ( 'NONE', #1050, #6311, #5894, .T. ) ;
#3845 = CARTESIAN_POINT ( 'NONE',  ( 1.000000000000033973, 0.2500000000000000000, -1.732050807569005091 ) ) ;
#3846 = DIRECTION ( 'NONE',  ( 0.000000000000000000, 0.000000000000000000, 1.000000000000000000 ) ) ;
#3847 = DIRECTION ( 'NONE',  ( -0.000000000000000000, -0.000000000000000000, 1.000000000000000000 ) ) ;
#3848 = FACE_OUTER_BOUND ( 'NONE', #2501, .T. ) ;
#3849 = PLANE ( 'NONE',  #3422 ) ;
#3850 = EDGE_LOOP ( 'NONE', ( #5642, #1679, #366, #4453 ) ) ;
#3851 = ORIENTED_EDGE ( 'NONE', *, *, #3382, .F. ) ;
#3852 = EDGE_CURVE ( 'NONE', #4355, #2999, #2118, .T. ) ;
#3853 = ADVANCED_FACE ( 'NONE', ( #1740 ), #607, .F. ) ;
#3854 = PLANE ( 'NONE',  #4031 ) ;
#3855 = DIRECTION ( 'NONE',  ( -0.5000000000000001110, 0.000000000000000000, 0.8660254037844385966 ) ) ;
#3856 = EDGE_LOOP ( 'NONE', ( #2044, #4882, #778, #860 ) ) ;
#3857 = DIRECTION ( 'NONE',  ( -0.000000000000000000, 1.000000000000000000, -0.000000000000000000 ) ) ;
#3858 = ORIENTED_EDGE ( 'NONE', *, *, #3348, .F. ) ;
#3859 = CARTESIAN_POINT ( 'NONE',  ( -0.2000000000000001221, 0.000000000000000000, -0.8000000000000000444 ) ) ;
#3860 = EDGE_CURVE ( 'NONE', #3680, #4574, #2450, .T. ) ;
#3861 = CARTESIAN_POINT ( 'NONE',  ( -1.618049801134249899, 0.000000000000000000, -1.253109587306345141 ) ) ;
#3862 = AXIS2_PLACEMENT_3D ( 'NONE', #4701, #4288, #3173 ) ;
#3863 = EDGE_CURVE ( 'NONE', #6311, #3385, #5932, .T. ) ;
#3864 = CARTESIAN_POINT ( 'NONE',  ( 3.163477102692409115, 0.000000000000000000, -1.426594388206232411 ) ) ;
#3865 = CARTESIAN_POINT ( 'NONE',  ( -0.2503407046077101294, 0.3499999999999999778, 0.4449999999999999512 ) ) ;
#3866 = EDGE_LOOP ( 'NONE', ( #1553, #6688, #1016, #6821 ) ) ;
#3867 = VECTOR ( 'NONE', #6186, 39.37007874015748854 ) ;
#3868 = ORIENTED_EDGE ( 'NONE', *, *, #2844, .T. ) ;
#3869 = EDGE_CURVE ( 'NONE', #2351, #6344, #2233, .T. ) ;
#3870 = DIRECTION ( 'NONE',  ( -0.9359387816366123714, 0.000000000000000000, 0.3521627422493376347 ) ) ;
#3871 = EDGE_CURVE ( 'NONE', #1481, #3266, #6493, .T. ) ;
#3872 = LINE ( 'NONE', #3795, #6777 ) ;
#3873 = EDGE_CURVE ( 'NONE', #4450, #1545, #3456, .T. ) ;
#3874 = CIRCLE ( 'NONE', #59, 0.1999999999999999278 ) ;
#3875 = ORIENTED_EDGE ( 'NONE', *, *, #2689, .T. ) ;
#3876 = ORIENTED_EDGE ( 'NONE', *, *, #295, .F. ) ;
#3877 = AXIS2_PLACEMENT_3D ( 'NONE', #5141, #1455, #1006 ) ;
#3878 = FACE_BOUND ( 'NONE', #779, .T. ) ;
#3879 = DIRECTION ( 'NONE',  ( 0.000000000000000000, 0.000000000000000000, 1.000000000000000000 ) ) ;
#3880 = DIRECTION ( 'NONE',  ( -0.3420201433256502277, 2.216514893527523383E-17, -0.9396926207859153113 ) ) ;
#3881 = CARTESIAN_POINT ( 'NONE',  ( 3.217691453624362374, 0.2500000000000000000, 1.626794919242890547 ) ) ;
#3882 = DIRECTION ( 'NONE',  ( -0.000000000000000000, -1.000000000000000000, -0.000000000000000000 ) ) ;
#3883 = VERTEX_POINT ( 'NONE', #4992 ) ;
#3884 = ADVANCED_FACE ( 'NONE', ( #6558, #2961, #4016, #2298, #812, #6036, #744, #5058, #3355, #4052, #2936 ), #6133, .T. ) ;
#3885 = ORIENTED_EDGE ( 'NONE', *, *, #4861, .T. ) ;
#3886 = ORIENTED_EDGE ( 'NONE', *, *, #1359, .F. ) ;
#3887 = CIRCLE ( 'NONE', #1760, 0.2000000000000000389 ) ;
#3888 = CARTESIAN_POINT ( 'NONE',  ( -2.044981375148589908, 0.000000000000000000, 0.08012472804972692320 ) ) ;
#3889 = PLANE ( 'NONE',  #5470 ) ;
#3890 = CARTESIAN_POINT ( 'NONE',  ( 3.462783069340739317, 0.000000000000000000, 0.2585990237438039463 ) ) ;
#3891 = ORIENTED_EDGE ( 'NONE', *, *, #5041, .T. ) ;
#3892 = AXIS2_PLACEMENT_3D ( 'NONE', #6269, #3239, #3169 ) ;
#3893 = LINE ( 'NONE', #5102, #2081 ) ;
#3894 = EDGE_CURVE ( 'NONE', #5722, #2455, #4234, .T. ) ;
#3895 = ORIENTED_EDGE ( 'NONE', *, *, #42, .F. ) ;
#3896 = DIRECTION ( 'NONE',  ( 0.5000000000000006661, 0.000000000000000000, 0.8660254037844382635 ) ) ;
#3897 = VECTOR ( 'NONE', #2498, 39.37007874015748143 ) ;
#3898 = DIRECTION ( 'NONE',  ( 0.000000000000000000, 0.000000000000000000, 1.000000000000000000 ) ) ;
#3899 = CARTESIAN_POINT ( 'NONE',  ( 1.091880737536685908, 1.000000000000000000, 1.730943457119846318 ) ) ;
#3900 = ORIENTED_EDGE ( 'NONE', *, *, #74, .F. ) ;
#3901 = EDGE_CURVE ( 'NONE', #3725, #3691, #990, .T. ) ;
#3902 =( REPRESENTATION_RELATIONSHIP ('NONE','NONE', #880, #6553 ) REPRESENTATION_RELATIONSHIP_WITH_TRANSFORMATION ( #6715 )SHAPE_REPRESENTATION_RELATIONSHIP( ) );
#3903 = VECTOR ( 'NONE', #1958, 39.37007874015748143 ) ;
#3904 = ORIENTED_EDGE ( 'NONE', *, *, #5619, .T. ) ;
#3905 = CARTESIAN_POINT ( 'NONE',  ( -0.1999999999994889477, 0.2500000000000000000, 3.599999999999999645 ) ) ;
#3906 = DIRECTION ( 'NONE',  ( 0.000000000000000000, 0.000000000000000000, 1.000000000000000000 ) ) ;
#3907 = AXIS2_PLACEMENT_3D ( 'NONE', #4219, #367, #3149 ) ;
#3908 = EDGE_CURVE ( 'NONE', #2174, #1349, #3605, .T. ) ;
#3909 = EDGE_LOOP ( 'NONE', ( #5557, #5845, #1639, #3574 ) ) ;
#3910 = CIRCLE ( 'NONE', #3790, 0.1000000000000000611 ) ;
#3911 = ORIENTED_EDGE ( 'NONE', *, *, #5118, .F. ) ;
#3912 = AXIS2_PLACEMENT_3D ( 'NONE', #6656, #4559, #194 ) ;
#3913 = DIRECTION ( 'NONE',  ( -0.000000000000000000, 1.000000000000000000, -0.000000000000000000 ) ) ;
#3914 = DIRECTION ( 'NONE',  ( 0.000000000000000000, 1.000000000000000000, 0.000000000000000000 ) ) ;
#3915 = PRESENTATION_LAYER_ASSIGNMENT (  '', '', ( #2678 ) ) ;
#3916 = DIRECTION ( 'NONE',  ( 0.1736481776669543398, -3.239521767463301509E-17, -0.9848077530122038015 ) ) ;
#3917 = AXIS2_PLACEMENT_3D ( 'NONE', #3304, #3270, #2214 ) ;
#3918 = CARTESIAN_POINT ( 'NONE',  ( 0.3295073712743768479, -0.3499999999999999778, -0.3000000000000000999 ) ) ;
#3919 = DIRECTION ( 'NONE',  ( -0.000000000000000000, 1.000000000000000000, -0.000000000000000000 ) ) ;
#3920 = VERTEX_POINT ( 'NONE', #4524 ) ;
#3921 = EDGE_LOOP ( 'NONE', ( #2229, #6556, #1518, #6652 ) ) ;
#3922 = ORIENTED_EDGE ( 'NONE', *, *, #1025, .F. ) ;
#3923 = VECTOR ( 'NONE', #5828, 39.37007874015748854 ) ;
#3924 = CARTESIAN_POINT ( 'NONE',  ( -0.4340147425487534405, -0.5000000000000000000, 0.8000000000000000444 ) ) ;
#3925 = DIRECTION ( 'NONE',  ( 0.000000000000000000, 0.000000000000000000, 1.000000000000000000 ) ) ;
#3926 = ORIENTED_EDGE ( 'NONE', *, *, #5219, .T. ) ;
#3927 = VECTOR ( 'NONE', #4919, 39.37007874015748143 ) ;
#3928 = CARTESIAN_POINT ( 'NONE',  ( -2.241942925751031268, 0.000000000000000000, 0.04539509251633994796 ) ) ;
#3929 = VERTEX_POINT ( 'NONE', #256 ) ;
#3930 = CARTESIAN_POINT ( 'NONE',  ( -2.020778639052807080, 1.000000000000000000, -0.9966348305782005701 ) ) ;
#3931 =( GEOMETRIC_REPRESENTATION_CONTEXT ( 3 ) GLOBAL_UNCERTAINTY_ASSIGNED_CONTEXT ( ( #6241 ) ) GLOBAL_UNIT_ASSIGNED_CONTEXT ( ( #646, #4892, #5477 ) ) REPRESENTATION_CONTEXT ( 'NONE', 'WORKASPACE' ) );
#3932 = DIRECTION ( 'NONE',  ( 0.4999999999999916733, 0.000000000000000000, 0.8660254037844434816 ) ) ;
#3933 = CYLINDRICAL_SURFACE ( 'NONE', #881, 4.000000000000000000 ) ;
#3934 = ADVANCED_FACE ( 'NONE', ( #162 ), #2394, .F. ) ;
#3935 = CARTESIAN_POINT ( 'NONE',  ( -2.788184082349624671, 0.000000000000000000, 2.370723508515655276 ) ) ;
#3936 = VERTEX_POINT ( 'NONE', #4461 ) ;
#3937 = ORIENTED_EDGE ( 'NONE', *, *, #1937, .F. ) ;
#3938 = LINE ( 'NONE', #280, #1643 ) ;
#3939 = CARTESIAN_POINT ( 'NONE',  ( -0.6305891799356175831, -0.3500000000000000333, 0.6368577070100371884 ) ) ;
#3940 = EDGE_CURVE ( 'NONE', #3725, #2174, #1839, .T. ) ;
#3941 = PRODUCT_DEFINITION_SHAPE ( 'NONE', 'NONE',  #6906 ) ;
#3942 = VERTEX_POINT ( 'NONE', #3390 ) ;
#3943 = ORIENTED_EDGE ( 'NONE', *, *, #6709, .F. ) ;
#3944 = CARTESIAN_POINT ( 'NONE',  ( -1.626794919242634752, 0.5000000000000000000, 3.217691453624107467 ) ) ;
#3945 = EDGE_CURVE ( 'NONE', #3408, #103, #4912, .T. ) ;
#3946 = EDGE_CURVE ( 'NONE', #51, #3493, #3980, .T. ) ;
#3947 = AXIS2_PLACEMENT_3D ( 'NONE', #4809, #3657, #5785 ) ;
#3948 = FACE_OUTER_BOUND ( 'NONE', #2259, .T. ) ;
#3949 = ADVANCED_FACE ( 'NONE', ( #6066 ), #1301, .F. ) ;
#3950 = CARTESIAN_POINT ( 'NONE',  ( 1.506366858664325292, 1.000000000000000000, -3.126278588807858139 ) ) ;
#3951 = DIRECTION ( 'NONE',  ( -0.4906048554611636692, 0.000000000000000000, 0.8713821640347767516 ) ) ;
#3952 = CARTESIAN_POINT ( 'NONE',  ( 3.117691453624106934, 0.2500000000000000000, -1.800000000000221201 ) ) ;
#3953 = ORIENTED_EDGE ( 'NONE', *, *, #2359, .F. ) ;
#3954 = ORIENTED_EDGE ( 'NONE', *, *, #4237, .F. ) ;
#3955 = ORIENTED_EDGE ( 'NONE', *, *, #1495, .T. ) ;
#3956 = ADVANCED_FACE ( 'NONE', ( #2428 ), #3452, .F. ) ;
#3957 = EDGE_CURVE ( 'NONE', #1147, #742, #1774, .T. ) ;
#3958 = DIRECTION ( 'NONE',  ( 0.000000000000000000, 0.000000000000000000, 1.000000000000000000 ) ) ;
#3959 = CARTESIAN_POINT ( 'NONE',  ( 0.3152945899678092356, -0.3500000000000000333, 0.3184288535050185942 ) ) ;
#3960 = DIRECTION ( 'NONE',  ( 1.000000000000000000, 0.000000000000000000, -1.573591704294117338E-16 ) ) ;
#3961 = ORIENTED_EDGE ( 'NONE', *, *, #4563, .T. ) ;
#3962 = DIRECTION ( 'NONE',  ( -0.5000000000000001110, 0.000000000000000000, -0.8660254037844385966 ) ) ;
#3963 = EDGE_LOOP ( 'NONE', ( #749, #751, #1134, #5388 ) ) ;
#3964 = DIRECTION ( 'NONE',  ( 0.9396926207859105373, 0.000000000000000000, -0.3420201433256630508 ) ) ;
#3965 = DIRECTION ( 'NONE',  ( 0.9828721869343218787, 0.000000000000000000, -0.1842885350501854147 ) ) ;
#3966 = CARTESIAN_POINT ( 'NONE',  ( -0.2000000000000001221, 0.000000000000000000, -0.8000000000000000444 ) ) ;
#3967 = CARTESIAN_POINT ( 'NONE',  ( 0.000000000000000000, 0.2500000000000000000, -3.599999999999999645 ) ) ;
#3968 = ORIENTED_EDGE ( 'NONE', *, *, #674, .F. ) ;
#3969 = LINE ( 'NONE', #2384, #5086 ) ;
#3970 = VERTEX_POINT ( 'NONE', #1910 ) ;
#3971 = ADVANCED_FACE ( 'NONE', ( #3948 ), #5504, .T. ) ;
#3972 = PLANE ( 'NONE',  #962 ) ;
#3973 = VECTOR ( 'NONE', #2060, 39.37007874015748143 ) ;
#3974 = FACE_BOUND ( 'NONE', #753, .T. ) ;
#3975 = VECTOR ( 'NONE', #197, 39.37007874015748143 ) ;
#3976 = ORIENTED_EDGE ( 'NONE', *, *, #1696, .T. ) ;
#3977 = ORIENTED_EDGE ( 'NONE', *, *, #4973, .T. ) ;
#3978 = CARTESIAN_POINT ( 'NONE',  ( -3.163477102692390464, 0.000000000000000000, -1.426594388206274822 ) ) ;
#3979 = CARTESIAN_POINT ( 'NONE',  ( 0.000000000000000000, 0.000000000000000000, 0.000000000000000000 ) ) ;
#3980 = LINE ( 'NONE', #3488, #6126 ) ;
#3981 = FACE_OUTER_BOUND ( 'NONE', #5979, .T. ) ;
#3982 = DIRECTION ( 'NONE',  ( 0.000000000000000000, 0.000000000000000000, -1.000000000000000000 ) ) ;
#3983 = VECTOR ( 'NONE', #2482, 39.37007874015748854 ) ;
#3984 = EDGE_CURVE ( 'NONE', #5353, #233, #3029, .T. ) ;
#3985 = ORIENTED_EDGE ( 'NONE', *, *, #4072, .T. ) ;
#3986 = ORIENTED_EDGE ( 'NONE', *, *, #2082, .F. ) ;
#3987 = VERTEX_POINT ( 'NONE', #2179 ) ;
#3988 = CARTESIAN_POINT ( 'NONE',  ( 0.4340147425487537736, 0.5000000000000000000, 0.5999999999999999778 ) ) ;
#3989 =( NAMED_UNIT ( * ) PLANE_ANGLE_UNIT ( ) SI_UNIT ( $, .RADIAN. ) );
#3990 = DIRECTION ( 'NONE',  ( -1.573591704294117338E-16, 0.000000000000000000, -1.000000000000000000 ) ) ;
#3991 = VERTEX_POINT ( 'NONE', #5186 ) ;
#3992 = EDGE_CURVE ( 'NONE', #1532, #2699, #2902, .T. ) ;
#3993 = CARTESIAN_POINT ( 'NONE',  ( -0.3446038644311285593, 0.000000000000000000, 2.215765550180974319 ) ) ;
#3994 = ADVANCED_FACE ( 'NONE', ( #361 ), #5637, .T. ) ;
#3995 = AXIS2_PLACEMENT_3D ( 'NONE', #6648, #1259, #2956 ) ;
#3996 = ORIENTED_EDGE ( 'NONE', *, *, #6744, .T. ) ;
#3997 = EDGE_CURVE ( 'NONE', #4122, #4896, #6200, .T. ) ;
#3998 = DIRECTION ( 'NONE',  ( 0.000000000000000000, 0.000000000000000000, -1.000000000000000000 ) ) ;
#3999 = PRODUCT_DEFINITION_SHAPE ( 'NONE', 'NONE',  #6924 ) ;
#4000 = DIRECTION ( 'NONE',  ( -0.4906048554611636692, 0.000000000000000000, 0.8713821640347767516 ) ) ;
#4001 = CARTESIAN_POINT ( 'NONE',  ( -1.850543806534618696, 0.000000000000000000, 3.157497118129003688 ) ) ;
#4002 = AXIS2_PLACEMENT_3D ( 'NONE', #1337, #391, #2537 ) ;
#4003 = CARTESIAN_POINT ( 'NONE',  ( 1.732050807569004647, 0.5000000000000000000, -1.000000000000221378 ) ) ;
#4004 = ORIENTED_EDGE ( 'NONE', *, *, #4834, .F. ) ;
#4005 = CARTESIAN_POINT ( 'NONE',  ( -1.999999999999744649, 0.2500000000000000000, 2.556729201937213570E-13 ) ) ;
#4006 = APPLICATION_PROTOCOL_DEFINITION ( 'draft international standard', 'automotive_design', 1998, #5844 ) ;
#4007 = ORIENTED_EDGE ( 'NONE', *, *, #5809, .F. ) ;
#4008 = VECTOR ( 'NONE', #3128, 39.37007874015748143 ) ;
#4009 = CARTESIAN_POINT ( 'NONE',  ( -0.2000000000000001221, 0.2500000000000000000, -0.8000000000000000444 ) ) ;
#4010 = DIRECTION ( 'NONE',  ( 0.000000000000000000, 0.000000000000000000, 1.000000000000000000 ) ) ;
#4011 = VECTOR ( 'NONE', #5985, 39.37007874015748143 ) ;
#4012 = EDGE_LOOP ( 'NONE', ( #1956, #1737, #77, #5565 ) ) ;
#4013 = LINE ( 'NONE', #6691, #5807 ) ;
#4014 = VECTOR ( 'NONE', #1135, 39.37007874015748854 ) ;
#4015 = CARTESIAN_POINT ( 'NONE',  ( 4.898587196589412829E-16, 0.000000000000000000, 4.000000000000000000 ) ) ;
#4016 = FACE_BOUND ( 'NONE', #4536, .T. ) ;
#4017 = CARTESIAN_POINT ( 'NONE',  ( 0.3486279233011423395, 0.3499999999999999778, 0.3634288535050185232 ) ) ;
#4018 = FACE_OUTER_BOUND ( 'NONE', #2151, .T. ) ;
#4019 = AXIS2_PLACEMENT_3D ( 'NONE', #4693, #6826, #2042 ) ;
#4020 = AXIS2_PLACEMENT_3D ( 'NONE', #94, #2195, #5407 ) ;
#4021 = ORIENTED_EDGE ( 'NONE', *, *, #2629, .F. ) ;
#4022 = ORIENTED_EDGE ( 'NONE', *, *, #6588, .T. ) ;
#4023 = ORIENTED_EDGE ( 'NONE', *, *, #1163, .F. ) ;
#4024 = DIRECTION ( 'NONE',  ( -0.01081481396803214874, 0.000000000000000000, 0.9999415181893573923 ) ) ;
#4025 = AXIS2_PLACEMENT_3D ( 'NONE', #1042, #973, #5836 ) ;
#4026 = VECTOR ( 'NONE', #448, 39.37007874015748143 ) ;
#4027 = DIRECTION ( 'NONE',  ( 0.000000000000000000, 0.000000000000000000, 1.000000000000000000 ) ) ;
#4028 = EDGE_LOOP ( 'NONE', ( #4184, #3006, #3564, #2303 ) ) ;
#4029 = PLANE ( 'NONE',  #3524 ) ;
#4030 = AXIS2_PLACEMENT_3D ( 'NONE', #6504, #1217, #1721 ) ;
#4031 = AXIS2_PLACEMENT_3D ( 'NONE', #3331, #1751, #5416 ) ;
#4032 = ORIENTED_EDGE ( 'NONE', *, *, #5210, .F. ) ;
#4033 = DIRECTION ( 'NONE',  ( 0.8660254037844385966, 0.000000000000000000, 0.5000000000000002220 ) ) ;
#4034 = EDGE_CURVE ( 'NONE', #5681, #506, #845, .T. ) ;
#4035 = DIRECTION ( 'NONE',  ( 0.1842885350501853869, 0.000000000000000000, -0.9828721869343218787 ) ) ;
#4036 = EDGE_CURVE ( 'NONE', #1261, #2249, #2680, .T. ) ;
#4037 = CARTESIAN_POINT ( 'NONE',  ( 0.2000000000000000111, 0.5000000000000000000, -2.000000000000000000 ) ) ;
#4038 = VECTOR ( 'NONE', #429, 39.37007874015748143 ) ;
#4039 = EDGE_CURVE ( 'NONE', #2598, #3825, #3566, .T. ) ;
#4040 = DIRECTION ( 'NONE',  ( 0.000000000000000000, 1.000000000000000000, -0.000000000000000000 ) ) ;
#4041 = ORIENTED_EDGE ( 'NONE', *, *, #985, .F. ) ;
#4042 = LINE ( 'NONE', #802, #172 ) ;
#4043 = CONTEXT_DEPENDENT_SHAPE_REPRESENTATION ( #3182, #6163 ) ;
#4044 = VERTEX_POINT ( 'NONE', #426 ) ;
#4045 =( GEOMETRIC_REPRESENTATION_CONTEXT ( 3 ) GLOBAL_UNCERTAINTY_ASSIGNED_CONTEXT ( ( #3801 ) ) GLOBAL_UNIT_ASSIGNED_CONTEXT ( ( #1987, #963, #3110 ) ) REPRESENTATION_CONTEXT ( 'NONE', 'WORKASPACE' ) );
#4046 = EDGE_CURVE ( 'NONE', #5910, #5996, #2504, .T. ) ;
#4047 = EDGE_CURVE ( 'NONE', #1703, #5340, #1977, .T. ) ;
#4048 = FACE_BOUND ( 'NONE', #4905, .T. ) ;
#4049 = EDGE_LOOP ( 'NONE', ( #2981, #4676, #3986, #571 ) ) ;
#4050 = CARTESIAN_POINT ( 'NONE',  ( -0.2503407046077101294, -0.3499999999999999778, 0.4449999999999999512 ) ) ;
#4051 = LINE ( 'NONE', #4594, #6212 ) ;
#4052 = FACE_BOUND ( 'NONE', #5610, .T. ) ;
#4053 = DIRECTION ( 'NONE',  ( -0.000000000000000000, 1.000000000000000000, -0.000000000000000000 ) ) ;
#4054 = CARTESIAN_POINT ( 'NONE',  ( -1.973205080756855079, 0.2500000000000000000, -3.017691453623849718 ) ) ;
#4055 = ORIENTED_EDGE ( 'NONE', *, *, #674, .T. ) ;
#4056 = PRODUCT_DEFINITION_SHAPE ( 'NONE', 'NONE',  #6916 ) ;
#4057 = ORIENTED_EDGE ( 'NONE', *, *, #82, .T. ) ;
#4058 = ORIENTED_EDGE ( 'NONE', *, *, #397, .F. ) ;
#4059 = DIRECTION ( 'NONE',  ( 0.9999415181893573923, 0.000000000000000000, 0.01081481396803214874 ) ) ;
#4060 = DIRECTION ( 'NONE',  ( -0.000000000000000000, 1.000000000000000000, -0.000000000000000000 ) ) ;
#4061 = PLANE ( 'NONE',  #6134 ) ;
#4062 = DIRECTION ( 'NONE',  ( 0.000000000000000000, 1.000000000000000000, 0.000000000000000000 ) ) ;
#4063 = VERTEX_POINT ( 'NONE', #4113 ) ;
#4064 = EDGE_CURVE ( 'NONE', #2687, #1387, #392, .T. ) ;
#4065 = DIRECTION ( 'NONE',  ( 0.000000000000000000, 0.000000000000000000, 1.000000000000000000 ) ) ;
#4066 = EDGE_CURVE ( 'NONE', #889, #4412, #4125, .T. ) ;
#4067 = DIRECTION ( 'NONE',  ( -0.000000000000000000, 1.000000000000000000, -0.000000000000000000 ) ) ;
#4068 = LINE ( 'NONE', #5044, #6472 ) ;
#4069 = FILL_AREA_STYLE_COLOUR ( '', #3129 ) ;
#4070 = VERTEX_POINT ( 'NONE', #6795 ) ;
#4071 = DIRECTION ( 'NONE',  ( 0.000000000000000000, 0.000000000000000000, -1.000000000000000000 ) ) ;
#4072 = EDGE_CURVE ( 'NONE', #900, #1869, #6833, .T. ) ;
#4073 = VERTEX_POINT ( 'NONE', #3516 ) ;
#4074 = ADVANCED_FACE ( 'NONE', ( #4148 ), #6270, .F. ) ;
#4075 = CARTESIAN_POINT ( 'NONE',  ( 0.4340147425487538291, 0.5000000000000000000, 0.7999999999999999334 ) ) ;
#4076 = CARTESIAN_POINT ( 'NONE',  ( -0.8555891799356180050, 1.000000000000000000, -3.363142292989961035 ) ) ;
#4077 = EDGE_CURVE ( 'NONE', #5818, #4674, #3616, .T. ) ;
#4078 = EDGE_CURVE ( 'NONE', #6861, #4073, #4595, .T. ) ;
#4079 = EDGE_LOOP ( 'NONE', ( #2436, #4966, #3009, #231 ) ) ;
#4080 = CARTESIAN_POINT ( 'NONE',  ( -0.4340147425487536625, 0.000000000000000000, -2.200000000000000178 ) ) ;
#4081 = DIRECTION ( 'NONE',  ( 0.000000000000000000, 0.000000000000000000, -1.000000000000000000 ) ) ;
#4082 = DIRECTION ( 'NONE',  ( -1.000000000000000000, -0.000000000000000000, -0.000000000000000000 ) ) ;
#4083 = VECTOR ( 'NONE', #363, 39.37007874015748143 ) ;
#4084 = DIRECTION ( 'NONE',  ( 0.000000000000000000, 1.000000000000000000, -0.000000000000000000 ) ) ;
#4085 = LINE ( 'NONE', #291, #1953 ) ;
#4086 = VERTEX_POINT ( 'NONE', #1510 ) ;
#4087 = VERTEX_POINT ( 'NONE', #3652 ) ;
#4088 = CIRCLE ( 'NONE', #3417, 0.1000000000000000194 ) ;
#4089 = AXIS2_PLACEMENT_3D ( 'NONE', #859, #3114, #3153 ) ;
#4090 = FACE_OUTER_BOUND ( 'NONE', #2101, .T. ) ;
#4091 = ORIENTED_EDGE ( 'NONE', *, *, #6195, .T. ) ;
#4092 = EDGE_CURVE ( 'NONE', #4601, #1829, #6724, .T. ) ;
#4093 = CARTESIAN_POINT ( 'NONE',  ( -1.285575219373060518, 1.000000000000000000, -1.532088886237972458 ) ) ;
#4094 = EDGE_LOOP ( 'NONE', ( #5945, #2510 ) ) ;
#4095 = DIRECTION ( 'NONE',  ( 0.000000000000000000, 0.000000000000000000, 1.000000000000000000 ) ) ;
#4096 = AXIS2_PLACEMENT_3D ( 'NONE', #5397, #187, #1801 ) ;
#4097 = CARTESIAN_POINT ( 'NONE',  ( -0.1999999999994889477, 0.5000000000000000000, 3.599999999999999645 ) ) ;
#4098 = DIRECTION ( 'NONE',  ( -1.000000000000000000, -0.000000000000000000, -0.000000000000000000 ) ) ;
#4099 = PLANE ( 'NONE',  #6129 ) ;
#4100 = ORIENTED_EDGE ( 'NONE', *, *, #5823, .T. ) ;
#4101 = DIRECTION ( 'NONE',  ( 0.000000000000000000, 0.000000000000000000, 1.000000000000000000 ) ) ;
#4102 = ORIENTED_EDGE ( 'NONE', *, *, #1763, .F. ) ;
#4103 = ORIENTED_EDGE ( 'NONE', *, *, #3606, .T. ) ;
#4104 = DIRECTION ( 'NONE',  ( 0.000000000000000000, 1.000000000000000000, 0.000000000000000000 ) ) ;
#4105 = CARTESIAN_POINT ( 'NONE',  ( 1.173205080756921648, 0.2500000000000000000, -1.632050807569005002 ) ) ;
#4106 = VECTOR ( 'NONE', #2031, 39.37007874015748854 ) ;
#4107 = PRODUCT_DEFINITION_SHAPE ( 'NONE', 'NONE',  #6913 ) ;
#4108 = DIRECTION ( 'NONE',  ( -0.000000000000000000, 1.000000000000000000, -0.000000000000000000 ) ) ;
#4109 = AXIS2_PLACEMENT_3D ( 'NONE', #2891, #6027, #3906 ) ;
#4110 = ORIENTED_EDGE ( 'NONE', *, *, #5601, .T. ) ;
#4111 = CARTESIAN_POINT ( 'NONE',  ( 6.123233995736766036E-17, 0.000000000000000000, -0.5000000000000000000 ) ) ;
#4112 = DIRECTION ( 'NONE',  ( -0.000000000000000000, -1.000000000000000000, -0.000000000000000000 ) ) ;
#4113 = CARTESIAN_POINT ( 'NONE',  ( -1.850543806534618696, 1.000000000000000000, 3.157497118129003688 ) ) ;
#4114 = EDGE_CURVE ( 'NONE', #3823, #6819, #39, .T. ) ;
#4115 = VECTOR ( 'NONE', #3828, 39.37007874015748143 ) ;
#4116 = ADVANCED_FACE ( 'NONE', ( #3548 ), #2286, .F. ) ;
#4117 = CARTESIAN_POINT ( 'NONE',  ( -0.8555891799356177829, -0.3500000000000000333, -0.5631422929899626562 ) ) ;
#4118 = DIRECTION ( 'NONE',  ( 0.000000000000000000, 1.000000000000000000, 0.000000000000000000 ) ) ;
#4119 = ORIENTED_EDGE ( 'NONE', *, *, #4330, .T. ) ;
#4120 = VERTEX_POINT ( 'NONE', #3864 ) ;
#4121 = VECTOR ( 'NONE', #5685, 39.37007874015748143 ) ;
#4122 = VERTEX_POINT ( 'NONE', #182 ) ;
#4123 = CARTESIAN_POINT ( 'NONE',  ( -1.999999999999744649, 0.5000000000000000000, -0.1999999999997443545 ) ) ;
#4124 = CIRCLE ( 'NONE', #5906, 0.2000000000000000389 ) ;
#4125 = CIRCLE ( 'NONE', #1099, 0.2000000000000000389 ) ;
#4126 = DIRECTION ( 'NONE',  ( -0.1842885350501852204, 0.000000000000000000, 0.9828721869343218787 ) ) ;
#4127 = ORIENTED_EDGE ( 'NONE', *, *, #5588, .F. ) ;
#4128 = DIRECTION ( 'NONE',  ( 0.000000000000000000, 1.000000000000000000, 0.000000000000000000 ) ) ;
#4129 = ORIENTED_EDGE ( 'NONE', *, *, #95, .T. ) ;
#4130 = VECTOR ( 'NONE', #6759, 39.37007874015748143 ) ;
#4131 = DIRECTION ( 'NONE',  ( 0.000000000000000000, 0.000000000000000000, 1.000000000000000000 ) ) ;
#4132 = CYLINDRICAL_SURFACE ( 'NONE', #6458, 0.2000000000000000389 ) ;
#4133 = FACE_OUTER_BOUND ( 'NONE', #199, .T. ) ;
#4134 = FACE_OUTER_BOUND ( 'NONE', #4704, .T. ) ;
#4135 = ORIENTED_EDGE ( 'NONE', *, *, #6011, .F. ) ;
#4136 = CIRCLE ( 'NONE', #2922, 0.2000000000000000389 ) ;
#4137 = VECTOR ( 'NONE', #2595, 39.37007874015748854 ) ;
#4138 = LINE ( 'NONE', #6261, #1276 ) ;
#4139 = ORIENTED_EDGE ( 'NONE', *, *, #6841, .T. ) ;
#4140 = CARTESIAN_POINT ( 'NONE',  ( 1.632050807569004780, 0.2500000000000000000, -1.173205080757109053 ) ) ;
#4141 = EDGE_CURVE ( 'NONE', #4087, #6109, #1708, .T. ) ;
#4142 = AXIS2_PLACEMENT_3D ( 'NONE', #5408, #2472, #1267 ) ;
#4143 = LINE ( 'NONE', #3722, #2892 ) ;
#4144 = CARTESIAN_POINT ( 'NONE',  ( 0.9531006376118960066, 1.000000000000000000, -1.811068185169586675 ) ) ;
#4145 = ORIENTED_EDGE ( 'NONE', *, *, #1203, .T. ) ;
#4146 = LINE ( 'NONE', #2115, #208 ) ;
#4147 = FACE_OUTER_BOUND ( 'NONE', #5735, .T. ) ;
#4148 = FACE_OUTER_BOUND ( 'NONE', #5032, .T. ) ;
#4149 = PRODUCT_DEFINITION_SHAPE ( 'NONE', 'NONE',  #888 ) ;
#4150 = DIRECTION ( 'NONE',  ( 0.5000000000000001110, 0.000000000000000000, 0.8660254037844385966 ) ) ;
#4151 = LINE ( 'NONE', #4054, #4415 ) ;
#4152 = EDGE_LOOP ( 'NONE', ( #253, #3619, #3922, #6406 ) ) ;
#4153 = DIRECTION ( 'NONE',  ( -0.8660254037844432595, 0.000000000000000000, -0.4999999999999919509 ) ) ;
#4154 = EDGE_LOOP ( 'NONE', ( #3395, #1889, #1360, #521 ) ) ;
#4155 = ORIENTED_EDGE ( 'NONE', *, *, #2585, .T. ) ;
#4156 = CARTESIAN_POINT ( 'NONE',  ( -0.2170073712743766925, -0.3500000000000000333, 0.4000000000000000777 ) ) ;
#4157 = ADVANCED_FACE ( 'NONE', ( #3829 ), #3404, .F. ) ;
#4158 = ADVANCED_FACE ( 'NONE', ( #3340 ), #4448, .F. ) ;
#4159 = CARTESIAN_POINT ( 'NONE',  ( 1.782139777869445219, 0.000000000000000000, 2.969558593971846516 ) ) ;
#4160 = FACE_OUTER_BOUND ( 'NONE', #3749, .T. ) ;
#4161 = LINE ( 'NONE', #966, #4316 ) ;
#4162 = ADVANCED_FACE ( 'NONE', ( #2746 ), #5425, .T. ) ;
#4163 = ORIENTED_EDGE ( 'NONE', *, *, #1696, .F. ) ;
#4164 = ADVANCED_FACE ( 'NONE', ( #212 ), #6547, .F. ) ;
#4165 = LINE ( 'NONE', #375, #6341 ) ;
#4166 = DIRECTION ( 'NONE',  ( 1.000000000000000000, 0.000000000000000000, -2.774533118565266992E-16 ) ) ;
#4167 = DIRECTION ( 'NONE',  ( -0.000000000000000000, 1.000000000000000000, -0.000000000000000000 ) ) ;
#4168 = DIRECTION ( 'NONE',  ( 0.000000000000000000, 0.000000000000000000, -1.000000000000000000 ) ) ;
#4169 = ORIENTED_EDGE ( 'NONE', *, *, #6533, .F. ) ;
#4170 = CARTESIAN_POINT ( 'NONE',  ( 1.626794919243589765, 0.5000000000000000000, 3.217691453623850339 ) ) ;
#4171 = ORIENTED_EDGE ( 'NONE', *, *, #1767, .T. ) ;
#4172 = CONTEXT_DEPENDENT_SHAPE_REPRESENTATION ( #307, #3044 ) ;
#4173 = VERTEX_POINT ( 'NONE', #1124 ) ;
#4174 = DIRECTION ( 'NONE',  ( -0.000000000000000000, 1.000000000000000000, -0.000000000000000000 ) ) ;
#4175 = CARTESIAN_POINT ( 'NONE',  ( -0.6590147425487534738, -0.3500000000000000333, -0.8000000000000000444 ) ) ;
#4176 = ORIENTED_EDGE ( 'NONE', *, *, #6776, .F. ) ;
#4177 = LINE ( 'NONE', #6302, #1999 ) ;
#4178 = DIRECTION ( 'NONE',  ( 1.000000000000000000, 0.000000000000000000, -1.573591704294117338E-16 ) ) ;
#4179 = CARTESIAN_POINT ( 'NONE',  ( 3.340361252238959189, 1.000000000000000000, 0.9406091814676557084 ) ) ;
#4180 = CARTESIAN_POINT ( 'NONE',  ( 3.217691453624362374, 0.5000000000000000000, 1.626794919242890547 ) ) ;
#4181 = CARTESIAN_POINT ( 'NONE',  ( -1.091880737536709445, 1.000000000000000000, 1.730943457119830997 ) ) ;
#4182 = ORIENTED_EDGE ( 'NONE', *, *, #3436, .T. ) ;
#4183 = DIRECTION ( 'NONE',  ( 0.8660254037844398178, 0.000000000000000000, 0.4999999999999980016 ) ) ;
#4184 = ORIENTED_EDGE ( 'NONE', *, *, #6831, .T. ) ;
#4185 = ORIENTED_EDGE ( 'NONE', *, *, #3430, .T. ) ;
#4186 = DIRECTION ( 'NONE',  ( 0.7729512718726181397, 0.000000000000000000, 0.6344653901597012702 ) ) ;
#4187 = EDGE_CURVE ( 'NONE', #3883, #1271, #6514, .T. ) ;
#4188 = CARTESIAN_POINT ( 'NONE',  ( -0.3295073712743768479, -0.3499999999999999778, -0.3000000000000000999 ) ) ;
#4189 = CARTESIAN_POINT ( 'NONE',  ( 0.4340147425487537736, 0.5000000000000000000, 0.5999999999999999778 ) ) ;
#4190 = CIRCLE ( 'NONE', #4978, 0.1999999999999999833 ) ;
#4191 = LINE ( 'NONE', #6211, #4527 ) ;
#4192 = ORIENTED_EDGE ( 'NONE', *, *, #133, .T. ) ;
#4193 = PLANE ( 'NONE',  #5655 ) ;
#4194 = DIRECTION ( 'NONE',  ( 0.000000000000000000, 1.000000000000000000, -0.000000000000000000 ) ) ;
#4195 = VECTOR ( 'NONE', #4920, 39.37007874015748143 ) ;
#4196 = PLANE ( 'NONE',  #6356 ) ;
#4197 = ADVANCED_FACE ( 'NONE', ( #6578 ), #3933, .T. ) ;
#4198 = CYLINDRICAL_SURFACE ( 'NONE', #2802, 0.2000000000000001221 ) ;
#4199 = ORIENTED_EDGE ( 'NONE', *, *, #1587, .F. ) ;
#4200 = DIRECTION ( 'NONE',  ( 0.000000000000000000, 1.000000000000000000, 0.000000000000000000 ) ) ;
#4201 = AXIS2_PLACEMENT_3D ( 'NONE', #3928, #1852, #6049 ) ;
#4202 = ORIENTED_EDGE ( 'NONE', *, *, #4452, .T. ) ;
#4203 = CARTESIAN_POINT ( 'NONE',  ( 1.973205080756921470, 0.2500000000000000000, -3.017691453624107289 ) ) ;
#4204 = FACE_OUTER_BOUND ( 'NONE', #1305, .T. ) ;
#4205 = VERTEX_POINT ( 'NONE', #1759 ) ;
#4206 = AXIS2_PLACEMENT_3D ( 'NONE', #5771, #4236, #452 ) ;
#4207 = DIRECTION ( 'NONE',  ( -0.000000000000000000, 1.000000000000000000, -0.000000000000000000 ) ) ;
#4208 = CARTESIAN_POINT ( 'NONE',  ( -3.599999999999744738, 0.5000000000000000000, 2.559668354255167113E-13 ) ) ;
#4209 = VECTOR ( 'NONE', #2046, 39.37007874015748143 ) ;
#4210 = PLANE ( 'NONE',  #777 ) ;
#4211 = CARTESIAN_POINT ( 'NONE',  ( -0.8555891799356180050, 0.000000000000000000, -3.363142292989961035 ) ) ;
#4212 = UNCERTAINTY_MEASURE_WITH_UNIT (LENGTH_MEASURE( 1.000000000000000082E-05 ), #4365, 'distance_accuracy_value', 'NONE');
#4213 = VERTEX_POINT ( 'NONE', #1155 ) ;
#4214 = DIRECTION ( 'NONE',  ( -0.8660254037844328234, 0.000000000000000000, 0.5000000000000101030 ) ) ;
#4215 = ORIENTED_EDGE ( 'NONE', *, *, #3661, .T. ) ;
#4216 = EDGE_LOOP ( 'NONE', ( #1343, #5369, #2509, #6600 ) ) ;
#4217 = CARTESIAN_POINT ( 'NONE',  ( -0.2170073712743766925, -0.3500000000000000333, 0.4000000000000000777 ) ) ;
#4218 = VECTOR ( 'NONE', #6190, 39.37007874015748143 ) ;
#4219 = CARTESIAN_POINT ( 'NONE',  ( 0.5435971967450640152, 1.000000000000000000, 3.420351227372345981 ) ) ;
#4220 = CARTESIAN_POINT ( 'NONE',  ( -1.832050807568493589, 0.2500000000000000000, 0.8267949192433343697 ) ) ;
#4221 = PLANE ( 'NONE',  #3068 ) ;
#4222 = VECTOR ( 'NONE', #5181, 39.37007874015748143 ) ;
#4223 = DIMENSIONAL_EXPONENTS ( 1.000000000000000000, 0.000000000000000000, 0.000000000000000000, 0.000000000000000000, 0.000000000000000000, 0.000000000000000000, 0.000000000000000000 ) ;
#4224 = ORIENTED_EDGE ( 'NONE', *, *, #460, .T. ) ;
#4225 = CARTESIAN_POINT ( 'NONE',  ( 1.000000000000477174, 0.2500000000000000000, 1.732050807568749295 ) ) ;
#4226 = CARTESIAN_POINT ( 'NONE',  ( 0.2170073712743761929, 0.3499999999999999778, 0.3999999999999999667 ) ) ;
#4227 = VECTOR ( 'NONE', #1683, 39.37007874015748854 ) ;
#4228 = AXIS2_PLACEMENT_3D ( 'NONE', #6143, #4024, #4059 ) ;
#4229 = LINE ( 'NONE', #6359, #3358 ) ;
#4230 = CARTESIAN_POINT ( 'NONE',  ( -0.3462715702633036852, 0.000000000000000000, 3.452948729325134636 ) ) ;
#4231 = ORIENTED_EDGE ( 'NONE', *, *, #1269, .F. ) ;
#4232 = DIRECTION ( 'NONE',  ( -0.000000000000000000, 1.000000000000000000, -0.000000000000000000 ) ) ;
#4233 = CIRCLE ( 'NONE', #2116, 0.1000000000000000194 ) ;
#4234 = CIRCLE ( 'NONE', #2000, 0.1999999999999999278 ) ;
#4235 = ORIENTED_EDGE ( 'NONE', *, *, #750, .T. ) ;
#4236 = DIRECTION ( 'NONE',  ( 8.998007023192930631E-17, -0.000000000000000000, 1.000000000000000000 ) ) ;
#4237 = EDGE_CURVE ( 'NONE', #3942, #3680, #5917, .T. ) ;
#4238 = CARTESIAN_POINT ( 'NONE',  ( 1.894249636900245948, 1.000000000000000000, -0.7747174387174642352 ) ) ;
#4239 = AXIS2_PLACEMENT_3D ( 'NONE', #3569, #5623, #5592 ) ;
#4240 = AXIS2_PLACEMENT_3D ( 'NONE', #2471, #5780, #1474 ) ;
#4241 = CARTESIAN_POINT ( 'NONE',  ( 0.4277945899678090580, -0.3500000000000000333, -0.2815711464949816056 ) ) ;
#4242 = ORIENTED_EDGE ( 'NONE', *, *, #3821, .T. ) ;
#4243 = ORIENTED_EDGE ( 'NONE', *, *, #7, .T. ) ;
#4244 = EDGE_CURVE ( 'NONE', #6055, #103, #5462, .T. ) ;
#4245 = AXIS2_PLACEMENT_3D ( 'NONE', #5859, #1068, #2164 ) ;
#4246 = AXIS2_PLACEMENT_3D ( 'NONE', #2328, #2230, #4460 ) ;
#4247 = EDGE_LOOP ( 'NONE', ( #1408, #831, #1844, #6699, #4102, #270, #6087, #2947 ) ) ;
#4248 = CARTESIAN_POINT ( 'NONE',  ( 4.898587196589412829E-16, 0.000000000000000000, 4.000000000000000000 ) ) ;
#4249 = DIRECTION ( 'NONE',  ( -0.000000000000000000, 1.000000000000000000, -0.000000000000000000 ) ) ;
#4250 = APPLICATION_CONTEXT ( 'automotive_design' ) ;
#4251 = CIRCLE ( 'NONE', #2250, 0.1999999999999995115 ) ;
#4252 = DIRECTION ( 'NONE',  ( -0.8660254037844383745, 0.000000000000000000, 0.5000000000000004441 ) ) ;
#4253 = CARTESIAN_POINT ( 'NONE',  ( 2.614979001592705021, 0.000000000000000000, 2.270723508515694267 ) ) ;
#4254 = ORIENTED_EDGE ( 'NONE', *, *, #2883, .F. ) ;
#4255 = DIRECTION ( 'NONE',  ( 0.8660254037844364872, 0.000000000000000000, -0.5000000000000041078 ) ) ;
#4256 = EDGE_LOOP ( 'NONE', ( #5863, #5313, #1947, #5734 ) ) ;
#4257 = ORIENTED_EDGE ( 'NONE', *, *, #3413, .T. ) ;
#4258 = CARTESIAN_POINT ( 'NONE',  ( 3.017691453624362197, 0.5000000000000000000, 1.973205080756666119 ) ) ;
#4259 =( GEOMETRIC_REPRESENTATION_CONTEXT ( 3 ) GLOBAL_UNCERTAINTY_ASSIGNED_CONTEXT ( ( #5263 ) ) GLOBAL_UNIT_ASSIGNED_CONTEXT ( ( #6039, #1635, #2389 ) ) REPRESENTATION_CONTEXT ( 'NONE', 'WORKASPACE' ) );
#4260 = CARTESIAN_POINT ( 'NONE',  ( -0.4777945899678091579, 0.3499999999999999778, -0.3254600353838703053 ) ) ;
#4261 = DIRECTION ( 'NONE',  ( 0.9828721869343218787, 0.000000000000000000, 0.1842885350501853869 ) ) ;
#4262 = LINE ( 'NONE', #3707, #4623 ) ;
#4263 = DIRECTION ( 'NONE',  ( -0.8660254037844364872, 0.000000000000000000, -0.5000000000000037748 ) ) ;
#4264 = ADVANCED_FACE ( 'NONE', ( #1255 ), #699, .F. ) ;
#4265 = ORIENTED_EDGE ( 'NONE', *, *, #960, .T. ) ;
#4266 = DIRECTION ( 'NONE',  ( -0.000000000000000000, -1.000000000000000000, -0.000000000000000000 ) ) ;
#4267 = DIRECTION ( 'NONE',  ( -1.000000000000000000, -0.000000000000000000, -0.000000000000000000 ) ) ;
#4268 = CARTESIAN_POINT ( 'NONE',  ( 0.6305891799356178051, 0.3500000000000000333, 0.6368577070100370774 ) ) ;
#4269 = EDGE_CURVE ( 'NONE', #1779, #900, #5012, .T. ) ;
#4270 = CARTESIAN_POINT ( 'NONE',  ( 0.2761998357659666281, 1.000000000000000000, 2.027827026023796275 ) ) ;
#4271 = ORIENTED_EDGE ( 'NONE', *, *, #4956, .T. ) ;
#4272 = CARTESIAN_POINT ( 'NONE',  ( -0.6590147425487534738, 0.5000000000000000000, -0.8000000000000000444 ) ) ;
#4273 = EDGE_CURVE ( 'NONE', #6344, #4779, #1653, .T. ) ;
#4274 = VERTEX_POINT ( 'NONE', #4869 ) ;
#4275 = CONTEXT_DEPENDENT_SHAPE_REPRESENTATION ( #3445, #910 ) ;
#4276 = DIRECTION ( 'NONE',  ( -0.1736481776669399624, 0.000000000000000000, 0.9848077530122063550 ) ) ;
#4277 = CARTESIAN_POINT ( 'NONE',  ( -1.799999999999522426, 0.2500000000000000000, 3.117691453624107378 ) ) ;
#4278 = CARTESIAN_POINT ( 'NONE',  ( 1.506366858664325514, 0.000000000000000000, -3.126278588807858139 ) ) ;
#4279 = DIMENSIONAL_EXPONENTS ( 1.000000000000000000, 0.000000000000000000, 0.000000000000000000, 0.000000000000000000, 0.000000000000000000, 0.000000000000000000, 0.000000000000000000 ) ;
#4280 = PLANE ( 'NONE',  #323 ) ;
#4281 = ORIENTED_EDGE ( 'NONE', *, *, #1618, .T. ) ;
#4282 = EDGE_CURVE ( 'NONE', #248, #5229, #5024, .T. ) ;
#4283 = ORIENTED_EDGE ( 'NONE', *, *, #3946, .F. ) ;
#4284 = LINE ( 'NONE', #5741, #1778 ) ;
#4285 = DIRECTION ( 'NONE',  ( -0.9359387816366080415, 0.000000000000000000, -0.3521627422493496806 ) ) ;
#4286 = EDGE_CURVE ( 'NONE', #4720, #6716, #4908, .T. ) ;
#4287 = FACE_OUTER_BOUND ( 'NONE', #3370, .T. ) ;
#4288 = DIRECTION ( 'NONE',  ( 0.01081481396801906025, 0.000000000000000000, 0.9999415181893575033 ) ) ;
#4289 = EDGE_CURVE ( 'NONE', #1821, #4044, #3013, .T. ) ;
#4290 = ORIENTED_EDGE ( 'NONE', *, *, #6544, .T. ) ;
#4291 = DIRECTION ( 'NONE',  ( 0.000000000000000000, 0.000000000000000000, 1.000000000000000000 ) ) ;
#4292 = VERTEX_POINT ( 'NONE', #6085 ) ;
#4293 = ORIENTED_EDGE ( 'NONE', *, *, #2388, .F. ) ;
#4294 = DIRECTION ( 'NONE',  ( 0.000000000000000000, 0.000000000000000000, 1.000000000000000000 ) ) ;
#4295 = CARTESIAN_POINT ( 'NONE',  ( -0.5435971967451100895, 1.000000000000000000, 3.620351227372337721 ) ) ;
#4296 = DIRECTION ( 'NONE',  ( 0.000000000000000000, 0.000000000000000000, -1.000000000000000000 ) ) ;
#4297 = DIRECTION ( 'NONE',  ( 0.000000000000000000, 1.000000000000000000, -0.000000000000000000 ) ) ;
#4298 = CARTESIAN_POINT ( 'NONE',  ( 3.462783069340739317, 0.000000000000000000, 0.05859902374380376172 ) ) ;
#4299 = VERTEX_POINT ( 'NONE', #6115 ) ;
#4300 = ORIENTED_EDGE ( 'NONE', *, *, #2918, .F. ) ;
#4301 = CIRCLE ( 'NONE', #6758, 0.2000000000000003164 ) ;
#4302 = CARTESIAN_POINT ( 'NONE',  ( 5.108559816677837734E-13, 0.2500000000000000000, 2.000000000000000000 ) ) ;
#4303 =( CONVERSION_BASED_UNIT ( 'INCH', #5905 ) LENGTH_UNIT ( ) NAMED_UNIT ( #5290 ) );
#4304 = LINE ( 'NONE', #6428, #2463 ) ;
#4305 = LINE ( 'NONE', #6396, #2006 ) ;
#4306 = ORIENTED_EDGE ( 'NONE', *, *, #2470, .F. ) ;
#4307 = CARTESIAN_POINT ( 'NONE',  ( -3.117691453623995912, 1.000000000000000000, 1.799999999999970957 ) ) ;
#4308 = EDGE_LOOP ( 'NONE', ( #3145, #841, #629, #2959 ) ) ;
#4309 = ITEM_DEFINED_TRANSFORMATION ( 'NONE', 'NONE', #1804,  #3479 ) ;
#4310 = PLANE ( 'NONE',  #6657 ) ;
#4311 = CARTESIAN_POINT ( 'NONE',  ( -0.2503407046077101294, 0.3499999999999999778, 0.4449999999999999512 ) ) ;
#4312 = DIRECTION ( 'NONE',  ( 0.000000000000000000, 1.000000000000000000, 0.000000000000000000 ) ) ;
#4313 = ADVANCED_FACE ( 'NONE', ( #5145, #3532 ), #3568, .T. ) ;
#4314 = DIRECTION ( 'NONE',  ( 0.7660444431189765702, 0.000000000000000000, 0.6427876096865410283 ) ) ;
#4315 = ORIENTED_EDGE ( 'NONE', *, *, #4516, .F. ) ;
#4316 = VECTOR ( 'NONE', #4575, 39.37007874015747433 ) ;
#4317 = ORIENTED_EDGE ( 'NONE', *, *, #163, .T. ) ;
#4318 = CARTESIAN_POINT ( 'NONE',  ( -0.1999999999994891697, 0.2500000000000000000, 2.000000000000000000 ) ) ;
#4319 = DIRECTION ( 'NONE',  ( -0.000000000000000000, -1.000000000000000000, -0.000000000000000000 ) ) ;
#4320 = EDGE_CURVE ( 'NONE', #6165, #6277, #4571, .T. ) ;
#4321 = LINE ( 'NONE', #6444, #3927 ) ;
#4322 = DIRECTION ( 'NONE',  ( -0.000000000000000000, 1.000000000000000000, -0.000000000000000000 ) ) ;
#4323 = AXIS2_PLACEMENT_3D ( 'NONE', #1318, #6609, #861 ) ;
#4324 = VERTEX_POINT ( 'NONE', #4037 ) ;
#4325 = APPLICATION_PROTOCOL_DEFINITION ( 'draft international standard', 'automotive_design', 1998, #3713 ) ;
#4326 = VERTEX_POINT ( 'NONE', #5072 ) ;
#4327 = ORIENTED_EDGE ( 'NONE', *, *, #5720, .T. ) ;
#4328 = CARTESIAN_POINT ( 'NONE',  ( 3.600000000000254996, 0.2500000000000000000, -0.2000000000002555012 ) ) ;
#4329 = EDGE_CURVE ( 'NONE', #6173, #4602, #274, .T. ) ;
#4330 = EDGE_CURVE ( 'NONE', #3789, #3553, #346, .T. ) ;
#4331 = CARTESIAN_POINT ( 'NONE',  ( 3.163477102692409115, 0.000000000000000000, -1.426594388206232855 ) ) ;
#4332 = CIRCLE ( 'NONE', #6893, 0.1000000000000000194 ) ;
#4333 = DIRECTION ( 'NONE',  ( 0.000000000000000000, 0.000000000000000000, 1.000000000000000000 ) ) ;
#4334 = FACE_OUTER_BOUND ( 'NONE', #2476, .T. ) ;
#4335 = DIRECTION ( 'NONE',  ( 0.000000000000000000, 1.000000000000000000, -0.000000000000000000 ) ) ;
#4336 = CARTESIAN_POINT ( 'NONE',  ( 0.6305891799356178051, -0.5000000000000000000, 0.6368577070100370774 ) ) ;
#4337 = VERTEX_POINT ( 'NONE', #4001 ) ;
#4338 = AXIS2_PLACEMENT_3D ( 'NONE', #566, #2718, #6552 ) ;
#4339 = VERTEX_POINT ( 'NONE', #3435 ) ;
#4340 = CARTESIAN_POINT ( 'NONE',  ( -0.3295073712743767369, -0.3500000000000000333, -0.3000000000000000444 ) ) ;
#4341 = CARTESIAN_POINT ( 'NONE',  ( 2.788184082349592696, 1.000000000000000000, 2.370723508515693911 ) ) ;
#4342 = VECTOR ( 'NONE', #4174, 39.37007874015748143 ) ;
#4343 = EDGE_LOOP ( 'NONE', ( #850, #6469, #2806, #851 ) ) ;
#4344 = DIRECTION ( 'NONE',  ( 0.7590480150332034048, 0.000000000000000000, -0.6510346464468337313 ) ) ;
#4345 = ORIENTED_EDGE ( 'NONE', *, *, #599, .F. ) ;
#4346 = EDGE_CURVE ( 'NONE', #6868, #3072, #6183, .T. ) ;
#4347 = VECTOR ( 'NONE', #6765, 39.37007874015748143 ) ;
#4348 = PLANE ( 'NONE',  #6436 ) ;
#4349 = DIRECTION ( 'NONE',  ( -0.000000000000000000, 1.000000000000000000, 0.000000000000000000 ) ) ;
#4350 = CARTESIAN_POINT ( 'NONE',  ( -0.4340147425487533850, 0.5000000000000000000, 0.6000000000000001998 ) ) ;
#4351 = CARTESIAN_POINT ( 'NONE',  ( -0.3795073712743768368, -0.3499999999999999778, -0.4438888888888888884 ) ) ;
#4352 = ORIENTED_EDGE ( 'NONE', *, *, #4572, .T. ) ;
#4353 = AXIS2_PLACEMENT_3D ( 'NONE', #4080, #6197, #3027 ) ;
#4354 = VECTOR ( 'NONE', #5301, 39.37007874015747433 ) ;
#4355 = VERTEX_POINT ( 'NONE', #1420 ) ;
#4356 = EDGE_CURVE ( 'NONE', #5494, #5154, #1673, .T. ) ;
#4357 = VECTOR ( 'NONE', #3341, 39.37007874015748143 ) ;
#4358 = DIRECTION ( 'NONE',  ( 0.000000000000000000, 0.000000000000000000, -1.000000000000000000 ) ) ;
#4359 = VECTOR ( 'NONE', #1041, 39.37007874015748143 ) ;
#4360 = CARTESIAN_POINT ( 'NONE',  ( 0.3295073712743768479, -0.3500000000000000333, -0.3000000000000000999 ) ) ;
#4361 = PLANE ( 'NONE',  #3412 ) ;
#4362 = AXIS2_PLACEMENT_3D ( 'NONE', #5455, #5003, #2342 ) ;
#4363 = VECTOR ( 'NONE', #2022, 39.37007874015748143 ) ;
#4364 = VERTEX_POINT ( 'NONE', #765 ) ;
#4365 =( CONVERSION_BASED_UNIT ( 'INCH', #5559 ) LENGTH_UNIT ( ) NAMED_UNIT ( #5482 ) );
#4366 = EDGE_CURVE ( 'NONE', #2071, #5681, #2921, .T. ) ;
#4367 = VERTEX_POINT ( 'NONE', #1825 ) ;
#4368 = ORIENTED_EDGE ( 'NONE', *, *, #3077, .F. ) ;
#4369 = DIRECTION ( 'NONE',  ( -0.9396926207859057634, 0.000000000000000000, -0.3420201433256755963 ) ) ;
#4370 = CARTESIAN_POINT ( 'NONE',  ( -0.4277945899678088915, -0.3499999999999999778, -0.2815711464949807175 ) ) ;
#4371 = AXIS2_PLACEMENT_3D ( 'NONE', #4373, #1710, #4995 ) ;
#4372 = DIRECTION ( 'NONE',  ( -0.9848077530122112400, 2.216514893527523383E-17, 0.1736481776669137611 ) ) ;
#4373 = CARTESIAN_POINT ( 'NONE',  ( -1.160284766201845397, 0.000000000000000000, 1.918881981277011928 ) ) ;
#4374 = DIRECTION ( 'NONE',  ( -0.000000000000000000, 1.000000000000000000, -0.000000000000000000 ) ) ;
#4375 = EDGE_CURVE ( 'NONE', #675, #2562, #4068, .T. ) ;
#4376 = ORIENTED_EDGE ( 'NONE', *, *, #2749, .F. ) ;
#4377 = VERTEX_POINT ( 'NONE', #4613 ) ;
#4378 = PLANE ( 'NONE',  #1979 ) ;
#4379 = CARTESIAN_POINT ( 'NONE',  ( -2.239779962957428427, 0.000000000000000000, 0.2453833961542115083 ) ) ;
#4380 = CARTESIAN_POINT ( 'NONE',  ( -1.173205080756410723, 0.2500000000000000000, 1.632050807569005224 ) ) ;
#4381 = LENGTH_MEASURE_WITH_UNIT ( LENGTH_MEASURE( 0.02539999999999999897 ), #618 );
#4382 = ORIENTED_EDGE ( 'NONE', *, *, #5139, .F. ) ;
#4383 = EDGE_CURVE ( 'NONE', #3841, #5965, #243, .T. ) ;
#4384 = LINE ( 'NONE', #6364, #1177 ) ;
#4385 = EDGE_CURVE ( 'NONE', #2028, #5839, #4508, .T. ) ;
#4386 = ORIENTED_EDGE ( 'NONE', *, *, #4077, .F. ) ;
#4387 = CARTESIAN_POINT ( 'NONE',  ( 0.4277945899678088915, -0.3499999999999999778, -0.2815711464949807175 ) ) ;
#4388 = DIRECTION ( 'NONE',  ( -0.000000000000000000, 1.000000000000000000, -0.000000000000000000 ) ) ;
#4389 = DIRECTION ( 'NONE',  ( 0.4999999999999997224, 0.000000000000000000, -0.8660254037844388186 ) ) ;
#4390 = CARTESIAN_POINT ( 'NONE',  ( -1.632050807568750539, 0.2500000000000000000, -1.173205080756665186 ) ) ;
#4391 = ORIENTED_EDGE ( 'NONE', *, *, #5041, .F. ) ;
#4392 = VERTEX_POINT ( 'NONE', #6710 ) ;
#4393 = ORIENTED_EDGE ( 'NONE', *, *, #4375, .F. ) ;
#4394 = DIRECTION ( 'NONE',  ( 0.6427876096865301481, 0.000000000000000000, 0.7660444431189858960 ) ) ;
#4395 = CARTESIAN_POINT ( 'NONE',  ( 0.2000000000005106582, 0.2500000000000000000, 2.000000000000000000 ) ) ;
#4396 = VERTEX_POINT ( 'NONE', #1930 ) ;
#4397 = EDGE_LOOP ( 'NONE', ( #3589, #1932, #4382, #2140 ) ) ;
#4398 = LINE ( 'NONE', #2798, #670 ) ;
#4399 = CARTESIAN_POINT ( 'NONE',  ( -1.894249636900235068, 0.000000000000000000, -0.7747174387174892152 ) ) ;
#4400 = DIRECTION ( 'NONE',  ( 0.9848077530122038015, 2.216514893527522150E-17, 0.1736481776669543398 ) ) ;
#4401 = LINE ( 'NONE', #1674, #5813 ) ;
#4402 = DIRECTION ( 'NONE',  ( 0.8660254037844385966, 0.000000000000000000, -0.4999999999999998335 ) ) ;
#4403 = ORIENTED_EDGE ( 'NONE', *, *, #1024, .F. ) ;
#4404 = ORIENTED_EDGE ( 'NONE', *, *, #1734, .F. ) ;
#4405 = ORIENTED_EDGE ( 'NONE', *, *, #2665, .F. ) ;
#4406 = CYLINDRICAL_SURFACE ( 'NONE', #740, 0.5000000000000000000 ) ;
#4407 =( LENGTH_UNIT ( ) NAMED_UNIT ( * ) SI_UNIT ( $, .METRE. ) );
#4408 = EDGE_CURVE ( 'NONE', #5651, #3839, #5687, .T. ) ;
#4409 = ORIENTED_EDGE ( 'NONE', *, *, #4269, .T. ) ;
#4410 = CIRCLE ( 'NONE', #5291, 0.2000000000000005940 ) ;
#4411 = DIRECTION ( 'NONE',  ( -0.000000000000000000, -1.000000000000000000, -0.000000000000000000 ) ) ;
#4412 = VERTEX_POINT ( 'NONE', #6641 ) ;
#4413 = DIRECTION ( 'NONE',  ( 0.000000000000000000, 1.000000000000000000, 0.000000000000000000 ) ) ;
#4414 = CARTESIAN_POINT ( 'NONE',  ( -3.163477102692390464, 0.000000000000000000, -1.426594388206274822 ) ) ;
#4415 = VECTOR ( 'NONE', #2431, 39.37007874015748143 ) ;
#4416 = EDGE_CURVE ( 'NONE', #6010, #87, #1385, .T. ) ;
#4417 = DIRECTION ( 'NONE',  ( -0.000000000000000000, 1.000000000000000000, -0.000000000000000000 ) ) ;
#4418 = DIRECTION ( 'NONE',  ( -0.1736481776669399624, -0.000000000000000000, 0.9848077530122063550 ) ) ;
#4419 = EDGE_LOOP ( 'NONE', ( #3310, #569, #1516, #3039 ) ) ;
#4420 = VECTOR ( 'NONE', #3316, 39.37007874015748143 ) ;
#4421 = ORIENTED_EDGE ( 'NONE', *, *, #4356, .T. ) ;
#4422 = CARTESIAN_POINT ( 'NONE',  ( 2.188630767697637314, 0.000000000000000000, 0.5354648973191502570 ) ) ;
#4423 = EDGE_CURVE ( 'NONE', #3839, #4624, #4918, .T. ) ;
#4424 = LINE ( 'NONE', #2261, #5005 ) ;
#4425 = CIRCLE ( 'NONE', #951, 0.2000000000000003164 ) ;
#4426 = VERTEX_POINT ( 'NONE', #2950 ) ;
#4427 = ORIENTED_EDGE ( 'NONE', *, *, #5140, .T. ) ;
#4428 = DIRECTION ( 'NONE',  ( 0.000000000000000000, 0.000000000000000000, -1.000000000000000000 ) ) ;
#4429 = DIRECTION ( 'NONE',  ( -0.4999999999999998890, 0.000000000000000000, -0.8660254037844387076 ) ) ;
#4430 = LENGTH_MEASURE_WITH_UNIT ( LENGTH_MEASURE( 0.02539999999999999897 ), #2765 );
#4431 = DIRECTION ( 'NONE',  ( 0.000000000000000000, 0.000000000000000000, 1.000000000000000000 ) ) ;
#4432 = CARTESIAN_POINT ( 'NONE',  ( 1.832050807569004736, 0.2500000000000000000, -0.8267949192433337036 ) ) ;
#4433 = EDGE_LOOP ( 'NONE', ( #3985, #638, #836, #433 ) ) ;
#4434 = PRODUCT_DEFINITION_SHAPE ( 'NONE', 'NONE',  #6703 ) ;
#4435 = ORIENTED_EDGE ( 'NONE', *, *, #1226, .F. ) ;
#4436 = EDGE_LOOP ( 'NONE', ( #6753, #2327, #3380, #467, #896, #3325, #6617, #5707, #61 ) ) ;
#4437 = EDGE_CURVE ( 'NONE', #3991, #5449, #6677, .T. ) ;
#4438 = VECTOR ( 'NONE', #5884, 39.37007874015748854 ) ;
#4439 = CARTESIAN_POINT ( 'NONE',  ( 0.4340147425487538291, 0.5000000000000000000, 0.7999999999999999334 ) ) ;
#4440 = LINE ( 'NONE', #5545, #1227 ) ;
#4441 = ORIENTED_EDGE ( 'NONE', *, *, #2264, .T. ) ;
#4442 = CIRCLE ( 'NONE', #299, 0.2000000000000000389 ) ;
#4443 = DIRECTION ( 'NONE',  ( -1.000000000000000000, 0.000000000000000000, 0.000000000000000000 ) ) ;
#4444 = ORIENTED_EDGE ( 'NONE', *, *, #7, .F. ) ;
#4445 = DIRECTION ( 'NONE',  ( 0.000000000000000000, 0.000000000000000000, -1.000000000000000000 ) ) ;
#4446 = CARTESIAN_POINT ( 'NONE',  ( 0.8267949192431464089, 0.2500000000000000000, -1.832050807569004736 ) ) ;
#4447 = CIRCLE ( 'NONE', #972, 0.2000000000000000389 ) ;
#4448 = CYLINDRICAL_SURFACE ( 'NONE', #1112, 0.1000000000000000194 ) ;
#4449 = CARTESIAN_POINT ( 'NONE',  ( -0.2000000000000001221, 0.2500000000000000000, -0.8000000000000000444 ) ) ;
#4450 = VERTEX_POINT ( 'NONE', #3047 ) ;
#4451 = VECTOR ( 'NONE', #4388, 39.37007874015748143 ) ;
#4452 = EDGE_CURVE ( 'NONE', #34, #727, #376, .T. ) ;
#4453 = ORIENTED_EDGE ( 'NONE', *, *, #219, .T. ) ;
#4454 = DIRECTION ( 'NONE',  ( -0.000000000000000000, 1.000000000000000000, -0.000000000000000000 ) ) ;
#4455 = VECTOR ( 'NONE', #4108, 39.37007874015748143 ) ;
#4456 = VERTEX_POINT ( 'NONE', #5346 ) ;
#4457 = CIRCLE ( 'NONE', #1220, 0.1999999999999997891 ) ;
#4458 = ORIENTED_EDGE ( 'NONE', *, *, #5118, .T. ) ;
#4459 = VECTOR ( 'NONE', #6525, 39.37007874015748143 ) ;
#4460 = DIRECTION ( 'NONE',  ( 0.000000000000000000, 0.000000000000000000, 1.000000000000000000 ) ) ;
#4461 = CARTESIAN_POINT ( 'NONE',  ( 0.6305891799356178051, -0.3500000000000000333, 0.6368577070100370774 ) ) ;
#4462 = VECTOR ( 'NONE', #692, 39.37007874015748143 ) ;
#4463 = CARTESIAN_POINT ( 'NONE',  ( -1.799999999999967404, 0.2500000000000000000, -3.117691453623849807 ) ) ;
#4464 = AXIS2_PLACEMENT_3D ( 'NONE', #5204, #510, #6326 ) ;
#4465 = DIRECTION ( 'NONE',  ( 0.000000000000000000, 0.000000000000000000, 1.000000000000000000 ) ) ;
#4466 = CARTESIAN_POINT ( 'NONE',  ( -3.117691453623594899, 0.2500000000000000000, 1.800000000000222533 ) ) ;
#4467 = ORIENTED_EDGE ( 'NONE', *, *, #3300, .T. ) ;
#4468 = VERTEX_POINT ( 'NONE', #3604 ) ;
#4469 = ORIENTED_EDGE ( 'NONE', *, *, #5391, .F. ) ;
#4470 = VECTOR ( 'NONE', #5436, 39.37007874015748143 ) ;
#4471 = CARTESIAN_POINT ( 'NONE',  ( -3.117691453623852471, 0.2500000000000000000, -1.799999999999776223 ) ) ;
#4472 = CARTESIAN_POINT ( 'NONE',  ( 3.659744619943180677, 0.000000000000000000, 0.02386938821041685935 ) ) ;
#4473 = ORIENTED_EDGE ( 'NONE', *, *, #6367, .F. ) ;
#4474 = PLANE ( 'NONE',  #5989 ) ;
#4475 = ORIENTED_EDGE ( 'NONE', *, *, #1054, .F. ) ;
#4476 = CARTESIAN_POINT ( 'NONE',  ( 0.6590147425487535848, 1.000000000000000000, -3.399999999999999911 ) ) ;
#4477 = DIRECTION ( 'NONE',  ( 0.000000000000000000, 0.000000000000000000, -1.000000000000000000 ) ) ;
#4478 = DIRECTION ( 'NONE',  ( -0.000000000000000000, 1.000000000000000000, -0.000000000000000000 ) ) ;
#4479 = CARTESIAN_POINT ( 'NONE',  ( 0.8555891799356175609, 0.5000000000000000000, -0.5631422929899629892 ) ) ;
#4480 = ORIENTED_EDGE ( 'NONE', *, *, #2279, .F. ) ;
#4481 = DIRECTION ( 'NONE',  ( -0.000000000000000000, 1.000000000000000000, -0.000000000000000000 ) ) ;
#4482 =( NAMED_UNIT ( * ) PLANE_ANGLE_UNIT ( ) SI_UNIT ( $, .RADIAN. ) );
#4483 = ORIENTED_EDGE ( 'NONE', *, *, #3105, .T. ) ;
#4484 = DIRECTION ( 'NONE',  ( 0.000000000000000000, 0.000000000000000000, -1.000000000000000000 ) ) ;
#4485 = LINE ( 'NONE', #909, #4218 ) ;
#4486 = EDGE_CURVE ( 'NONE', #6861, #6415, #4229, .T. ) ;
#4487 = PRODUCT_DEFINITION_SHAPE ( 'NONE', 'NONE',  #6926 ) ;
#4488 = EDGE_CURVE ( 'NONE', #6031, #2071, #2345, .T. ) ;
#4489 = ORIENTED_EDGE ( 'NONE', *, *, #161, .F. ) ;
#4490 = EDGE_LOOP ( 'NONE', ( #6583, #800, #6762, #4215 ) ) ;
#4491 = FACE_OUTER_BOUND ( 'NONE', #5889, .T. ) ;
#4492 = AXIS2_PLACEMENT_3D ( 'NONE', #6803, #3733, #2580 ) ;
#4493 = CARTESIAN_POINT ( 'NONE',  ( 3.462783069340739317, 1.000000000000000000, 0.05859902374380376172 ) ) ;
#4494 = EDGE_CURVE ( 'NONE', #6055, #6010, #6690, .T. ) ;
#4495 = DIRECTION ( 'NONE',  ( -0.000000000000000000, 1.000000000000000000, -0.000000000000000000 ) ) ;
#4496 = CARTESIAN_POINT ( 'NONE',  ( 0.000000000000000000, 0.000000000000000000, 0.000000000000000000 ) ) ;
#4497 = EDGE_LOOP ( 'NONE', ( #2398, #543, #5717, #2123 ) ) ;
#4498 = ORIENTED_EDGE ( 'NONE', *, *, #4046, .T. ) ;
#4499 = ORIENTED_EDGE ( 'NONE', *, *, #5128, .T. ) ;
#4500 = FACE_OUTER_BOUND ( 'NONE', #1575, .T. ) ;
#4501 = DIRECTION ( 'NONE',  ( 0.000000000000000000, 0.000000000000000000, 1.000000000000000000 ) ) ;
#4502 = CARTESIAN_POINT ( 'NONE',  ( -0.4340147425487534405, 0.5000000000000000000, 0.8000000000000000444 ) ) ;
#4503 = VERTEX_POINT ( 'NONE', #3712 ) ;
#4504 = LINE ( 'NONE', #5487, #1509 ) ;
#4505 = ORIENTED_EDGE ( 'NONE', *, *, #5856, .T. ) ;
#4506 = CARTESIAN_POINT ( 'NONE',  ( 0.000000000000000000, 0.5000000000000000000, -2.000000000000000000 ) ) ;
#4507 = LINE ( 'NONE', #2486, #6720 ) ;
#4508 = LINE ( 'NONE', #4581, #1552 ) ;
#4509 = CARTESIAN_POINT ( 'NONE',  ( -3.545307910843941812, 1.000000000000000000, -0.6251334396009859962 ) ) ;
#4510 = VERTEX_POINT ( 'NONE', #1995 ) ;
#4511 = DIRECTION ( 'NONE',  ( -0.8660254037844385966, -0.000000000000000000, 0.5000000000000002220 ) ) ;
#4512 = APPLICATION_PROTOCOL_DEFINITION ( 'draft international standard', 'automotive_design', 1998, #443 ) ;
#4513 = EDGE_LOOP ( 'NONE', ( #4352, #1098, #2160, #1392 ) ) ;
#4514 = CARTESIAN_POINT ( 'NONE',  ( 1.873500401103514568, 1.000000000000000000, -1.251728221555592491 ) ) ;
#4515 = CLOSED_SHELL ( 'NONE', ( #5474, #6503, #201, #1727, #5596, #5952, #6660, #4658, #3738, #2276, #5772, #6237, #5990, #6752, #4158, #3199, #4164, #347 ) ) ;
#4516 = EDGE_CURVE ( 'NONE', #5143, #481, #5727, .T. ) ;
#4517 = FACE_BOUND ( 'NONE', #2263, .T. ) ;
#4518 = EDGE_CURVE ( 'NONE', #296, #4602, #6291, .T. ) ;
#4519 = EDGE_LOOP ( 'NONE', ( #5777, #5964, #1580, #3015, #2522, #4441, #4055, #3807, #6104 ) ) ;
#4520 = CARTESIAN_POINT ( 'NONE',  ( 3.017691453624106845, 0.2500000000000000000, -1.973205080757108876 ) ) ;
#4521 = ADVANCED_FACE ( 'NONE', ( #2632 ), #4196, .F. ) ;
#4522 = FACE_OUTER_BOUND ( 'NONE', #3544, .T. ) ;
#4523 = VECTOR ( 'NONE', #111, 39.37007874015748143 ) ;
#4524 = CARTESIAN_POINT ( 'NONE',  ( -3.217691453623594988, 0.5000000000000000000, 1.626794919243334858 ) ) ;
#4525 = LINE ( 'NONE', #747, #6701 ) ;
#4526 = CARTESIAN_POINT ( 'NONE',  ( 0.2170073712743761651, -0.3499999999999999778, 0.3999999999999999667 ) ) ;
#4527 = VECTOR ( 'NONE', #6319, 39.37007874015748143 ) ;
#4528 = ORIENTED_EDGE ( 'NONE', *, *, #6247, .F. ) ;
#4529 = ADVANCED_FACE ( 'NONE', ( #4133 ), #1493, .F. ) ;
#4530 = VERTEX_POINT ( 'NONE', #2137 ) ;
#4531 = ORIENTED_EDGE ( 'NONE', *, *, #4560, .F. ) ;
#4532 = EDGE_CURVE ( 'NONE', #742, #5851, #1900, .T. ) ;
#4533 = DIRECTION ( 'NONE',  ( 0.000000000000000000, 0.000000000000000000, 1.000000000000000000 ) ) ;
#4534 = CIRCLE ( 'NONE', #4644, 0.2000000000000000389 ) ;
#4535 = CARTESIAN_POINT ( 'NONE',  ( 0.4340147425487536625, 0.000000000000000000, -2.200000000000000178 ) ) ;
#4536 = EDGE_LOOP ( 'NONE', ( #2225, #1762, #435, #3715, #654, #3035, #1620, #1835, #5132 ) ) ;
#4537 = CARTESIAN_POINT ( 'NONE',  ( 0.000000000000000000, 0.000000000000000000, 0.000000000000000000 ) ) ;
#4538 = CIRCLE ( 'NONE', #3329, 0.1999999999999999278 ) ;
#4539 = ORIENTED_EDGE ( 'NONE', *, *, #2832, .T. ) ;
#4540 = LINE ( 'NONE', #6149, #846 ) ;
#4541 = PRODUCT ( 'CoilWindingUnit', 'CoilWindingUnit', '', ( #1328 ) ) ;
#4542 = DIRECTION ( 'NONE',  ( 0.1842885350501853869, 0.000000000000000000, 0.9828721869343218787 ) ) ;
#4543 = CARTESIAN_POINT ( 'NONE',  ( -1.626794919242634752, 0.2500000000000000000, 3.217691453624107467 ) ) ;
#4544 = AXIS2_PLACEMENT_3D ( 'NONE', #5221, #1089, #424 ) ;
#4545 = FACE_OUTER_BOUND ( 'NONE', #4308, .T. ) ;
#4546 = ORIENTED_EDGE ( 'NONE', *, *, #6201, .F. ) ;
#4547 = DIRECTION ( 'NONE',  ( 0.000000000000000000, 1.000000000000000000, -0.000000000000000000 ) ) ;
#4548 = ORIENTED_EDGE ( 'NONE', *, *, #4887, .T. ) ;
#4549 = CIRCLE ( 'NONE', #1202, 0.2000000000000005940 ) ;
#4550 = CARTESIAN_POINT ( 'NONE',  ( 0.6590147425487534738, -0.5000000000000000000, -0.5999999999999999778 ) ) ;
#4551 = CARTESIAN_POINT ( 'NONE',  ( -1.081658159549176546, 0.000000000000000000, -1.964277073793397665 ) ) ;
#4552 = VECTOR ( 'NONE', #1254, 39.37007874015748143 ) ;
#4553 = EDGE_CURVE ( 'NONE', #2558, #3125, #1436, .T. ) ;
#4554 = ORIENTED_EDGE ( 'NONE', *, *, #219, .F. ) ;
#4555 = LINE ( 'NONE', #254, #2439 ) ;
#4556 = VECTOR ( 'NONE', #1670, 39.37007874015748143 ) ;
#4557 = DIRECTION ( 'NONE',  ( -0.7660444431189769032, -0.000000000000000000, -0.6427876096865406952 ) ) ;
#4558 = AXIS2_PLACEMENT_3D ( 'NONE', #3988, #1818, #6075 ) ;
#4559 = DIRECTION ( 'NONE',  ( -0.000000000000000000, 1.000000000000000000, -0.000000000000000000 ) ) ;
#4560 = EDGE_CURVE ( 'NONE', #3929, #5818, #934, .T. ) ;
#4561 = LINE ( 'NONE', #3489, #1334 ) ;
#4562 = CARTESIAN_POINT ( 'NONE',  ( -0.8555891799356180050, 0.000000000000000000, -3.363142292989961035 ) ) ;
#4563 = EDGE_CURVE ( 'NONE', #1447, #6563, #3080, .T. ) ;
#4564 = CIRCLE ( 'NONE', #2674, 0.5000000000000000000 ) ;
#4565 = VECTOR ( 'NONE', #3772, 39.37007874015748143 ) ;
#4566 = ORIENTED_EDGE ( 'NONE', *, *, #4935, .F. ) ;
#4567 = VERTEX_POINT ( 'NONE', #1608 ) ;
#4568 = ORIENTED_EDGE ( 'NONE', *, *, #1582, .F. ) ;
#4569 = LINE ( 'NONE', #3461, #5900 ) ;
#4570 = VECTOR ( 'NONE', #3159, 39.37007874015748854 ) ;
#4571 = CIRCLE ( 'NONE', #5568, 0.2000000000000000389 ) ;
#4572 = EDGE_CURVE ( 'NONE', #141, #2868, #1011, .T. ) ;
#4573 = CARTESIAN_POINT ( 'NONE',  ( 0.6305891799356178051, 0.5000000000000000000, 0.6368577070100370774 ) ) ;
#4574 = VERTEX_POINT ( 'NONE', #4715 ) ;
#4575 = DIRECTION ( 'NONE',  ( -0.5000000000000002220, 0.000000000000000000, 0.8660254037844385966 ) ) ;
#4576 = AXIS2_PLACEMENT_3D ( 'NONE', #6209, #2911, #1951 ) ;
#4577 = AXIS2_PLACEMENT_3D ( 'NONE', #4380, #3368, #691 ) ;
#4578 = VERTEX_POINT ( 'NONE', #5803 ) ;
#4579 = FACE_OUTER_BOUND ( 'NONE', #4633, .T. ) ;
#4580 = DIRECTION ( 'NONE',  ( -0.000000000000000000, 1.000000000000000000, -0.000000000000000000 ) ) ;
#4581 = CARTESIAN_POINT ( 'NONE',  ( 1.173205080757364627, 0.2500000000000000000, 1.632050807568749207 ) ) ;
#4582 = CIRCLE ( 'NONE', #5697, 0.2000000000000000389 ) ;
#4583 = ADVANCED_FACE ( 'NONE', ( #4748 ), #6884, .T. ) ;
#4584 = DIRECTION ( 'NONE',  ( 0.000000000000000000, 1.000000000000000000, -0.000000000000000000 ) ) ;
#4585 = EDGE_CURVE ( 'NONE', #2637, #4337, #983, .T. ) ;
#4586 = DIRECTION ( 'NONE',  ( -0.000000000000000000, 0.000000000000000000, 1.000000000000000000 ) ) ;
#4587 = CONTEXT_DEPENDENT_SHAPE_REPRESENTATION ( #3045, #1295 ) ;
#4588 = ORIENTED_EDGE ( 'NONE', *, *, #4750, .T. ) ;
#4589 = FACE_OUTER_BOUND ( 'NONE', #1827, .T. ) ;
#4590 = CARTESIAN_POINT ( 'NONE',  ( 0.000000000000000000, 0.5000000000000000000, 0.000000000000000000 ) ) ;
#4591 = LINE ( 'NONE', #3579, #2560 ) ;
#4592 = ORIENTED_EDGE ( 'NONE', *, *, #4692, .F. ) ;
#4593 = DIRECTION ( 'NONE',  ( 0.5000000000000037748, 0.000000000000000000, -0.8660254037844364872 ) ) ;
#4594 = CARTESIAN_POINT ( 'NONE',  ( 0.1472782379492916793, 0.000000000000000000, 2.248363052133775852 ) ) ;
#4595 = LINE ( 'NONE', #2047, #994 ) ;
#4596 = DIRECTION ( 'NONE',  ( -0.1842885350501851371, 0.000000000000000000, 0.9828721869343218787 ) ) ;
#4597 = LINE ( 'NONE', #2507, #2182 ) ;
#4598 = CARTESIAN_POINT ( 'NONE',  ( 1.138789811728823320, 2.678964839118207042, 3.859618756977697185 ) ) ;
#4599 = EDGE_CURVE ( 'NONE', #2111, #6263, #6816, .T. ) ;
#4600 =( REPRESENTATION_RELATIONSHIP ('NONE','NONE', #880, #6553 ) REPRESENTATION_RELATIONSHIP_WITH_TRANSFORMATION ( #381 )SHAPE_REPRESENTATION_RELATIONSHIP( ) );
#4601 = VERTEX_POINT ( 'NONE', #971 ) ;
#4602 = VERTEX_POINT ( 'NONE', #3120 ) ;
#4603 = AXIS2_PLACEMENT_3D ( 'NONE', #2053, #3477, #1290 ) ;
#4604 = ADVANCED_FACE ( 'NONE', ( #5243 ), #3819, .F. ) ;
#4605 = CARTESIAN_POINT ( 'NONE',  ( 0.000000000000000000, 0.000000000000000000, 0.5000000000000000000 ) ) ;
#4606 = CARTESIAN_POINT ( 'NONE',  ( -3.217691453623852560, 0.2500000000000000000, -1.626794919242888549 ) ) ;
#4607 = CARTESIAN_POINT ( 'NONE',  ( -2.614979001592735219, 0.000000000000000000, 2.270723508515657851 ) ) ;
#4608 = VERTEX_POINT ( 'NONE', #582 ) ;
#4609 = CARTESIAN_POINT ( 'NONE',  ( 3.460620106547131147, 0.000000000000000000, 0.2585873273816753914 ) ) ;
#4610 = ORIENTED_EDGE ( 'NONE', *, *, #6158, .F. ) ;
#4611 = ADVANCED_FACE ( 'NONE', ( #5384 ), #3889, .F. ) ;
#4612 = DIRECTION ( 'NONE',  ( 0.8660254037844385966, 0.000000000000000000, 0.4999999999999998335 ) ) ;
#4613 = CARTESIAN_POINT ( 'NONE',  ( -1.632050807568493633, 0.2500000000000000000, 1.173205080757109720 ) ) ;
#4614 = SURFACE_STYLE_FILL_AREA ( #1460 ) ;
#4615 = DIRECTION ( 'NONE',  ( 0.000000000000000000, 0.000000000000000000, -1.000000000000000000 ) ) ;
#4616 = CONTEXT_DEPENDENT_SHAPE_REPRESENTATION ( #2104, #3602 ) ;
#4617 = ORIENTED_EDGE ( 'NONE', *, *, #898, .T. ) ;
#4618 = ADVANCED_FACE ( 'NONE', ( #2702 ), #3854, .F. ) ;
#4619 = DIRECTION ( 'NONE',  ( -1.000000000000000000, -0.000000000000000000, -0.000000000000000000 ) ) ;
#4620 = EDGE_CURVE ( 'NONE', #4205, #233, #1184, .T. ) ;
#4621 = CARTESIAN_POINT ( 'NONE',  ( 1.558041587762013735, 0.000000000000000000, 1.627677395670831251 ) ) ;
#4622 = CARTESIAN_POINT ( 'NONE',  ( 1.973205080757365115, 0.2500000000000000000, 3.017691453623850606 ) ) ;
#4623 = VECTOR ( 'NONE', #3814, 39.37007874015748143 ) ;
#4624 = VERTEX_POINT ( 'NONE', #4341 ) ;
#4625 = CARTESIAN_POINT ( 'NONE',  ( 1.832050807569004736, 0.2500000000000000000, -0.8267949192433337036 ) ) ;
#4626 = CARTESIAN_POINT ( 'NONE',  ( 1.973205080757365115, 0.2500000000000000000, 3.017691453623850606 ) ) ;
#4627 = DIRECTION ( 'NONE',  ( 1.000000000000000000, 0.000000000000000000, -3.414809992080328530E-16 ) ) ;
#4628 = VECTOR ( 'NONE', #1027, 39.37007874015748143 ) ;
#4629 = CARTESIAN_POINT ( 'NONE',  ( 1.626794919243146120, 0.2500000000000000000, -3.217691453624107467 ) ) ;
#4630 = LINE ( 'NONE', #2965, #273 ) ;
#4631 = UNCERTAINTY_MEASURE_WITH_UNIT (LENGTH_MEASURE( 1.000000000000000082E-05 ), #6498, 'distance_accuracy_value', 'NONE');
#4632 = EDGE_LOOP ( 'NONE', ( #6636, #3442, #1031, #5587 ) ) ;
#4633 = EDGE_LOOP ( 'NONE', ( #735, #166, #5046, #4860 ) ) ;
#4634 = ORIENTED_EDGE ( 'NONE', *, *, #5321, .T. ) ;
#4635 = CIRCLE ( 'NONE', #4866, 0.2000000000000000389 ) ;
#4636 = CARTESIAN_POINT ( 'NONE',  ( -0.3295073712743766259, 0.3500000000000000333, -0.4000000000000000222 ) ) ;
#4637 = VECTOR ( 'NONE', #1603, 39.37007874015748143 ) ;
#4638 = CIRCLE ( 'NONE', #2627, 0.2000000000000000389 ) ;
#4639 = CARTESIAN_POINT ( 'NONE',  ( 1.973205080757365115, 0.5000000000000000000, 3.017691453623850606 ) ) ;
#4640 = DIRECTION ( 'NONE',  ( 0.7729512718726267995, 0.000000000000000000, -0.6344653901596907231 ) ) ;
#4641 = EDGE_CURVE ( 'NONE', #5057, #4213, #5453, .T. ) ;
#4642 = VERTEX_POINT ( 'NONE', #4857 ) ;
#4643 = DIRECTION ( 'NONE',  ( 0.9999415181893573923, 0.000000000000000000, -0.01081481396801905852 ) ) ;
#4644 = AXIS2_PLACEMENT_3D ( 'NONE', #565, #5883, #3793 ) ;
#4645 = CARTESIAN_POINT ( 'NONE',  ( -0.3295073712743766259, -0.3500000000000000333, -0.4000000000000000222 ) ) ;
#4646 = DIRECTION ( 'NONE',  ( -0.000000000000000000, 1.000000000000000000, -0.000000000000000000 ) ) ;
#4647 =( NAMED_UNIT ( * ) PLANE_ANGLE_UNIT ( ) SI_UNIT ( $, .RADIAN. ) );
#4648 = ORIENTED_EDGE ( 'NONE', *, *, #2312, .F. ) ;
#4649 = DIRECTION ( 'NONE',  ( 1.000000000000000000, 0.000000000000000000, -2.774533118565266499E-16 ) ) ;
#4650 = EDGE_LOOP ( 'NONE', ( #1406, #5947, #1416, #5500 ) ) ;
#4651 = ORIENTED_EDGE ( 'NONE', *, *, #6282, .T. ) ;
#4652 = CARTESIAN_POINT ( 'NONE',  ( -1.949058178843259270, 1.000000000000000000, 0.6241322073357992162 ) ) ;
#4653 = AXIS2_PLACEMENT_3D ( 'NONE', #5241, #5274, #1992 ) ;
#4654 = PRODUCT_DEFINITION_SHAPE ( 'NONE', 'NONE',  #6273 ) ;
#4655 = EDGE_CURVE ( 'NONE', #2784, #5494, #4304, .T. ) ;
#4656 = CARTESIAN_POINT ( 'NONE',  ( -2.817205532429103432, 0.000000000000000000, -2.026354341118929980 ) ) ;
#4657 = EDGE_CURVE ( 'NONE', #498, #3160, #4901, .T. ) ;
#4658 = ADVANCED_FACE ( 'NONE', ( #617 ), #2204, .F. ) ;
#4659 = ORIENTED_EDGE ( 'NONE', *, *, #3908, .F. ) ;
#4660 = DIRECTION ( 'NONE',  ( 0.000000000000000000, 1.000000000000000000, 0.000000000000000000 ) ) ;
#4661 = DIRECTION ( 'NONE',  ( 0.000000000000000000, 0.000000000000000000, 1.000000000000000000 ) ) ;
#4662 = VECTOR ( 'NONE', #590, 39.37007874015748143 ) ;
#4663 = ADVANCED_FACE ( 'NONE', ( #3295 ), #2774, .F. ) ;
#4664 = LINE ( 'NONE', #6271, #5922 ) ;
#4665 = CARTESIAN_POINT ( 'NONE',  ( 1.832050807569260531, 0.2500000000000000000, 0.8267949192428909466 ) ) ;
#4666 = ORIENTED_EDGE ( 'NONE', *, *, #5632, .T. ) ;
#4667 = EDGE_LOOP ( 'NONE', ( #2841, #2416, #6005, #5171 ) ) ;
#4668 = VECTOR ( 'NONE', #3220, 39.37007874015748143 ) ;
#4669 = EDGE_LOOP ( 'NONE', ( #5991, #3937, #4427, #3208 ) ) ;
#4670 = FACE_OUTER_BOUND ( 'NONE', #5129, .T. ) ;
#4671 = VECTOR ( 'NONE', #4207, 39.37007874015748143 ) ;
#4672 = AXIS2_PLACEMENT_3D ( 'NONE', #5710, #884, #3097 ) ;
#4673 = DIRECTION ( 'NONE',  ( 0.8660254037844385966, 0.000000000000000000, 0.5000000000000001110 ) ) ;
#4674 = VERTEX_POINT ( 'NONE', #5908 ) ;
#4675 = CARTESIAN_POINT ( 'NONE',  ( 0.1472782379492916793, 0.000000000000000000, 2.248363052133775852 ) ) ;
#4676 = ORIENTED_EDGE ( 'NONE', *, *, #4437, .F. ) ;
#4677 = MECHANICAL_DESIGN_GEOMETRIC_PRESENTATION_REPRESENTATION (  '', ( #2678 ), #6026 ) ;
#4678 = VECTOR ( 'NONE', #1192, 39.37007874015748143 ) ;
#4679 = DIRECTION ( 'NONE',  ( -0.000000000000000000, 1.000000000000000000, -0.000000000000000000 ) ) ;
#4680 = DIRECTION ( 'NONE',  ( 0.000000000000000000, 0.000000000000000000, -1.000000000000000000 ) ) ;
#4681 = ADVANCED_FACE ( 'NONE', ( #2246 ), #1216, .F. ) ;
#4682 = ORIENTED_EDGE ( 'NONE', *, *, #338, .T. ) ;
#4683 = CIRCLE ( 'NONE', #220, 0.1999999999999997891 ) ;
#4684 = VECTOR ( 'NONE', #5155, 39.37007874015748143 ) ;
#4685 = LINE ( 'NONE', #5208, #4743 ) ;
#4686 = ORIENTED_EDGE ( 'NONE', *, *, #83, .F. ) ;
#4687 = ORIENTED_EDGE ( 'NONE', *, *, #2393, .F. ) ;
#4688 = ADVANCED_FACE ( 'NONE', ( #1114 ), #500, .F. ) ;
#4689 = CARTESIAN_POINT ( 'NONE',  ( 0.3486279233011423395, -0.3499999999999999778, 0.3634288535050185232 ) ) ;
#4690 = AXIS2_PLACEMENT_3D ( 'NONE', #4360, #1662, #1129 ) ;
#4691 = FACE_OUTER_BOUND ( 'NONE', #5021, .T. ) ;
#4692 = EDGE_CURVE ( 'NONE', #4769, #279, #5790, .T. ) ;
#4693 = CARTESIAN_POINT ( 'NONE',  ( 0.2503407046077100739, 0.3499999999999999778, 0.3450000000000000289 ) ) ;
#4694 = AXIS2_PLACEMENT_3D ( 'NONE', #2155, #3764, #85 ) ;
#4695 = ORIENTED_EDGE ( 'NONE', *, *, #3830, .F. ) ;
#4696 = CARTESIAN_POINT ( 'NONE',  ( 0.2170073712743769700, 0.3500000000000000333, 0.2999999999999999889 ) ) ;
#4697 = LINE ( 'NONE', #491, #4890 ) ;
#4698 = EDGE_CURVE ( 'NONE', #4852, #5702, #4770, .T. ) ;
#4699 = CARTESIAN_POINT ( 'NONE',  ( -0.3795073712743768368, 0.3499999999999999778, -0.3438888888888888551 ) ) ;
#4700 = LINE ( 'NONE', #6834, #1564 ) ;
#4701 = CARTESIAN_POINT ( 'NONE',  ( -3.460620106547134700, 0.000000000000000000, 0.2585873273816295947 ) ) ;
#4702 = ORIENTED_EDGE ( 'NONE', *, *, #1364, .T. ) ;
#4703 = ORIENTED_EDGE ( 'NONE', *, *, #2306, .T. ) ;
#4704 = EDGE_LOOP ( 'NONE', ( #4103, #1695, #3709, #4943, #4999, #1167, #3726, #5372 ) ) ;
#4705 = FACE_OUTER_BOUND ( 'NONE', #2795, .T. ) ;
#4706 = EDGE_CURVE ( 'NONE', #4503, #3987, #2161, .T. ) ;
#4707 = EDGE_CURVE ( 'NONE', #2038, #3936, #1002, .T. ) ;
#4708 = EDGE_CURVE ( 'NONE', #5412, #4468, #6806, .T. ) ;
#4709 = CARTESIAN_POINT ( 'NONE',  ( 3.117691453624362286, 0.2500000000000000000, 1.799999999999778444 ) ) ;
#4710 = ORIENTED_EDGE ( 'NONE', *, *, #5729, .T. ) ;
#4711 = FACE_OUTER_BOUND ( 'NONE', #5514, .T. ) ;
#4712 = ORIENTED_EDGE ( 'NONE', *, *, #1362, .T. ) ;
#4713 = FACE_OUTER_BOUND ( 'NONE', #4028, .T. ) ;
#4714 = CARTESIAN_POINT ( 'NONE',  ( 1.973205080757365115, 0.2500000000000000000, 3.017691453623850606 ) ) ;
#4715 = CARTESIAN_POINT ( 'NONE',  ( -0.4277945899678088915, 0.3500000000000000333, -0.2815711464949814946 ) ) ;
#4716 = AXIS2_PLACEMENT_3D ( 'NONE', #893, #3036, #1000 ) ;
#4717 = FACE_OUTER_BOUND ( 'NONE', #5191, .T. ) ;
#4718 = VERTEX_POINT ( 'NONE', #6314 ) ;
#4719 = DIRECTION ( 'NONE',  ( 0.5000000000000005551, 0.000000000000000000, 0.8660254037844383745 ) ) ;
#4720 = VERTEX_POINT ( 'NONE', #4258 ) ;
#4721 = DIRECTION ( 'NONE',  ( 0.1736481776669406007, 0.000000000000000000, -0.9848077530122062440 ) ) ;
#4722 = LINE ( 'NONE', #2145, #3662 ) ;
#4723 = CARTESIAN_POINT ( 'NONE',  ( 1.285575219373081168, 0.000000000000000000, -1.532088886237954473 ) ) ;
#4724 = VERTEX_POINT ( 'NONE', #3147 ) ;
#4725 = DIRECTION ( 'NONE',  ( 0.000000000000000000, 0.000000000000000000, -1.000000000000000000 ) ) ;
#4726 = LINE ( 'NONE', #1586, #3653 ) ;
#4727 = CARTESIAN_POINT ( 'NONE',  ( -3.447198824898366265, 1.000000000000000000, 1.229276491484287082 ) ) ;
#4728 = LINE ( 'NONE', #3203, #2074 ) ;
#4729 = PRODUCT_DEFINITION ( 'UNKNOWN', '', #2043, #3101 ) ;
#4730 = ORIENTED_EDGE ( 'NONE', *, *, #6410, .T. ) ;
#4731 = DIRECTION ( 'NONE',  ( 1.000000000000000000, 0.000000000000000000, -3.491481338843133355E-15 ) ) ;
#4732 = EDGE_CURVE ( 'NONE', #1028, #5340, #5754, .T. ) ;
#4733 = ORIENTED_EDGE ( 'NONE', *, *, #5276, .F. ) ;
#4734 = EDGE_LOOP ( 'NONE', ( #5881, #1685, #4925, #3648 ) ) ;
#4735 = DIRECTION ( 'NONE',  ( 0.000000000000000000, 0.000000000000000000, -1.000000000000000000 ) ) ;
#4736 = AXIS2_PLACEMENT_3D ( 'NONE', #230, #6562, #6041 ) ;
#4737 = CARTESIAN_POINT ( 'NONE',  ( 6.123233995736766036E-17, 0.000000000000000000, -0.5000000000000000000 ) ) ;
#4738 = DIRECTION ( 'NONE',  ( 0.000000000000000000, 1.232595164407830946E-32, 1.000000000000000222 ) ) ;
#4739 = EDGE_CURVE ( 'NONE', #2741, #284, #1032, .T. ) ;
#4740 = ADVANCED_FACE ( 'NONE', ( #4705 ), #3177, .F. ) ;
#4741 = PLANE ( 'NONE',  #1795 ) ;
#4742 = DIRECTION ( 'NONE',  ( -0.000000000000000000, -1.000000000000000000, -0.000000000000000000 ) ) ;
#4743 = VECTOR ( 'NONE', #2492, 39.37007874015748143 ) ;
#4744 = EDGE_CURVE ( 'NONE', #5169, #2294, #2583, .T. ) ;
#4745 = VERTEX_POINT ( 'NONE', #2688 ) ;
#4746 = ADVANCED_FACE ( 'NONE', ( #1482 ), #2056, .F. ) ;
#4747 = FACE_OUTER_BOUND ( 'NONE', #5450, .T. ) ;
#4748 = FACE_OUTER_BOUND ( 'NONE', #110, .T. ) ;
#4749 = EDGE_CURVE ( 'NONE', #1924, #5154, #5892, .T. ) ;
#4750 = EDGE_CURVE ( 'NONE', #2249, #2941, #3468, .T. ) ;
#4751 = FACE_OUTER_BOUND ( 'NONE', #2336, .T. ) ;
#4752 = ORIENTED_EDGE ( 'NONE', *, *, #1521, .T. ) ;
#4753 = DIRECTION ( 'NONE',  ( -0.000000000000000000, -1.000000000000000000, -0.000000000000000000 ) ) ;
#4754 = CIRCLE ( 'NONE', #4201, 0.2000000000000000389 ) ;
#4755 = DIRECTION ( 'NONE',  ( 0.4999999999999987232, 0.000000000000000000, -0.8660254037844393737 ) ) ;
#4756 = CARTESIAN_POINT ( 'NONE',  ( -0.5435971967451100895, 0.000000000000000000, 3.420351227372337988 ) ) ;
#4757 = PLANE ( 'NONE',  #5602 ) ;
#4758 = ORIENTED_EDGE ( 'NONE', *, *, #4064, .F. ) ;
#4759 = AXIS2_PLACEMENT_3D ( 'NONE', #2177, #2743, #1725 ) ;
#4760 = CARTESIAN_POINT ( 'NONE',  ( 0.8555891799356177829, 0.000000000000000000, -3.363142292989961035 ) ) ;
#4761 = DIRECTION ( 'NONE',  ( 0.000000000000000000, 0.000000000000000000, 1.000000000000000000 ) ) ;
#4762 = EDGE_CURVE ( 'NONE', #4456, #6664, #2089, .T. ) ;
#4763 = AXIS2_PLACEMENT_3D ( 'NONE', #3615, #1548, #2080 ) ;
#4764 = CARTESIAN_POINT ( 'NONE',  ( 0.4277945899678090580, -0.3500000000000000333, -0.2815711464949816056 ) ) ;
#4765 = DIRECTION ( 'NONE',  ( -0.9433365500833815753, 0.000000000000000000, -0.3318375404874855938 ) ) ;
#4766 = ORIENTED_EDGE ( 'NONE', *, *, #3869, .F. ) ;
#4767 = DIRECTION ( 'NONE',  ( 0.4999999999999949485, 0.000000000000000000, -0.8660254037844415942 ) ) ;
#4768 = ORIENTED_EDGE ( 'NONE', *, *, #2258, .T. ) ;
#4769 = VERTEX_POINT ( 'NONE', #4217 ) ;
#4770 = LINE ( 'NONE', #469, #5786 ) ;
#4771 = APPLICATION_CONTEXT ( 'automotive_design' ) ;
#4772 = AXIS2_PLACEMENT_3D ( 'NONE', #5498, #123, #1200 ) ;
#4773 = FACE_OUTER_BOUND ( 'NONE', #2366, .T. ) ;
#4774 = EDGE_CURVE ( 'NONE', #2872, #2598, #1557, .T. ) ;
#4775 = PLANE ( 'NONE',  #2914 ) ;
#4776 = LINE ( 'NONE', #5271, #1494 ) ;
#4777 = AXIS2_PLACEMENT_3D ( 'NONE', #2851, #624, #180 ) ;
#4778 = LINE ( 'NONE', #3048, #4637 ) ;
#4779 = VERTEX_POINT ( 'NONE', #5855 ) ;
#4780 = CARTESIAN_POINT ( 'NONE',  ( 0.000000000000000000, 0.5000000000000000000, -4.000000000000000000 ) ) ;
#4781 = PLANE ( 'NONE',  #3119 ) ;
#4782 = AXIS2_PLACEMENT_3D ( 'NONE', #4993, #3023, #5534 ) ;
#4783 = CIRCLE ( 'NONE', #3907, 0.2000000000000000389 ) ;
#4784 = ADVANCED_FACE ( 'NONE', ( #3623 ), #3770, .F. ) ;
#4785 = DIRECTION ( 'NONE',  ( 0.000000000000000000, 1.000000000000000000, -0.000000000000000000 ) ) ;
#4786 = EDGE_CURVE ( 'NONE', #3825, #2989, #5373, .T. ) ;
#4787 = LINE ( 'NONE', #2666, #6355 ) ;
#4788 = ORIENTED_EDGE ( 'NONE', *, *, #4887, .F. ) ;
#4789 = FACE_OUTER_BOUND ( 'NONE', #940, .T. ) ;
#4790 = AXIS2_PLACEMENT_3D ( 'NONE', #3263, #2634, #3121 ) ;
#4791 = VECTOR ( 'NONE', #6693, 39.37007874015748143 ) ;
#4792 = EDGE_LOOP ( 'NONE', ( #5206, #5680, #2399, #2859 ) ) ;
#4793 = CONTEXT_DEPENDENT_SHAPE_REPRESENTATION ( #2324, #3999 ) ;
#4794 = DIRECTION ( 'NONE',  ( 0.000000000000000000, 1.000000000000000000, 0.000000000000000000 ) ) ;
#4795 = EDGE_CURVE ( 'NONE', #1329, #3408, #3387, .T. ) ;
#4796 = AXIS2_PLACEMENT_3D ( 'NONE', #2980, #865, #830 ) ;
#4797 = ADVANCED_FACE ( 'NONE', ( #2194 ), #193, .T. ) ;
#4798 = AXIS2_PLACEMENT_3D ( 'NONE', #6153, #5555, #310 ) ;
#4799 = DIRECTION ( 'NONE',  ( -1.000000000000000000, 0.000000000000000000, 1.573591704294117338E-16 ) ) ;
#4800 = ORIENTED_EDGE ( 'NONE', *, *, #1811, .F. ) ;
#4801 = VERTEX_POINT ( 'NONE', #5473 ) ;
#4802 = VECTOR ( 'NONE', #1636, 39.37007874015748143 ) ;
#4803 = CARTESIAN_POINT ( 'NONE',  ( 3.600000000000254996, 0.5000000000000000000, -0.2000000000002555012 ) ) ;
#4804 = LINE ( 'NONE', #4208, #2885 ) ;
#4805 = CIRCLE ( 'NONE', #4371, 0.2000000000000000389 ) ;
#4806 = CARTESIAN_POINT ( 'NONE',  ( 0.3795073712743766148, -0.3499999999999999778, -0.4438888888888889439 ) ) ;
#4807 = FACE_OUTER_BOUND ( 'NONE', #2069, .T. ) ;
#4808 = ORIENTED_EDGE ( 'NONE', *, *, #6409, .F. ) ;
#4809 = CARTESIAN_POINT ( 'NONE',  ( 2.538789811728842327, 2.928964839118206598, 6.284489887574114420 ) ) ;
#4810 = VERTEX_POINT ( 'NONE', #6492 ) ;
#4811 = ORIENTED_EDGE ( 'NONE', *, *, #3138, .F. ) ;
#4812 = DIRECTION ( 'NONE',  ( -0.5000000000000001110, 0.000000000000000000, 0.8660254037844385966 ) ) ;
#4813 = AXIS2_PLACEMENT_3D ( 'NONE', #5715, #3701, #2614 ) ;
#4814 = LINE ( 'NONE', #4399, #5020 ) ;
#4815 = CARTESIAN_POINT ( 'NONE',  ( 1.091880737536685908, 0.000000000000000000, 1.730943457119846318 ) ) ;
#4816 = CARTESIAN_POINT ( 'NONE',  ( 0.4340147425487536625, 0.000000000000000000, -2.200000000000000178 ) ) ;
#4817 = LINE ( 'NONE', #3216, #283 ) ;
#4818 = ORIENTED_EDGE ( 'NONE', *, *, #1239, .F. ) ;
#4819 = ORIENTED_EDGE ( 'NONE', *, *, #4744, .F. ) ;
#4820 = FACE_OUTER_BOUND ( 'NONE', #4650, .T. ) ;
#4821 = CARTESIAN_POINT ( 'NONE',  ( 1.632050807569004780, 0.5000000000000000000, -1.173205080757109053 ) ) ;
#4822 =( REPRESENTATION_RELATIONSHIP ('NONE','NONE', #3481, #5835 ) REPRESENTATION_RELATIONSHIP_WITH_TRANSFORMATION ( #4864 )SHAPE_REPRESENTATION_RELATIONSHIP( ) );
#4823 = CARTESIAN_POINT ( 'NONE',  ( -1.332398236215194931, 0.000000000000000000, 1.817014648731372528 ) ) ;
#4824 = ORIENTED_EDGE ( 'NONE', *, *, #6194, .F. ) ;
#4825 = CYLINDRICAL_SURFACE ( 'NONE', #6645, 0.2000000000000000389 ) ;
#4826 = EDGE_LOOP ( 'NONE', ( #1836, #5236, #3700, #3289, #3154, #144, #1984, #6679, #6128 ) ) ;
#4827 = EDGE_CURVE ( 'NONE', #3072, #4852, #4398, .T. ) ;
#4828 = CARTESIAN_POINT ( 'NONE',  ( -2.122263259600148722, 0.000000000000000000, 0.7241322073357965294 ) ) ;
#4829 = LINE ( 'NONE', #1793, #4115 ) ;
#4830 = DIRECTION ( 'NONE',  ( 0.1842885350501853592, -0.000000000000000000, -0.9828721869343218787 ) ) ;
#4831 = DIRECTION ( 'NONE',  ( 0.000000000000000000, 1.000000000000000000, -0.000000000000000000 ) ) ;
#4832 = ORIENTED_EDGE ( 'NONE', *, *, #360, .T. ) ;
#4833 = ADVANCED_FACE ( 'NONE', ( #1264 ), #2266, .F. ) ;
#4834 = EDGE_CURVE ( 'NONE', #279, #696, #743, .T. ) ;
#4835 = ORIENTED_EDGE ( 'NONE', *, *, #2312, .T. ) ;
#4836 = EDGE_CURVE ( 'NONE', #4913, #1324, #6014, .T. ) ;
#4837 = FACE_OUTER_BOUND ( 'NONE', #3290, .T. ) ;
#4838 = LINE ( 'NONE', #2117, #4209 ) ;
#4839 = CARTESIAN_POINT ( 'NONE',  ( -3.462783069340739317, 0.000000000000000000, 0.05859902374375813849 ) ) ;
#4840 = CARTESIAN_POINT ( 'NONE',  ( 2.020778639052820846, 0.000000000000000000, -0.9966348305781737027 ) ) ;
#4841 = UNCERTAINTY_MEASURE_WITH_UNIT (LENGTH_MEASURE( 1.000000000000000082E-05 ), #2586, 'distance_accuracy_value', 'NONE');
#4842 = VERTEX_POINT ( 'NONE', #1171 ) ;
#4843 = APPLICATION_PROTOCOL_DEFINITION ( 'draft international standard', 'automotive_design', 1998, #2870 ) ;
#4844 = ORIENTED_EDGE ( 'NONE', *, *, #4708, .F. ) ;
#4845 = ORIENTED_EDGE ( 'NONE', *, *, #3480, .T. ) ;
#4846 = DIRECTION ( 'NONE',  ( 0.000000000000000000, 0.000000000000000000, 1.000000000000000000 ) ) ;
#4847 = LINE ( 'NONE', #2764, #3352 ) ;
#4848 = CARTESIAN_POINT ( 'NONE',  ( 0.000000000000000000, 0.2500000000000000000, 0.000000000000000000 ) ) ;
#4849 = LINE ( 'NONE', #6388, #6741 ) ;
#4850 = EDGE_CURVE ( 'NONE', #4396, #6372, #6033, .T. ) ;
#4851 = FACE_OUTER_BOUND ( 'NONE', #5962, .T. ) ;
#4852 = VERTEX_POINT ( 'NONE', #681 ) ;
#4853 = EDGE_LOOP ( 'NONE', ( #2823, #913, #3423, #1110 ) ) ;
#4854 = AXIS2_PLACEMENT_3D ( 'NONE', #1140, #4335, #3287 ) ;
#4855 = DIRECTION ( 'NONE',  ( -0.000000000000000000, -1.000000000000000000, -0.000000000000000000 ) ) ;
#4856 =( NAMED_UNIT ( * ) SI_UNIT ( $, .STERADIAN. ) SOLID_ANGLE_UNIT ( ) );
#4857 = CARTESIAN_POINT ( 'NONE',  ( 0.1999999999999999278, 0.2500000000000000000, -0.8000000000000000444 ) ) ;
#4858 = CIRCLE ( 'NONE', #942, 4.000000000000000000 ) ;
#4859 = DIRECTION ( 'NONE',  ( -0.8660254037844389297, 0.000000000000000000, -0.4999999999999993894 ) ) ;
#4860 = ORIENTED_EDGE ( 'NONE', *, *, #2907, .T. ) ;
#4861 = EDGE_CURVE ( 'NONE', #1746, #4842, #6523, .T. ) ;
#4862 = LINE ( 'NONE', #6899, #3193 ) ;
#4863 = VERTEX_POINT ( 'NONE', #6557 ) ;
#4864 = ITEM_DEFINED_TRANSFORMATION ( 'NONE', 'NONE', #1012,  #5255 ) ;
#4865 = CARTESIAN_POINT ( 'NONE',  ( -1.999999999999744649, 0.2500000000000000000, -0.1999999999997443545 ) ) ;
#4866 = AXIS2_PLACEMENT_3D ( 'NONE', #1166, #2224, #5437 ) ;
#4867 = EDGE_CURVE ( 'NONE', #530, #6790, #3320, .T. ) ;
#4868 = CARTESIAN_POINT ( 'NONE',  ( 3.447198824898349834, 1.000000000000000000, 1.229276491484335043 ) ) ;
#4869 = CARTESIAN_POINT ( 'NONE',  ( 4.898587196589412829E-16, 0.5000000000000000000, 4.000000000000000000 ) ) ;
#4870 = DIRECTION ( 'NONE',  ( -0.000000000000000000, -1.000000000000000000, -0.000000000000000000 ) ) ;
#4871 = ORIENTED_EDGE ( 'NONE', *, *, #2655, .F. ) ;
#4872 = VECTOR ( 'NONE', #6441, 39.37007874015748143 ) ;
#4873 = EDGE_CURVE ( 'NONE', #4602, #2903, #1238, .T. ) ;
#4874 = VERTEX_POINT ( 'NONE', #642 ) ;
#4875 = DIRECTION ( 'NONE',  ( 0.000000000000000000, -0.000000000000000000, 1.000000000000000000 ) ) ;
#4876 = CARTESIAN_POINT ( 'NONE',  ( 2.091211187502687530, 0.000000000000000000, -0.8094470742508508287 ) ) ;
#4877 = ADVANCED_FACE ( 'NONE', ( #3878, #5442 ), #1772, .F. ) ;
#4878 = EDGE_CURVE ( 'NONE', #5529, #5169, #6064, .T. ) ;
#4879 = CARTESIAN_POINT ( 'NONE',  ( -2.484772072303366830, 0.000000000000000000, 2.422533111522297666 ) ) ;
#4880 = CARTESIAN_POINT ( 'NONE',  ( 1.969615506024417151, 0.000000000000000000, -0.3472963553338550002 ) ) ;
#4881 = VECTOR ( 'NONE', #5113, 39.37007874015748854 ) ;
#4882 = ORIENTED_EDGE ( 'NONE', *, *, #3940, .T. ) ;
#4883 = SHAPE_DEFINITION_REPRESENTATION ( #795, #6769 ) ;
#4884 = VERTEX_POINT ( 'NONE', #4886 ) ;
#4885 = ORIENTED_EDGE ( 'NONE', *, *, #11, .T. ) ;
#4886 = CARTESIAN_POINT ( 'NONE',  ( 0.4277945899678090580, 0.3500000000000000333, -0.2815711464949816056 ) ) ;
#4887 = EDGE_CURVE ( 'NONE', #3936, #4910, #708, .T. ) ;
#4888 = EDGE_CURVE ( 'NONE', #6716, #2273, #3808, .T. ) ;
#4889 = DIRECTION ( 'NONE',  ( 0.000000000000000000, -0.000000000000000000, 1.000000000000000000 ) ) ;
#4890 = VECTOR ( 'NONE', #4249, 39.37007874015748143 ) ;
#4891 = ADVANCED_FACE ( 'NONE', ( #3283 ), #1206, .F. ) ;
#4892 =( NAMED_UNIT ( * ) PLANE_ANGLE_UNIT ( ) SI_UNIT ( $, .RADIAN. ) );
#4893 = DIRECTION ( 'NONE',  ( -1.000000000000000000, 0.000000000000000000, 0.000000000000000000 ) ) ;
#4894 = CARTESIAN_POINT ( 'NONE',  ( -2.484772072303366830, 0.000000000000000000, 2.422533111522297222 ) ) ;
#4895 = CARTESIAN_POINT ( 'NONE',  ( 0.2000000000005106582, 0.5000000000000000000, 2.000000000000000000 ) ) ;
#4896 = VERTEX_POINT ( 'NONE', #4959 ) ;
#4897 = CIRCLE ( 'NONE', #1873, 4.000000000000000000 ) ;
#4898 = ORIENTED_EDGE ( 'NONE', *, *, #4707, .T. ) ;
#4899 = DIRECTION ( 'NONE',  ( 0.000000000000000000, -0.000000000000000000, 1.000000000000000000 ) ) ;
#4900 = DIRECTION ( 'NONE',  ( 0.7590480150331945230, 0.000000000000000000, 0.6510346464468441674 ) ) ;
#4901 = LINE ( 'NONE', #1645, #5120 ) ;
#4902 = VECTOR ( 'NONE', #2818, 39.37007874015748143 ) ;
#4903 = EDGE_LOOP ( 'NONE', ( #6003, #4300, #2181, #6349, #6449, #2168, #3281, #2650 ) ) ;
#4904 = CARTESIAN_POINT ( 'NONE',  ( 0.3295073712743767924, -0.3500000000000000333, -0.4000000000000000777 ) ) ;
#4905 = EDGE_LOOP ( 'NONE', ( #3401, #442, #6413, #652 ) ) ;
#4906 = AXIS2_PLACEMENT_3D ( 'NONE', #5765, #2556, #4680 ) ;
#4907 = LINE ( 'NONE', #1224, #6785 ) ;
#4908 = LINE ( 'NONE', #2255, #665 ) ;
#4909 = LINE ( 'NONE', #3305, #2456 ) ;
#4910 = VERTEX_POINT ( 'NONE', #160 ) ;
#4911 = VECTOR ( 'NONE', #5257, 39.37007874015748143 ) ;
#4912 = CIRCLE ( 'NONE', #1317, 0.2000000000000001776 ) ;
#4913 = VERTEX_POINT ( 'NONE', #4991 ) ;
#4914 = FACE_OUTER_BOUND ( 'NONE', #2467, .T. ) ;
#4915 = EDGE_CURVE ( 'NONE', #6252, #237, #4555, .T. ) ;
#4916 = CIRCLE ( 'NONE', #664, 0.2000000000000000389 ) ;
#4917 = DIRECTION ( 'NONE',  ( 0.1842885350501853869, -0.000000000000000000, 0.9828721869343218787 ) ) ;
#4918 = CIRCLE ( 'NONE', #769, 0.2000000000000000389 ) ;
#4919 = DIRECTION ( 'NONE',  ( 0.1736481776669273336, 0.000000000000000000, 0.9848077530122085754 ) ) ;
#4920 = DIRECTION ( 'NONE',  ( -0.000000000000000000, -1.000000000000000000, -0.000000000000000000 ) ) ;
#4921 = AXIS2_PLACEMENT_3D ( 'NONE', #1921, #3464, #5100 ) ;
#4922 = VECTOR ( 'NONE', #535, 39.37007874015748143 ) ;
#4923 = ORIENTED_EDGE ( 'NONE', *, *, #5982, .T. ) ;
#4924 = PRODUCT_CONTEXT ( 'NONE', #3713, 'mechanical' ) ;
#4925 = ORIENTED_EDGE ( 'NONE', *, *, #6831, .F. ) ;
#4926 = ORIENTED_EDGE ( 'NONE', *, *, #4092, .F. ) ;
#4927 = DIRECTION ( 'NONE',  ( -0.000000000000000000, 1.000000000000000000, -0.000000000000000000 ) ) ;
#4928 = EDGE_CURVE ( 'NONE', #6602, #315, #2362, .T. ) ;
#4929 = EDGE_CURVE ( 'NONE', #5164, #51, #780, .T. ) ;
#4930 = CARTESIAN_POINT ( 'NONE',  ( 5.110519251556474102E-13, 0.2500000000000000000, 3.599999999999999645 ) ) ;
#4931 = CIRCLE ( 'NONE', #1800, 0.1000000000000000194 ) ;
#4932 = CARTESIAN_POINT ( 'NONE',  ( -0.1999999999999998168, 0.2500000000000000000, -2.000000000000000000 ) ) ;
#4933 = CARTESIAN_POINT ( 'NONE',  ( -3.217691453623852560, 0.5000000000000000000, -1.626794919242888549 ) ) ;
#4934 = ORIENTED_EDGE ( 'NONE', *, *, #732, .T. ) ;
#4935 = EDGE_CURVE ( 'NONE', #1715, #1898, #3545, .T. ) ;
#4936 = ORIENTED_EDGE ( 'NONE', *, *, #2107, .T. ) ;
#4937 = ORIENTED_EDGE ( 'NONE', *, *, #3215, .T. ) ;
#4938 = EDGE_CURVE ( 'NONE', #2996, #666, #842, .T. ) ;
#4939 = CARTESIAN_POINT ( 'NONE',  ( -3.340361252238971623, 1.000000000000000000, 0.9406091814676094121 ) ) ;
#4940 = FACE_OUTER_BOUND ( 'NONE', #5360, .T. ) ;
#4941 = CARTESIAN_POINT ( 'NONE',  ( -0.2503407046077101294, 0.3499999999999999778, 0.4449999999999999512 ) ) ;
#4942 = SURFACE_STYLE_FILL_AREA ( #723 ) ;
#4943 = ORIENTED_EDGE ( 'NONE', *, *, #6179, .T. ) ;
#4944 = CYLINDRICAL_SURFACE ( 'NONE', #3633, 0.2000000000000000389 ) ;
#4945 = ORIENTED_EDGE ( 'NONE', *, *, #2863, .F. ) ;
#4946 = LINE ( 'NONE', #5390, #738 ) ;
#4947 = CARTESIAN_POINT ( 'NONE',  ( 0.4277945899678088915, 0.3499999999999999778, -0.2815711464949807175 ) ) ;
#4948 = DIRECTION ( 'NONE',  ( -0.000000000000000000, -1.000000000000000000, -0.000000000000000000 ) ) ;
#4949 = CARTESIAN_POINT ( 'NONE',  ( -3.217691453623594988, 0.2500000000000000000, 1.626794919243334858 ) ) ;
#4950 = EDGE_LOOP ( 'NONE', ( #2955, #3191, #1373, #1052 ) ) ;
#4951 = EDGE_LOOP ( 'NONE', ( #1131, #6002, #146, #1096, #5150, #6154, #890, #6461, #6329 ) ) ;
#4952 = PRODUCT_DEFINITION_FORMATION_WITH_SPECIFIED_SOURCE ( 'ANY', '', #2827, .NOT_KNOWN. ) ;
#4953 = LINE ( 'NONE', #3905, #1744 ) ;
#4954 = LINE ( 'NONE', #704, #2993 ) ;
#4955 = SHAPE_REPRESENTATION_RELATIONSHIP ( 'NONE' , 'NONE' ,  #2002, #5663 ) ;
#4956 = EDGE_CURVE ( 'NONE', #1043, #5818, #2895, .T. ) ;
#4957 = ORIENTED_EDGE ( 'NONE', *, *, #2755, .F. ) ;
#4958 = VERTEX_POINT ( 'NONE', #5084 ) ;
#4959 = CARTESIAN_POINT ( 'NONE',  ( -0.2170073712743761929, 0.3499999999999999778, 0.3999999999999999667 ) ) ;
#4960 = CARTESIAN_POINT ( 'NONE',  ( 0.000000000000000000, 0.000000000000000000, 0.000000000000000000 ) ) ;
#4961 = LENGTH_MEASURE_WITH_UNIT ( LENGTH_MEASURE( 0.02539999999999999897 ), #6419 );
#4962 = CARTESIAN_POINT ( 'NONE',  ( -0.4340147425487533850, 0.5000000000000000000, 0.7999999999999999334 ) ) ;
#4963 = CYLINDRICAL_SURFACE ( 'NONE', #6747, 0.1000000000000000194 ) ;
#4964 = ORIENTED_EDGE ( 'NONE', *, *, #6094, .F. ) ;
#4965 = ORIENTED_EDGE ( 'NONE', *, *, #1073, .F. ) ;
#4966 = ORIENTED_EDGE ( 'NONE', *, *, #2929, .F. ) ;
#4967 = DIRECTION ( 'NONE',  ( -0.000000000000000000, 1.000000000000000000, -0.000000000000000000 ) ) ;
#4968 =( REPRESENTATION_RELATIONSHIP ('NONE','NONE', #880, #6553 ) REPRESENTATION_RELATIONSHIP_WITH_TRANSFORMATION ( #6296 )SHAPE_REPRESENTATION_RELATIONSHIP( ) );
#4969 = EDGE_CURVE ( 'NONE', #3970, #6638, #6755, .T. ) ;
#4970 = DIRECTION ( 'NONE',  ( 1.573591704294117338E-16, 0.000000000000000000, 1.000000000000000000 ) ) ;
#4971 = ORIENTED_EDGE ( 'NONE', *, *, #5009, .T. ) ;
#4972 = CLOSED_SHELL ( 'NONE', ( #1091, #1609, #1720, #5730, #6152, #4521 ) ) ;
#4973 = EDGE_CURVE ( 'NONE', #2945, #6031, #359, .T. ) ;
#4974 = CARTESIAN_POINT ( 'NONE',  ( 0.000000000000000000, 0.2500000000000000000, 0.000000000000000000 ) ) ;
#4975 = VERTEX_POINT ( 'NONE', #4111 ) ;
#4976 = LINE ( 'NONE', #178, #1522 ) ;
#4977 = LINE ( 'NONE', #4446, #4451 ) ;
#4978 = AXIS2_PLACEMENT_3D ( 'NONE', #815, #1875, #6137 ) ;
#4979 = EDGE_CURVE ( 'NONE', #6010, #3883, #4013, .T. ) ;
#4980 = DIRECTION ( 'NONE',  ( 0.1842885350501853869, 0.000000000000000000, -0.9828721869343218787 ) ) ;
#4981 = FACE_OUTER_BOUND ( 'NONE', #1211, .T. ) ;
#4982 = ORIENTED_EDGE ( 'NONE', *, *, #2708, .T. ) ;
#4983 = VECTOR ( 'NONE', #2739, 39.37007874015748143 ) ;
#4984 = ORIENTED_EDGE ( 'NONE', *, *, #3852, .F. ) ;
#4985 = CARTESIAN_POINT ( 'NONE',  ( 1.954253247882794753, 1.000000000000000000, 2.867691261426206673 ) ) ;
#4986 = LINE ( 'NONE', #5527, #6896 ) ;
#4987 = MECHANICAL_DESIGN_GEOMETRIC_PRESENTATION_REPRESENTATION (  '', ( #1390 ), #5310 ) ;
#4988 = EDGE_LOOP ( 'NONE', ( #6621, #1059, #6284, #4057 ) ) ;
#4989 = ORIENTED_EDGE ( 'NONE', *, *, #1446, .T. ) ;
#4990 = CIRCLE ( 'NONE', #5872, 0.2000000000000001221 ) ;
#4991 = CARTESIAN_POINT ( 'NONE',  ( -0.6305891799356175831, 0.3500000000000000333, 0.6368577070100371884 ) ) ;
#4992 = CARTESIAN_POINT ( 'NONE',  ( 3.430871201744721155, 0.000000000000000000, -1.274136267412294465 ) ) ;
#4993 = CARTESIAN_POINT ( 'NONE',  ( 0.000000000000000000, 1.000000000000000000, 0.000000000000000000 ) ) ;
#4994 = AXIS2_PLACEMENT_3D ( 'NONE', #5519, #5652, #4445 ) ;
#4995 = DIRECTION ( 'NONE',  ( 0.000000000000000000, 0.000000000000000000, -1.000000000000000000 ) ) ;
#4996 = CARTESIAN_POINT ( 'NONE',  ( -2.818869976334469563, 0.000000000000000000, -2.334153484117253097 ) ) ;
#4997 = VERTEX_POINT ( 'NONE', #6231 ) ;
#4998 = PRODUCT_DEFINITION_SHAPE ( 'NONE', 'NONE',  #4729 ) ;
#4999 = ORIENTED_EDGE ( 'NONE', *, *, #5081, .T. ) ;
#5000 = ORIENTED_EDGE ( 'NONE', *, *, #5001, .T. ) ;
#5001 = EDGE_CURVE ( 'NONE', #675, #2687, #1437, .T. ) ;
#5002 = CARTESIAN_POINT ( 'NONE',  ( -2.614979001592735219, 0.000000000000000000, 2.270723508515657851 ) ) ;
#5003 = DIRECTION ( 'NONE',  ( 0.000000000000000000, 1.000000000000000000, -0.000000000000000000 ) ) ;
#5004 = ORIENTED_EDGE ( 'NONE', *, *, #3684, .F. ) ;
#5005 = VECTOR ( 'NONE', #2858, 39.37007874015748143 ) ;
#5006 = FACE_OUTER_BOUND ( 'NONE', #3742, .T. ) ;
#5007 = EDGE_LOOP ( 'NONE', ( #1461, #2552, #1770, #1149 ) ) ;
#5008 = PLANE ( 'NONE',  #1294 ) ;
#5009 = EDGE_CURVE ( 'NONE', #3936, #3768, #5708, .T. ) ;
#5010 = CARTESIAN_POINT ( 'NONE',  ( -2.091211187502675983, 0.000000000000000000, -0.8094470742508785843 ) ) ;
#5011 = VECTOR ( 'NONE', #6358, 39.37007874015748854 ) ;
#5012 = LINE ( 'NONE', #115, #5913 ) ;
#5013 = DIRECTION ( 'NONE',  ( -0.5093366627281896708, 0.000000000000000000, -0.8605673500667512243 ) ) ;
#5014 = EDGE_LOOP ( 'NONE', ( #2370, #1555, #4022, #2748, #2326, #955, #2369, #1157, #3537 ) ) ;
#5015 = VECTOR ( 'NONE', #4267, 39.37007874015748143 ) ;
#5016 = ORIENTED_EDGE ( 'NONE', *, *, #4273, .T. ) ;
#5017 = EDGE_CURVE ( 'NONE', #5939, #4396, #2960, .T. ) ;
#5018 = CARTESIAN_POINT ( 'NONE',  ( -0.6590147425487534738, 0.5000000000000000000, -0.8000000000000000444 ) ) ;
#5019 = VECTOR ( 'NONE', #5184, 39.37007874015748854 ) ;
#5020 = VECTOR ( 'NONE', #2653, 39.37007874015748143 ) ;
#5021 = EDGE_LOOP ( 'NONE', ( #2419, #6157, #866, #3167 ) ) ;
#5022 = VECTOR ( 'NONE', #5205, 39.37007874015748143 ) ;
#5023 = EDGE_LOOP ( 'NONE', ( #5341, #6805, #184, #6890 ) ) ;
#5024 = CIRCLE ( 'NONE', #3796, 4.000000000000000000 ) ;
#5025 = CARTESIAN_POINT ( 'NONE',  ( 0.000000000000000000, 0.2500000000000000000, -3.599999999999999645 ) ) ;
#5026 = DIRECTION ( 'NONE',  ( 0.000000000000000000, 1.000000000000000000, -0.000000000000000000 ) ) ;
#5027 = COLOUR_RGB ( '',0.7921568627450980005, 0.8196078431372548767, 0.9333333333333333481 ) ;
#5028 = DIRECTION ( 'NONE',  ( 0.8660254037844385966, -0.000000000000000000, 0.5000000000000002220 ) ) ;
#5029 = CARTESIAN_POINT ( 'NONE',  ( -3.447198824898366265, 0.000000000000000000, 1.229276491484287082 ) ) ;
#5030 = ORIENTED_EDGE ( 'NONE', *, *, #1833, .F. ) ;
#5031 = ORIENTED_EDGE ( 'NONE', *, *, #581, .T. ) ;
#5032 = EDGE_LOOP ( 'NONE', ( #6489, #1596, #741, #2125 ) ) ;
#5033 = VECTOR ( 'NONE', #4053, 39.37007874015748143 ) ;
#5034 = DIRECTION ( 'NONE',  ( 0.000000000000000000, 1.000000000000000000, -0.000000000000000000 ) ) ;
#5035 = DIRECTION ( 'NONE',  ( -0.9433365500833861272, 0.000000000000000000, 0.3318375404874726042 ) ) ;
#5036 = CARTESIAN_POINT ( 'NONE',  ( 1.558041587762013735, 1.000000000000000000, 1.627677395670831251 ) ) ;
#5037 = VERTEX_POINT ( 'NONE', #2990 ) ;
#5038 =( GEOMETRIC_REPRESENTATION_CONTEXT ( 3 ) GLOBAL_UNCERTAINTY_ASSIGNED_CONTEXT ( ( #2050 ) ) GLOBAL_UNIT_ASSIGNED_CONTEXT ( ( #894, #3989, #1883 ) ) REPRESENTATION_CONTEXT ( 'NONE', 'WORKASPACE' ) );
#5039 = CARTESIAN_POINT ( 'NONE',  ( -0.1472782379493224603, 0.000000000000000000, 2.248363052133773632 ) ) ;
#5040 = ORIENTED_EDGE ( 'NONE', *, *, #732, .F. ) ;
#5041 = EDGE_CURVE ( 'NONE', #297, #5062, #285, .T. ) ;
#5042 = DIRECTION ( 'NONE',  ( 0.7729512718726267995, 0.000000000000000000, -0.6344653901596906120 ) ) ;
#5043 = PLANE ( 'NONE',  #416 ) ;
#5044 = CARTESIAN_POINT ( 'NONE',  ( 0.2000000000005110745, 0.2500000000000000000, 3.599999999999999645 ) ) ;
#5045 = CARTESIAN_POINT ( 'NONE',  ( -1.680643291471240808, 1.000000000000000000, -3.028157617715649508 ) ) ;
#5046 = ORIENTED_EDGE ( 'NONE', *, *, #6824, .F. ) ;
#5047 = PRODUCT_RELATED_PRODUCT_CATEGORY ( 'part', '', ( #1815 ) ) ;
#5048 = DIRECTION ( 'NONE',  ( 0.000000000000000000, 0.000000000000000000, 1.000000000000000000 ) ) ;
#5049 = APPLICATION_PROTOCOL_DEFINITION ( 'draft international standard', 'automotive_design', 1998, #3222 ) ;
#5050 = ORIENTED_EDGE ( 'NONE', *, *, #813, .F. ) ;
#5051 = LINE ( 'NONE', #5079, #5207 ) ;
#5052 = DIRECTION ( 'NONE',  ( 0.000000000000000000, 1.000000000000000000, 0.000000000000000000 ) ) ;
#5053 = ADVANCED_FACE ( 'NONE', ( #4491 ), #6623, .F. ) ;
#5054 = ORIENTED_EDGE ( 'NONE', *, *, #1834, .F. ) ;
#5055 = PLANE ( 'NONE',  #1666 ) ;
#5056 = DIRECTION ( 'NONE',  ( 0.000000000000000000, 0.000000000000000000, -1.000000000000000000 ) ) ;
#5057 = VERTEX_POINT ( 'NONE', #1275 ) ;
#5058 = FACE_BOUND ( 'NONE', #1724, .T. ) ;
#5059 = CARTESIAN_POINT ( 'NONE',  ( 0.4340147425487524968, 0.000000000000000000, -2.000000000000000000 ) ) ;
#5060 = DIRECTION ( 'NONE',  ( -0.4906048554611521229, 0.000000000000000000, -0.8713821640347833020 ) ) ;
#5061 = VERTEX_POINT ( 'NONE', #4050 ) ;
#5062 = VERTEX_POINT ( 'NONE', #6166 ) ;
#5063 = ORIENTED_EDGE ( 'NONE', *, *, #2267, .T. ) ;
#5064 = FACE_OUTER_BOUND ( 'NONE', #3333, .T. ) ;
#5065 = DIRECTION ( 'NONE',  ( -0.000000000000000000, 1.000000000000000000, -0.000000000000000000 ) ) ;
#5066 = CARTESIAN_POINT ( 'NONE',  ( -0.4340147425487533850, -0.3500000000000000333, 0.6000000000000001998 ) ) ;
#5067 = ORIENTED_EDGE ( 'NONE', *, *, #5128, .F. ) ;
#5068 = DIRECTION ( 'NONE',  ( 0.000000000000000000, 1.000000000000000000, 0.000000000000000000 ) ) ;
#5069 = ORIENTED_EDGE ( 'NONE', *, *, #3729, .T. ) ;
#5070 = CARTESIAN_POINT ( 'NONE',  ( -1.173205080756410723, 0.5000000000000000000, 1.632050807569005224 ) ) ;
#5071 = LINE ( 'NONE', #3012, #1419 ) ;
#5072 = CARTESIAN_POINT ( 'NONE',  ( -2.817205532429103432, 1.000000000000000000, -2.026354341118929980 ) ) ;
#5073 = ADVANCED_FACE ( 'NONE', ( #3514 ), #5055, .F. ) ;
#5074 = CARTESIAN_POINT ( 'NONE',  ( -1.173205080756854368, 0.5000000000000000000, -1.632050807568749207 ) ) ;
#5075 = ORIENTED_EDGE ( 'NONE', *, *, #4, .F. ) ;
#5076 = CARTESIAN_POINT ( 'NONE',  ( 0.000000000000000000, 0.5000000000000000000, 0.5000000000000000000 ) ) ;
#5077 = APPLICATION_PROTOCOL_DEFINITION ( 'draft international standard', 'automotive_design', 1998, #3576 ) ;
#5078 = ORIENTED_EDGE ( 'NONE', *, *, #722, .T. ) ;
#5079 = CARTESIAN_POINT ( 'NONE',  ( -3.217691453623852560, 0.2500000000000000000, -1.626794919242888549 ) ) ;
#5080 = CARTESIAN_POINT ( 'NONE',  ( -2.020778639052807080, 0.000000000000000000, -0.9966348305782005701 ) ) ;
#5081 = EDGE_CURVE ( 'NONE', #1028, #716, #3350, .T. ) ;
#5082 = VECTOR ( 'NONE', #3919, 39.37007874015748143 ) ;
#5083 = ORIENTED_EDGE ( 'NONE', *, *, #2264, .F. ) ;
#5084 = CARTESIAN_POINT ( 'NONE',  ( -2.044981375148589908, 0.000000000000000000, 0.08012472804972692320 ) ) ;
#5085 = CARTESIAN_POINT ( 'NONE',  ( 0.2503407046077100739, -0.3499999999999999778, 0.3450000000000000289 ) ) ;
#5086 = VECTOR ( 'NONE', #6088, 39.37007874015748143 ) ;
#5087 = EDGE_CURVE ( 'NONE', #226, #5529, #5569, .T. ) ;
#5088 = DIRECTION ( 'NONE',  ( -0.000000000000000000, 1.000000000000000000, -0.000000000000000000 ) ) ;
#5089 = CARTESIAN_POINT ( 'NONE',  ( 1.688248517051381681, 1.000000000000000000, 1.475867792664191436 ) ) ;
#5090 = DIRECTION ( 'NONE',  ( -0.000000000000000000, -1.000000000000000000, -0.000000000000000000 ) ) ;
#5091 = AXIS2_PLACEMENT_3D ( 'NONE', #2344, #3431, #1251 ) ;
#5092 = ORIENTED_EDGE ( 'NONE', *, *, #4706, .T. ) ;
#5093 = ORIENTED_EDGE ( 'NONE', *, *, #4423, .F. ) ;
#5094 = ORIENTED_EDGE ( 'NONE', *, *, #5599, .F. ) ;
#5095 = EDGE_CURVE ( 'NONE', #5486, #2723, #759, .T. ) ;
#5096 = EDGE_CURVE ( 'NONE', #2592, #5464, #2607, .T. ) ;
#5097 = DIRECTION ( 'NONE',  ( -0.1842885350501854147, 0.000000000000000000, -0.9828721869343218787 ) ) ;
#5098 = EDGE_CURVE ( 'NONE', #2945, #4624, #4284, .T. ) ;
#5099 = FACE_OUTER_BOUND ( 'NONE', #2973, .T. ) ;
#5100 = DIRECTION ( 'NONE',  ( 0.000000000000000000, 0.000000000000000000, 1.000000000000000000 ) ) ;
#5101 = EDGE_LOOP ( 'NONE', ( #6772, #5402, #2304, #3806 ) ) ;
#5102 = CARTESIAN_POINT ( 'NONE',  ( 0.9531006376118960066, 0.000000000000000000, -1.811068185169586675 ) ) ;
#5103 = ORIENTED_EDGE ( 'NONE', *, *, #2144, .T. ) ;
#5104 = LINE ( 'NONE', #6051, #2987 ) ;
#5105 = PRODUCT_DEFINITION_SHAPE ( 'NONE', 'NONE',  #6915 ) ;
#5106 = CARTESIAN_POINT ( 'NONE',  ( 0.4340147425487524968, 0.000000000000000000, -2.000000000000000000 ) ) ;
#5107 = CARTESIAN_POINT ( 'NONE',  ( 3.340361252238959189, 0.000000000000000000, 0.9406091814676557084 ) ) ;
#5108 = VECTOR ( 'NONE', #3011, 39.37007874015748143 ) ;
#5109 = ORIENTED_EDGE ( 'NONE', *, *, #1587, .T. ) ;
#5110 = DIRECTION ( 'NONE',  ( 0.000000000000000000, 0.000000000000000000, -1.000000000000000000 ) ) ;
#5111 = VERTEX_POINT ( 'NONE', #2045 ) ;
#5112 = AXIS2_PLACEMENT_3D ( 'NONE', #4876, #4454, #6442 ) ;
#5113 = DIRECTION ( 'NONE',  ( 0.7729512718726181397, 0.000000000000000000, 0.6344653901597012702 ) ) ;
#5114 = FACE_BOUND ( 'NONE', #5693, .T. ) ;
#5115 = DIRECTION ( 'NONE',  ( -0.5000000000000001110, 0.000000000000000000, -0.8660254037844385966 ) ) ;
#5116 = VECTOR ( 'NONE', #5841, 39.37007874015748143 ) ;
#5117 = ORIENTED_EDGE ( 'NONE', *, *, #3729, .F. ) ;
#5118 = EDGE_CURVE ( 'NONE', #4863, #4779, #1585, .T. ) ;
#5119 = CARTESIAN_POINT ( 'NONE',  ( -0.6590147425487534738, 0.5000000000000000000, -0.5999999999999998668 ) ) ;
#5120 = VECTOR ( 'NONE', #6467, 39.37007874015748143 ) ;
#5121 = PLANE ( 'NONE',  #1765 ) ;
#5122 = CIRCLE ( 'NONE', #869, 0.2000000000000001221 ) ;
#5123 = DIRECTION ( 'NONE',  ( 0.000000000000000000, 0.000000000000000000, 1.000000000000000000 ) ) ;
#5124 = FACE_OUTER_BOUND ( 'NONE', #3534, .T. ) ;
#5125 = CARTESIAN_POINT ( 'NONE',  ( 0.2170073712743769700, -0.3500000000000000333, 0.4000000000000000222 ) ) ;
#5126 = VECTOR ( 'NONE', #3647, 39.37007874015748143 ) ;
#5127 = STYLED_ITEM ( 'NONE', ( #3624 ), #3737 ) ;
#5128 = EDGE_CURVE ( 'NONE', #3530, #2707, #3727, .T. ) ;
#5129 = EDGE_LOOP ( 'NONE', ( #5493, #4554, #1628, #1454 ) ) ;
#5130 = DIRECTION ( 'NONE',  ( 1.000000000000000000, 0.000000000000000000, 0.000000000000000000 ) ) ;
#5131 = ORIENTED_EDGE ( 'NONE', *, *, #5901, .F. ) ;
#5132 = ORIENTED_EDGE ( 'NONE', *, *, #1798, .F. ) ;
#5133 = LINE ( 'NONE', #4439, #651 ) ;
#5134 = AXIS2_PLACEMENT_3D ( 'NONE', #731, #152, #4980 ) ;
#5135 = PLANE ( 'NONE',  #2356 ) ;
#5136 = PLANE ( 'NONE',  #3243 ) ;
#5137 = EDGE_LOOP ( 'NONE', ( #3273, #292, #5471, #175 ) ) ;
#5138 = APPLICATION_CONTEXT ( 'automotive_design' ) ;
#5139 = EDGE_CURVE ( 'NONE', #1816, #4642, #949, .T. ) ;
#5140 = EDGE_CURVE ( 'NONE', #6078, #6861, #3836, .T. ) ;
#5141 = CARTESIAN_POINT ( 'NONE',  ( -0.3295073712743768479, 0.3499999999999999778, -0.3000000000000000999 ) ) ;
#5142 = AXIS2_PLACEMENT_3D ( 'NONE', #2248, #204, #3925 ) ;
#5143 = VERTEX_POINT ( 'NONE', #2536 ) ;
#5144 = DIRECTION ( 'NONE',  ( -0.000000000000000000, 1.000000000000000000, -0.000000000000000000 ) ) ;
#5145 = FACE_BOUND ( 'NONE', #2534, .T. ) ;
#5146 = DIRECTION ( 'NONE',  ( 0.000000000000000000, -1.000000000000000000, 0.000000000000000000 ) ) ;
#5147 = VERTEX_POINT ( 'NONE', #524 ) ;
#5148 = CARTESIAN_POINT ( 'NONE',  ( -0.6305891799356182492, 1.000000000000000000, -2.163142292989964410 ) ) ;
#5149 = CONTEXT_DEPENDENT_SHAPE_REPRESENTATION ( #2465, #2543 ) ;
#5150 = ORIENTED_EDGE ( 'NONE', *, *, #2005, .T. ) ;
#5151 = CARTESIAN_POINT ( 'NONE',  ( 0.3295073712743767924, -0.3500000000000000333, -0.4000000000000000777 ) ) ;
#5152 = CARTESIAN_POINT ( 'NONE',  ( 0.2000000000000000111, 0.2500000000000000000, -2.000000000000000000 ) ) ;
#5153 = CARTESIAN_POINT ( 'NONE',  ( 1.618049801134266552, 1.000000000000000000, -1.253109587306322492 ) ) ;
#5154 = VERTEX_POINT ( 'NONE', #1472 ) ;
#5155 = DIRECTION ( 'NONE',  ( -0.000000000000000000, 1.000000000000000000, -0.000000000000000000 ) ) ;
#5156 = CARTESIAN_POINT ( 'NONE',  ( 0.6305891799356178051, 0.5000000000000000000, 0.6368577070100370774 ) ) ;
#5157 = CARTESIAN_POINT ( 'NONE',  ( -1.746607323071556861, 1.000000000000000000, -1.406318475930141476 ) ) ;
#5158 = EDGE_CURVE ( 'NONE', #1180, #2807, #1053, .T. ) ;
#5159 = DIRECTION ( 'NONE',  ( -1.493979371535144163E-16, 0.000000000000000000, -1.000000000000000000 ) ) ;
#5160 = LINE ( 'NONE', #5746, #1172 ) ;
#5161 = ORIENTED_EDGE ( 'NONE', *, *, #3348, .T. ) ;
#5162 = PRODUCT_DEFINITION_SHAPE ( 'NONE', 'NONE',  #6910 ) ;
#5163 = ORIENTED_EDGE ( 'NONE', *, *, #4034, .F. ) ;
#5164 = VERTEX_POINT ( 'NONE', #2012 ) ;
#5165 = AXIS2_PLACEMENT_3D ( 'NONE', #2019, #4255, #6310 ) ;
#5166 = DIRECTION ( 'NONE',  ( 0.4999999999999995559, 0.000000000000000000, -0.8660254037844388186 ) ) ;
#5167 = FACE_OUTER_BOUND ( 'NONE', #3767, .T. ) ;
#5168 = DIRECTION ( 'NONE',  ( -0.8660254037844389297, -0.000000000000000000, -0.4999999999999993894 ) ) ;
#5169 = VERTEX_POINT ( 'NONE', #4803 ) ;
#5170 = LINE ( 'NONE', #2590, #1284 ) ;
#5171 = ORIENTED_EDGE ( 'NONE', *, *, #2499, .T. ) ;
#5172 = PLANE ( 'NONE',  #4653 ) ;
#5173 = CARTESIAN_POINT ( 'NONE',  ( -0.4277945899678089470, -0.3500000000000000333, -0.2815711464949814946 ) ) ;
#5174 = EDGE_CURVE ( 'NONE', #3691, #3725, #4564, .T. ) ;
#5175 = CARTESIAN_POINT ( 'NONE',  ( -1.732050807568886519, 0.000000000000000000, 0.9999999999999836797 ) ) ;
#5176 = ORIENTED_EDGE ( 'NONE', *, *, #838, .T. ) ;
#5177 = PLANE ( 'NONE',  #5525 ) ;
#5178 = ORIENTED_EDGE ( 'NONE', *, *, #5588, .T. ) ;
#5179 = ORIENTED_EDGE ( 'NONE', *, *, #3771, .T. ) ;
#5180 = DIRECTION ( 'NONE',  ( 1.280553747030123075E-16, 0.000000000000000000, 1.000000000000000000 ) ) ;
#5181 = DIRECTION ( 'NONE',  ( 0.8660254037844383745, 0.000000000000000000, -0.5000000000000004441 ) ) ;
#5182 = DIRECTION ( 'NONE',  ( 0.000000000000000000, 1.000000000000000000, 0.000000000000000000 ) ) ;
#5183 = ORIENTED_EDGE ( 'NONE', *, *, #2267, .F. ) ;
#5184 = DIRECTION ( 'NONE',  ( -0.9396926207859056523, -0.000000000000000000, -0.3420201433256761514 ) ) ;
#5185 = CARTESIAN_POINT ( 'NONE',  ( 1.809200813408591069, 1.000000000000000000, -3.181366506339421196 ) ) ;
#5186 = CARTESIAN_POINT ( 'NONE',  ( -1.832050807568493589, 0.2500000000000000000, 0.8267949192433343697 ) ) ;
#5187 = CARTESIAN_POINT ( 'NONE',  ( 3.117691453623971043, 0.000000000000000000, 1.800000000000014699 ) ) ;
#5188 = DIRECTION ( 'NONE',  ( -0.7660444431189769032, 0.000000000000000000, -0.6427876096865406952 ) ) ;
#5189 = VERTEX_POINT ( 'NONE', #6376 ) ;
#5190 = CARTESIAN_POINT ( 'NONE',  ( 3.563660942325234782, 2.928964839118206598, 2.459618756977669740 ) ) ;
#5191 = EDGE_LOOP ( 'NONE', ( #1205, #4475, #78, #1366 ) ) ;
#5192 = EDGE_LOOP ( 'NONE', ( #239, #3067, #6024, #1791 ) ) ;
#5193 = EDGE_CURVE ( 'NONE', #3621, #3146, #3762, .T. ) ;
#5194 = CARTESIAN_POINT ( 'NONE',  ( -3.117691453623852471, 0.2500000000000000000, -1.799999999999776223 ) ) ;
#5195 = AXIS2_PLACEMENT_3D ( 'NONE', #269, #4443, #5516 ) ;
#5196 = CARTESIAN_POINT ( 'NONE',  ( 0.9531006376118960066, 0.000000000000000000, -1.811068185169586675 ) ) ;
#5197 = ORIENTED_EDGE ( 'NONE', *, *, #2388, .T. ) ;
#5198 = DIRECTION ( 'NONE',  ( 1.000000000000000000, 0.000000000000000000, 0.000000000000000000 ) ) ;
#5199 = VERTEX_POINT ( 'NONE', #5324 ) ;
#5200 = ADVANCED_FACE ( 'NONE', ( #987 ), #914, .F. ) ;
#5201 = DIRECTION ( 'NONE',  ( -1.000000000000000000, 0.000000000000000000, 0.000000000000000000 ) ) ;
#5202 = CIRCLE ( 'NONE', #4096, 0.2000000000000000389 ) ;
#5203 = CARTESIAN_POINT ( 'NONE',  ( -0.3462715702633036852, 0.000000000000000000, 3.452948729325134636 ) ) ;
#5204 = CARTESIAN_POINT ( 'NONE',  ( -2.817205532429103432, 0.000000000000000000, -2.026354341118929980 ) ) ;
#5205 = DIRECTION ( 'NONE',  ( -0.000000000000000000, 1.000000000000000000, -0.000000000000000000 ) ) ;
#5206 = ORIENTED_EDGE ( 'NONE', *, *, #1033, .T. ) ;
#5207 = VECTOR ( 'NONE', #1393, 39.37007874015748143 ) ;
#5208 = CARTESIAN_POINT ( 'NONE',  ( 0.5435971967450640152, 0.000000000000000000, 3.620351227372345715 ) ) ;
#5209 = VERTEX_POINT ( 'NONE', #6339 ) ;
#5210 = EDGE_CURVE ( 'NONE', #4087, #5651, #4146, .T. ) ;
#5211 = ORIENTED_EDGE ( 'NONE', *, *, #1449, .T. ) ;
#5212 = CARTESIAN_POINT ( 'NONE',  ( 3.163477102692409115, 1.000000000000000000, -1.426594388206232855 ) ) ;
#5213 = DIRECTION ( 'NONE',  ( -0.000000000000000000, 1.000000000000000000, -0.000000000000000000 ) ) ;
#5214 = CIRCLE ( 'NONE', #6771, 0.2000000000000000389 ) ;
#5215 = FACE_OUTER_BOUND ( 'NONE', #1497, .T. ) ;
#5216 = CIRCLE ( 'NONE', #6566, 0.2000000000000001776 ) ;
#5217 = EDGE_CURVE ( 'NONE', #4468, #262, #4124, .T. ) ;
#5218 = VERTEX_POINT ( 'NONE', #3136 ) ;
#5219 = EDGE_CURVE ( 'NONE', #6580, #4299, #3095, .T. ) ;
#5220 = DIRECTION ( 'NONE',  ( -0.000000000000000000, 1.000000000000000000, -0.000000000000000000 ) ) ;
#5221 = CARTESIAN_POINT ( 'NONE',  ( -1.632050807568750539, 0.2500000000000000000, -1.173205080756665186 ) ) ;
#5222 = DIRECTION ( 'NONE',  ( 0.8660254037844385966, 0.000000000000000000, -0.5000000000000002220 ) ) ;
#5223 =( REPRESENTATION_RELATIONSHIP ('NONE','NONE', #880, #6553 ) REPRESENTATION_RELATIONSHIP_WITH_TRANSFORMATION ( #6783 )SHAPE_REPRESENTATION_RELATIONSHIP( ) );
#5224 = VECTOR ( 'NONE', #5275, 39.37007874015748143 ) ;
#5225 = CARTESIAN_POINT ( 'NONE',  ( 4.898587196589412829E-16, 1.000000000000000000, 4.000000000000000000 ) ) ;
#5226 = FACE_OUTER_BOUND ( 'NONE', #4216, .T. ) ;
#5227 = VERTEX_POINT ( 'NONE', #422 ) ;
#5228 = DIRECTION ( 'NONE',  ( -1.000000000000000000, 0.000000000000000000, 1.047444401652940007E-14 ) ) ;
#5229 = VERTEX_POINT ( 'NONE', #4248 ) ;
#5230 = AXIS2_PLACEMENT_3D ( 'NONE', #3260, #4967, #1182 ) ;
#5231 = ORIENTED_EDGE ( 'NONE', *, *, #4244, .F. ) ;
#5232 = DIRECTION ( 'NONE',  ( -1.000000000000000000, -0.000000000000000000, -0.000000000000000000 ) ) ;
#5233 = CIRCLE ( 'NONE', #4782, 0.5000000000000000000 ) ;
#5234 = AXIS2_PLACEMENT_3D ( 'NONE', #3809, #1709, #3739 ) ;
#5235 = LINE ( 'NONE', #2693, #1680 ) ;
#5236 = ORIENTED_EDGE ( 'NONE', *, *, #3771, .F. ) ;
#5237 = CARTESIAN_POINT ( 'NONE',  ( -0.4340147425487533850, 0.3500000000000000333, 0.7999999999999999334 ) ) ;
#5238 = VERTEX_POINT ( 'NONE', #2571 ) ;
#5239 = VECTOR ( 'NONE', #6371, 39.37007874015748854 ) ;
#5240 = VECTOR ( 'NONE', #4830, 39.37007874015748854 ) ;
#5241 = CARTESIAN_POINT ( 'NONE',  ( 0.000000000000000000, 0.2500000000000000000, 0.000000000000000000 ) ) ;
#5242 = PLANE ( 'NONE',  #6114 ) ;
#5243 = FACE_OUTER_BOUND ( 'NONE', #6309, .T. ) ;
#5244 = CARTESIAN_POINT ( 'NONE',  ( -0.1999999999999999278, 0.000000000000000000, 0.8000000000000001554 ) ) ;
#5245 = EDGE_CURVE ( 'NONE', #696, #6415, #3910, .T. ) ;
#5246 = VECTOR ( 'NONE', #4593, 39.37007874015748143 ) ;
#5247 = DIRECTION ( 'NONE',  ( 0.8660254037844389297, 0.000000000000000000, 0.4999999999999996114 ) ) ;
#5248 = EDGE_LOOP ( 'NONE', ( #4923, #5481, #5273, #1805 ) ) ;
#5249 = ITEM_DEFINED_TRANSFORMATION ( 'NONE', 'NONE', #2601,  #3479 ) ;
#5250 = CARTESIAN_POINT ( 'NONE',  ( 0.2000000000005110745, 0.5000000000000000000, 3.599999999999999645 ) ) ;
#5251 = AXIS2_PLACEMENT_3D ( 'NONE', #6658, #783, #6725 ) ;
#5252 = DIRECTION ( 'NONE',  ( -0.000000000000000000, 1.000000000000000000, -0.000000000000000000 ) ) ;
#5253 = PRODUCT_DEFINITION ( 'UNKNOWN', '', #6057, #16 ) ;
#5254 = DIRECTION ( 'NONE',  ( -0.9396926207859105373, 0.000000000000000000, 0.3420201433256630508 ) ) ;
#5255 = AXIS2_PLACEMENT_3D ( 'NONE', #2026, #472, #2620 ) ;
#5256 = ORIENTED_EDGE ( 'NONE', *, *, #455, .T. ) ;
#5257 = DIRECTION ( 'NONE',  ( -1.280553747030123075E-16, -0.000000000000000000, -1.000000000000000000 ) ) ;
#5258 = FACE_OUTER_BOUND ( 'NONE', #4669, .T. ) ;
#5259 = EDGE_CURVE ( 'NONE', #3266, #6868, #4177, .T. ) ;
#5260 = EDGE_CURVE ( 'NONE', #3385, #1869, #3650, .T. ) ;
#5261 = CARTESIAN_POINT ( 'NONE',  ( 1.558041587762013735, 0.000000000000000000, 1.627677395670831251 ) ) ;
#5262 = DIRECTION ( 'NONE',  ( 0.3318375404874855938, 0.000000000000000000, -0.9433365500833815753 ) ) ;
#5263 = UNCERTAINTY_MEASURE_WITH_UNIT (LENGTH_MEASURE( 1.000000000000000082E-05 ), #6039, 'distance_accuracy_value', 'NONE');
#5264 = EDGE_LOOP ( 'NONE', ( #4489, #5957, #908, #5767 ) ) ;
#5265 = CARTESIAN_POINT ( 'NONE',  ( -1.286081318867608125, 2.928964839118206598, 2.459618756977702603 ) ) ;
#5266 = ORIENTED_EDGE ( 'NONE', *, *, #3132, .F. ) ;
#5267 = ORIENTED_EDGE ( 'NONE', *, *, #2196, .T. ) ;
#5268 = DIRECTION ( 'NONE',  ( 0.000000000000000000, 0.000000000000000000, 1.000000000000000000 ) ) ;
#5269 = DIRECTION ( 'NONE',  ( -0.000000000000000000, 1.000000000000000000, -0.000000000000000000 ) ) ;
#5270 = CARTESIAN_POINT ( 'NONE',  ( -1.680643291471240808, 0.000000000000000000, -3.028157617715649508 ) ) ;
#5271 = CARTESIAN_POINT ( 'NONE',  ( -0.9073817267422200628, 0.000000000000000000, -2.062398044885628945 ) ) ;
#5272 = PRODUCT_DEFINITION_FORMATION_WITH_SPECIFIED_SOURCE ( 'ANY', '', #1815, .NOT_KNOWN. ) ;
#5273 = ORIENTED_EDGE ( 'NONE', *, *, #1536, .F. ) ;
#5274 = DIRECTION ( 'NONE',  ( -0.000000000000000000, 1.000000000000000000, 0.000000000000000000 ) ) ;
#5275 = DIRECTION ( 'NONE',  ( 1.000000000000000000, -0.000000000000000000, -0.000000000000000000 ) ) ;
#5276 = EDGE_CURVE ( 'NONE', #6276, #2903, #418, .T. ) ;
#5277 = CARTESIAN_POINT ( 'NONE',  ( -3.017691453623594811, 0.2500000000000000000, 1.973205080757110208 ) ) ;
#5278 = CARTESIAN_POINT ( 'NONE',  ( 2.614979001592705021, 0.000000000000000000, 2.470723508515694444 ) ) ;
#5279 = VERTEX_POINT ( 'NONE', #5153 ) ;
#5280 = DIRECTION ( 'NONE',  ( -0.000000000000000000, 1.000000000000000000, -0.000000000000000000 ) ) ;
#5281 = EDGE_LOOP ( 'NONE', ( #5903, #6629, #334, #1465 ) ) ;
#5282 = CARTESIAN_POINT ( 'NONE',  ( 0.2000000000000000111, 0.5000000000000000000, -2.000000000000000000 ) ) ;
#5283 = EDGE_CURVE ( 'NONE', #4426, #4720, #4591, .T. ) ;
#5284 = FACE_OUTER_BOUND ( 'NONE', #6481, .T. ) ;
#5285 = DIRECTION ( 'NONE',  ( 0.000000000000000000, 0.000000000000000000, -1.000000000000000000 ) ) ;
#5286 = ORIENTED_EDGE ( 'NONE', *, *, #252, .T. ) ;
#5287 = DIRECTION ( 'NONE',  ( 0.000000000000000000, 1.000000000000000000, -0.000000000000000000 ) ) ;
#5288 = ADVANCED_FACE ( 'NONE', ( #2008 ), #3092, .T. ) ;
#5289 = CARTESIAN_POINT ( 'NONE',  ( -0.4777945899678091579, 0.3499999999999999778, -0.3254600353838703053 ) ) ;
#5290 = DIMENSIONAL_EXPONENTS ( 1.000000000000000000, 0.000000000000000000, 0.000000000000000000, 0.000000000000000000, 0.000000000000000000, 0.000000000000000000, 0.000000000000000000 ) ;
#5291 = AXIS2_PLACEMENT_3D ( 'NONE', #2238, #685, #2804 ) ;
#5292 = CARTESIAN_POINT ( 'NONE',  ( -1.832050807568493589, 0.2500000000000000000, 0.8267949192433343697 ) ) ;
#5293 = CARTESIAN_POINT ( 'NONE',  ( -0.8555891799356177829, 0.3500000000000000333, -0.5631422929899626562 ) ) ;
#5294 = ORIENTED_EDGE ( 'NONE', *, *, #3871, .F. ) ;
#5295 =( NAMED_UNIT ( * ) SI_UNIT ( $, .STERADIAN. ) SOLID_ANGLE_UNIT ( ) );
#5296 = ORIENTED_EDGE ( 'NONE', *, *, #581, .F. ) ;
#5297 = EDGE_LOOP ( 'NONE', ( #5179, #1109, #2157, #5805 ) ) ;
#5298 = CARTESIAN_POINT ( 'NONE',  ( 3.600000000000254996, 0.5000000000000000000, -0.2000000000002555012 ) ) ;
#5299 = EDGE_CURVE ( 'NONE', #6372, #2854, #6719, .T. ) ;
#5300 = CIRCLE ( 'NONE', #5521, 0.09999999999999999167 ) ;
#5301 = DIRECTION ( 'NONE',  ( 0.8660254037844385966, -0.000000000000000000, -0.5000000000000002220 ) ) ;
#5302 =( NAMED_UNIT ( * ) PLANE_ANGLE_UNIT ( ) SI_UNIT ( $, .RADIAN. ) );
#5303 = CARTESIAN_POINT ( 'NONE',  ( -1.832050807568749828, 0.5000000000000000000, -0.8267949192428896144 ) ) ;
#5304 = CARTESIAN_POINT ( 'NONE',  ( 3.217691453624362374, 0.2500000000000000000, 1.626794919242890547 ) ) ;
#5305 = VECTOR ( 'NONE', #6637, 39.37007874015748143 ) ;
#5306 = EDGE_LOOP ( 'NONE', ( #5329, #5751, #476, #6721 ) ) ;
#5307 = EDGE_CURVE ( 'NONE', #2989, #2052, #5664, .T. ) ;
#5308 = FACE_BOUND ( 'NONE', #5466, .T. ) ;
#5309 = CARTESIAN_POINT ( 'NONE',  ( 2.241942925751030824, 1.000000000000000000, 0.04539509251636979215 ) ) ;
#5310 =( GEOMETRIC_REPRESENTATION_CONTEXT ( 3 ) GLOBAL_UNCERTAINTY_ASSIGNED_CONTEXT ( ( #4631 ) ) GLOBAL_UNIT_ASSIGNED_CONTEXT ( ( #6498, #475, #2094 ) ) REPRESENTATION_CONTEXT ( 'NONE', 'WORKASPACE' ) );
#5311 = CARTESIAN_POINT ( 'NONE',  ( 0.000000000000000000, 0.000000000000000000, 0.000000000000000000 ) ) ;
#5312 = CARTESIAN_POINT ( 'NONE',  ( -0.3486279233011425061, 0.3499999999999999778, 0.3634288535050185787 ) ) ;
#5313 = ORIENTED_EDGE ( 'NONE', *, *, #130, .F. ) ;
#5314 = PLANE ( 'NONE',  #6089 ) ;
#5315 = ORIENTED_EDGE ( 'NONE', *, *, #3945, .F. ) ;
#5316 = CARTESIAN_POINT ( 'NONE',  ( 1.231272515972387183, 1.000000000000000000, 3.382893434829278512 ) ) ;
#5317 = LINE ( 'NONE', #417, #5116 ) ;
#5318 = CIRCLE ( 'NONE', #6207, 0.2000000000000000389 ) ;
#5319 = CYLINDRICAL_SURFACE ( 'NONE', #868, 0.2000000000000000389 ) ;
#5320 = ORIENTED_EDGE ( 'NONE', *, *, #1936, .F. ) ;
#5321 = EDGE_CURVE ( 'NONE', #5839, #1779, #6597, .T. ) ;
#5322 = VERTEX_POINT ( 'NONE', #4076 ) ;
#5323 = VECTOR ( 'NONE', #2065, 39.37007874015748143 ) ;
#5324 = CARTESIAN_POINT ( 'NONE',  ( 1.746607323071575735, 1.000000000000000000, -1.206318475930117096 ) ) ;
#5325 = LINE ( 'NONE', #13, #1403 ) ;
#5326 = VECTOR ( 'NONE', #1623, 39.37007874015748143 ) ;
#5327 = DIRECTION ( 'NONE',  ( -0.4999999999999995559, 0.000000000000000000, 0.8660254037844388186 ) ) ;
#5328 = DIRECTION ( 'NONE',  ( -0.000000000000000000, 1.000000000000000000, -0.000000000000000000 ) ) ;
#5329 = ORIENTED_EDGE ( 'NONE', *, *, #1446, .F. ) ;
#5330 = DIRECTION ( 'NONE',  ( -1.000000000000000000, 0.000000000000000000, 6.982962677686266711E-15 ) ) ;
#5331 = VERTEX_POINT ( 'NONE', #4144 ) ;
#5332 = VERTEX_POINT ( 'NONE', #3612 ) ;
#5333 = CARTESIAN_POINT ( 'NONE',  ( -0.3295073712743759597, -0.3499999999999999778, -0.4000000000000000777 ) ) ;
#5334 = CIRCLE ( 'NONE', #2213, 0.2000000000000000389 ) ;
#5335 = PLANE ( 'NONE',  #5794 ) ;
#5336 = FACE_OUTER_BOUND ( 'NONE', #5825, .T. ) ;
#5337 = CARTESIAN_POINT ( 'NONE',  ( -0.2503407046077100739, 0.3499999999999999778, 0.3450000000000000844 ) ) ;
#5338 = CIRCLE ( 'NONE', #6452, 0.1999999999999999278 ) ;
#5339 = SURFACE_SIDE_STYLE ('',( #3288 ) ) ;
#5340 = VERTEX_POINT ( 'NONE', #2567 ) ;
#5341 = ORIENTED_EDGE ( 'NONE', *, *, #3871, .T. ) ;
#5342 = PLANE ( 'NONE',  #630 ) ;
#5343 = DIRECTION ( 'NONE',  ( 0.000000000000000000, 1.000000000000000000, 0.000000000000000000 ) ) ;
#5344 = VECTOR ( 'NONE', #5842, 39.37007874015748143 ) ;
#5345 = AXIS2_PLACEMENT_3D ( 'NONE', #1345, #5034, #1248 ) ;
#5346 = CARTESIAN_POINT ( 'NONE',  ( 2.000000000000255351, 0.5000000000000000000, 0.1999999999997445765 ) ) ;
#5347 = EDGE_CURVE ( 'NONE', #4745, #4769, #4233, .T. ) ;
#5348 = LINE ( 'NONE', #6886, #6471 ) ;
#5349 = EDGE_LOOP ( 'NONE', ( #4421, #128, #2871, #3086 ) ) ;
#5350 = CARTESIAN_POINT ( 'NONE',  ( -0.8267949192430791294, 0.2500000000000000000, -1.832050807568749162 ) ) ;
#5351 = VECTOR ( 'NONE', #5492, 39.37007874015748143 ) ;
#5352 = AXIS2_PLACEMENT_3D ( 'NONE', #4699, #1370, #2538 ) ;
#5353 = VERTEX_POINT ( 'NONE', #3950 ) ;
#5354 = CARTESIAN_POINT ( 'NONE',  ( -2.690312454397164821, 1.000000000000000000, -2.180944595493454763 ) ) ;
#5355 = CARTESIAN_POINT ( 'NONE',  ( -0.2503407046077101294, 0.3499999999999999778, 0.4449999999999999512 ) ) ;
#5356 = CARTESIAN_POINT ( 'NONE',  ( 0.2000000000005106582, 0.2500000000000000000, 2.000000000000000000 ) ) ;
#5357 = VECTOR ( 'NONE', #3253, 39.37007874015748854 ) ;
#5358 = VECTOR ( 'NONE', #5654, 39.37007874015748143 ) ;
#5359 = DIRECTION ( 'NONE',  ( 0.000000000000000000, 0.000000000000000000, -1.000000000000000000 ) ) ;
#5360 = EDGE_LOOP ( 'NONE', ( #5178, #468, #3258, #3782 ) ) ;
#5361 = ORIENTED_EDGE ( 'NONE', *, *, #6451, .T. ) ;
#5362 = CIRCLE ( 'NONE', #4690, 0.09999999999999999167 ) ;
#5363 = ORIENTED_EDGE ( 'NONE', *, *, #3269, .F. ) ;
#5364 = CARTESIAN_POINT ( 'NONE',  ( 0.8267949192431464089, 0.2500000000000000000, -1.832050807569004736 ) ) ;
#5365 = CARTESIAN_POINT ( 'NONE',  ( -0.2000000000000000111, 0.5000000000000000000, -3.599999999999999645 ) ) ;
#5366 = VECTOR ( 'NONE', #5065, 39.37007874015748143 ) ;
#5367 = FACE_OUTER_BOUND ( 'NONE', #149, .T. ) ;
#5368 = PLANE ( 'NONE',  #5629 ) ;
#5369 = ORIENTED_EDGE ( 'NONE', *, *, #6286, .F. ) ;
#5370 = CARTESIAN_POINT ( 'NONE',  ( 0.000000000000000000, 0.000000000000000000, 0.000000000000000000 ) ) ;
#5371 = ORIENTED_EDGE ( 'NONE', *, *, #809, .F. ) ;
#5372 = ORIENTED_EDGE ( 'NONE', *, *, #2443, .T. ) ;
#5373 = LINE ( 'NONE', #573, #4363 ) ;
#5374 = EDGE_CURVE ( 'NONE', #1349, #2174, #5233, .T. ) ;
#5375 = CARTESIAN_POINT ( 'NONE',  ( 0.8267949192435893879, 0.2500000000000000000, 1.832050807568749384 ) ) ;
#5376 = DIRECTION ( 'NONE',  ( 0.000000000000000000, 0.000000000000000000, 1.000000000000000000 ) ) ;
#5377 = DIRECTION ( 'NONE',  ( -0.8660254037844388186, 0.000000000000000000, -0.4999999999999997224 ) ) ;
#5378 = DIRECTION ( 'NONE',  ( -0.000000000000000000, 1.000000000000000000, -0.000000000000000000 ) ) ;
#5379 = CARTESIAN_POINT ( 'NONE',  ( -2.788184082349624671, 1.000000000000000000, 2.370723508515655276 ) ) ;
#5380 = EDGE_LOOP ( 'NONE', ( #4243, #1903, #2813, #6320 ) ) ;
#5381 = ORIENTED_EDGE ( 'NONE', *, *, #4827, .F. ) ;
#5382 = FACE_BOUND ( 'NONE', #891, .T. ) ;
#5383 = DIRECTION ( 'NONE',  ( 0.000000000000000000, 0.000000000000000000, -1.000000000000000000 ) ) ;
#5384 = FACE_OUTER_BOUND ( 'NONE', #5524, .T. ) ;
#5385 = CARTESIAN_POINT ( 'NONE',  ( 0.3446038644310982502, 1.000000000000000000, 2.215765550180978760 ) ) ;
#5386 = ORIENTED_EDGE ( 'NONE', *, *, #6038, .F. ) ;
#5387 = CARTESIAN_POINT ( 'NONE',  ( -3.273993744141478590, 0.000000000000000000, 1.129276491484287215 ) ) ;
#5388 = ORIENTED_EDGE ( 'NONE', *, *, #4366, .T. ) ;
#5389 = CONTEXT_DEPENDENT_SHAPE_REPRESENTATION ( #6297, #2880 ) ;
#5390 = CARTESIAN_POINT ( 'NONE',  ( 0.8555891799356175609, 0.5000000000000000000, -0.5631422929899629892 ) ) ;
#5391 = EDGE_CURVE ( 'NONE', #3299, #4574, #1266, .T. ) ;
#5392 = DIRECTION ( 'NONE',  ( 0.000000000000000000, -0.000000000000000000, 1.000000000000000000 ) ) ;
#5393 = CARTESIAN_POINT ( 'NONE',  ( 3.462783069340739317, 0.000000000000000000, 0.2585990237438039463 ) ) ;
#5394 = FACE_OUTER_BOUND ( 'NONE', #5281, .T. ) ;
#5395 = ORIENTED_EDGE ( 'NONE', *, *, #257, .F. ) ;
#5396 = ORIENTED_EDGE ( 'NONE', *, *, #3000, .F. ) ;
#5397 = CARTESIAN_POINT ( 'NONE',  ( -0.6590147425487540289, 0.000000000000000000, -3.399999999999999911 ) ) ;
#5398 = EDGE_CURVE ( 'NONE', #2707, #370, #3058, .T. ) ;
#5399 = CARTESIAN_POINT ( 'NONE',  ( 3.462783069340739317, 1.000000000000000000, 0.05859902374380376172 ) ) ;
#5400 = PLANE ( 'NONE',  #6254 ) ;
#5401 = CARTESIAN_POINT ( 'NONE',  ( 1.081658159549203191, 1.000000000000000000, -1.964277073793383011 ) ) ;
#5402 = ORIENTED_EDGE ( 'NONE', *, *, #5904, .T. ) ;
#5403 = APPLICATION_PROTOCOL_DEFINITION ( 'draft international standard', 'automotive_design', 1998, #2247 ) ;
#5404 = ORIENTED_EDGE ( 'NONE', *, *, #6179, .F. ) ;
#5405 = EDGE_LOOP ( 'NONE', ( #2192, #6375 ) ) ;
#5406 = DIRECTION ( 'NONE',  ( 0.000000000000000000, 1.000000000000000000, 0.000000000000000000 ) ) ;
#5407 = DIRECTION ( 'NONE',  ( 0.000000000000000000, 0.000000000000000000, 1.000000000000000000 ) ) ;
#5408 = CARTESIAN_POINT ( 'NONE',  ( 2.122263259600139396, 0.000000000000000000, 0.7241322073358263944 ) ) ;
#5409 = PLANE ( 'NONE',  #5413 ) ;
#5410 =( LENGTH_UNIT ( ) NAMED_UNIT ( * ) SI_UNIT ( $, .METRE. ) );
#5411 = VERTEX_POINT ( 'NONE', #2500 ) ;
#5412 = VERTEX_POINT ( 'NONE', #4656 ) ;
#5413 = AXIS2_PLACEMENT_3D ( 'NONE', #4432, #2365, #4402 ) ;
#5414 = CYLINDRICAL_SURFACE ( 'NONE', #405, 0.1999999999999997891 ) ;
#5415 = CARTESIAN_POINT ( 'NONE',  ( 1.558041587762013735, 0.000000000000000000, 1.627677395670831251 ) ) ;
#5416 = DIRECTION ( 'NONE',  ( 0.000000000000000000, 0.000000000000000000, -1.000000000000000000 ) ) ;
#5417 = AXIS2_PLACEMENT_3D ( 'NONE', #2982, #3441, #5110 ) ;
#5418 = LINE ( 'NONE', #6047, #4462 ) ;
#5419 = ORIENTED_EDGE ( 'NONE', *, *, #6885, .F. ) ;
#5420 = DIRECTION ( 'NONE',  ( -0.000000000000000000, 1.000000000000000000, -0.000000000000000000 ) ) ;
#5421 = ORIENTED_EDGE ( 'NONE', *, *, #4732, .F. ) ;
#5422 = CONTEXT_DEPENDENT_SHAPE_REPRESENTATION ( #2058, #4487 ) ;
#5423 = AXIS2_PLACEMENT_3D ( 'NONE', #2175, #2668, #553 ) ;
#5424 = LINE ( 'NONE', #3268, #4902 ) ;
#5425 = CYLINDRICAL_SURFACE ( 'NONE', #1221, 0.1999999999999998446 ) ;
#5426 = LINE ( 'NONE', #2783, #3794 ) ;
#5427 = ORIENTED_EDGE ( 'NONE', *, *, #2061, .T. ) ;
#5428 = ADVANCED_BREP_SHAPE_REPRESENTATION ( '', ( #3737, #3479 ), #3256 ) ;
#5429 = VECTOR ( 'NONE', #4411, 39.37007874015748143 ) ;
#5430 = EDGE_CURVE ( 'NONE', #2719, #6171, #1433, .T. ) ;
#5431 = ORIENTED_EDGE ( 'NONE', *, *, #3869, .T. ) ;
#5432 = DIRECTION ( 'NONE',  ( 0.000000000000000000, 0.000000000000000000, -1.000000000000000000 ) ) ;
#5433 = DIRECTION ( 'NONE',  ( 0.000000000000000000, 0.000000000000000000, -1.000000000000000000 ) ) ;
#5434 = AXIS2_PLACEMENT_3D ( 'NONE', #3482, #6188, #1292 ) ;
#5435 = EDGE_CURVE ( 'NONE', #1611, #3942, #6192, .T. ) ;
#5436 = DIRECTION ( 'NONE',  ( -0.000000000000000000, 1.000000000000000000, -0.000000000000000000 ) ) ;
#5437 = DIRECTION ( 'NONE',  ( 0.000000000000000000, 0.000000000000000000, -1.000000000000000000 ) ) ;
#5438 = CIRCLE ( 'NONE', #5994, 4.000000000000000000 ) ;
#5439 = ORIENTED_EDGE ( 'NONE', *, *, #5017, .F. ) ;
#5440 = ORIENTED_EDGE ( 'NONE', *, *, #5728, .F. ) ;
#5441 = VERTEX_POINT ( 'NONE', #3419 ) ;
#5442 = FACE_OUTER_BOUND ( 'NONE', #445, .T. ) ;
#5443 = DIRECTION ( 'NONE',  ( -0.3521627422493377457, 0.000000000000000000, -0.9359387816366124824 ) ) ;
#5444 = AXIS2_PLACEMENT_3D ( 'NONE', #3601, #6214, #2630 ) ;
#5445 = CARTESIAN_POINT ( 'NONE',  ( 3.450795136118002038, 2.311796791384322702, 0.6924203903004989558 ) ) ;
#5446 = CYLINDRICAL_SURFACE ( 'NONE', #1435, 0.2000000000000000389 ) ;
#5447 = CARTESIAN_POINT ( 'NONE',  ( 0.8267949192435893879, 0.2500000000000000000, 1.832050807568749384 ) ) ;
#5448 = ORIENTED_EDGE ( 'NONE', *, *, #397, .T. ) ;
#5449 = VERTEX_POINT ( 'NONE', #2331 ) ;
#5450 = EDGE_LOOP ( 'NONE', ( #974, #4023, #2147, #5627 ) ) ;
#5451 = DIRECTION ( 'NONE',  ( 0.000000000000000000, 1.000000000000000000, -0.000000000000000000 ) ) ;
#5452 = CARTESIAN_POINT ( 'NONE',  ( 1.680643291471281664, 0.000000000000000000, -3.028157617715626859 ) ) ;
#5453 = LINE ( 'NONE', #32, #4227 ) ;
#5454 = VECTOR ( 'NONE', #5916, 39.37007874015748143 ) ;
#5455 = CARTESIAN_POINT ( 'NONE',  ( 3.462783069340739317, 0.000000000000000000, 0.05859902374380376172 ) ) ;
#5456 = ORIENTED_EDGE ( 'NONE', *, *, #5001, .F. ) ;
#5457 = DIRECTION ( 'NONE',  ( 0.000000000000000000, 0.000000000000000000, 1.000000000000000000 ) ) ;
#5458 = ORIENTED_EDGE ( 'NONE', *, *, #2623, .F. ) ;
#5459 = AXIS2_PLACEMENT_3D ( 'NONE', #91, #3353, #4369 ) ;
#5460 = DIRECTION ( 'NONE',  ( 0.000000000000000000, -0.000000000000000000, 1.000000000000000000 ) ) ;
#5461 = DIRECTION ( 'NONE',  ( 0.000000000000000000, 0.000000000000000000, 1.000000000000000000 ) ) ;
#5462 = LINE ( 'NONE', #5393, #4678 ) ;
#5463 = DIRECTION ( 'NONE',  ( 0.000000000000000000, 1.000000000000000000, -0.000000000000000000 ) ) ;
#5464 = VERTEX_POINT ( 'NONE', #946 ) ;
#5465 = AXIS2_PLACEMENT_3D ( 'NONE', #3724, #1579, #3758 ) ;
#5466 = EDGE_LOOP ( 'NONE', ( #6647, #4119, #5510, #2518, #263, #2282, #3703, #1272 ) ) ;
#5467 = DIRECTION ( 'NONE',  ( 0.000000000000000000, 1.000000000000000000, -0.000000000000000000 ) ) ;
#5468 = AXIS2_PLACEMENT_3D ( 'NONE', #6740, #2380, #1960 ) ;
#5469 = AXIS2_PLACEMENT_3D ( 'NONE', #4188, #1561, #2549 ) ;
#5470 = AXIS2_PLACEMENT_3D ( 'NONE', #4823, #2735, #5942 ) ;
#5471 = ORIENTED_EDGE ( 'NONE', *, *, #6398, .F. ) ;
#5472 = ORIENTED_EDGE ( 'NONE', *, *, #5217, .F. ) ;
#5473 = CARTESIAN_POINT ( 'NONE',  ( 3.017691453624362197, 0.2500000000000000000, 1.973205080756666119 ) ) ;
#5474 = ADVANCED_FACE ( 'NONE', ( #5215 ), #711, .T. ) ;
#5475 = DIRECTION ( 'NONE',  ( 0.000000000000000000, 0.000000000000000000, -1.000000000000000000 ) ) ;
#5476 = AXIS2_PLACEMENT_3D ( 'NONE', #3141, #918, #991 ) ;
#5477 =( NAMED_UNIT ( * ) SI_UNIT ( $, .STERADIAN. ) SOLID_ANGLE_UNIT ( ) );
#5478 = DIRECTION ( 'NONE',  ( 0.000000000000000000, 1.000000000000000000, -0.000000000000000000 ) ) ;
#5479 = DIRECTION ( 'NONE',  ( -0.000000000000000000, 1.000000000000000000, -0.000000000000000000 ) ) ;
#5480 = ORIENTED_EDGE ( 'NONE', *, *, #1330, .T. ) ;
#5481 = ORIENTED_EDGE ( 'NONE', *, *, #5848, .F. ) ;
#5482 = DIMENSIONAL_EXPONENTS ( 1.000000000000000000, 0.000000000000000000, 0.000000000000000000, 0.000000000000000000, 0.000000000000000000, 0.000000000000000000, 0.000000000000000000 ) ;
#5483 = ORIENTED_EDGE ( 'NONE', *, *, #4585, .F. ) ;
#5484 = DIRECTION ( 'NONE',  ( 1.280553747030123569E-16, 0.000000000000000000, 1.000000000000000000 ) ) ;
#5485 = PRESENTATION_STYLE_ASSIGNMENT (( #3296 ) ) ;
#5486 = VERTEX_POINT ( 'NONE', #6300 ) ;
#5487 = CARTESIAN_POINT ( 'NONE',  ( -3.217691453623852560, 0.2500000000000000000, -1.626794919242888549 ) ) ;
#5488 = ORIENTED_EDGE ( 'NONE', *, *, #5823, .F. ) ;
#5489 = ADVANCED_FACE ( 'NONE', ( #2898 ), #2864, .F. ) ;
#5490 = LINE ( 'NONE', #2314, #5454 ) ;
#5491 = CARTESIAN_POINT ( 'NONE',  ( 0.000000000000000000, 1.000000000000000000, 0.000000000000000000 ) ) ;
#5492 = DIRECTION ( 'NONE',  ( -0.000000000000000000, -1.000000000000000000, -0.000000000000000000 ) ) ;
#5493 = ORIENTED_EDGE ( 'NONE', *, *, #3873, .T. ) ;
#5494 = VERTEX_POINT ( 'NONE', #356 ) ;
#5495 = PRODUCT_DEFINITION_FORMATION_WITH_SPECIFIED_SOURCE ( 'ANY', '', #6610, .NOT_KNOWN. ) ;
#5496 = ADVANCED_FACE ( 'NONE', ( #6750 ), #4757, .F. ) ;
#5497 = LINE ( 'NONE', #6025, #2530 ) ;
#5498 = CARTESIAN_POINT ( 'NONE',  ( -2.614979001592735219, 1.000000000000000000, 2.270723508515657851 ) ) ;
#5499 = EDGE_CURVE ( 'NONE', #6165, #5854, #3788, .T. ) ;
#5500 = ORIENTED_EDGE ( 'NONE', *, *, #4692, .T. ) ;
#5501 = EDGE_CURVE ( 'NONE', #4070, #1447, #5669, .T. ) ;
#5502 = ORIENTED_EDGE ( 'NONE', *, *, #4408, .T. ) ;
#5503 = DIRECTION ( 'NONE',  ( 0.000000000000000000, -0.000000000000000000, -1.000000000000000000 ) ) ;
#5504 = PLANE ( 'NONE',  #1891 ) ;
#5505 = DIRECTION ( 'NONE',  ( 0.7660444431189683545, -3.239521767463302742E-17, 0.6427876096865511313 ) ) ;
#5506 = DIRECTION ( 'NONE',  ( -0.000000000000000000, 1.000000000000000000, -0.000000000000000000 ) ) ;
#5507 = CARTESIAN_POINT ( 'NONE',  ( 1.618049801134266552, 0.000000000000000000, -1.253109587306322492 ) ) ;
#5508 = ADVANCED_FACE ( 'NONE', ( #5394 ), #2604, .T. ) ;
#5509 = ORIENTED_EDGE ( 'NONE', *, *, #6709, .T. ) ;
#5510 = ORIENTED_EDGE ( 'NONE', *, *, #1563, .T. ) ;
#5511 = ORIENTED_EDGE ( 'NONE', *, *, #2740, .F. ) ;
#5512 = DIRECTION ( 'NONE',  ( -0.000000000000000000, 1.000000000000000000, -0.000000000000000000 ) ) ;
#5513 = PLANE ( 'NONE',  #1331 ) ;
#5514 = EDGE_LOOP ( 'NONE', ( #5231, #5386, #817, #614 ) ) ;
#5515 = ADVANCED_FACE ( 'NONE', ( #3688 ), #5815, .F. ) ;
#5516 = DIRECTION ( 'NONE',  ( 0.000000000000000000, 0.000000000000000000, 1.000000000000000000 ) ) ;
#5517 = ADVANCED_FACE ( 'NONE', ( #2180 ), #3166, .F. ) ;
#5518 = ORIENTED_EDGE ( 'NONE', *, *, #4141, .F. ) ;
#5519 = CARTESIAN_POINT ( 'NONE',  ( 3.233909651142278907, 1.000000000000000000, -1.239406631878910758 ) ) ;
#5520 = CARTESIAN_POINT ( 'NONE',  ( 1.506366858664325292, 0.000000000000000000, -3.126278588807858139 ) ) ;
#5521 = AXIS2_PLACEMENT_3D ( 'NONE', #6615, #247, #127 ) ;
#5522 = DIRECTION ( 'NONE',  ( 0.9848077530122085754, 0.000000000000000000, -0.1736481776669274724 ) ) ;
#5523 = CARTESIAN_POINT ( 'NONE',  ( 2.484772072303334856, 1.000000000000000000, 2.422533111522332305 ) ) ;
#5524 = EDGE_LOOP ( 'NONE', ( #234, #564, #593, #4499 ) ) ;
#5525 = AXIS2_PLACEMENT_3D ( 'NONE', #5700, #2523, #1462 ) ;
#5526 = EDGE_LOOP ( 'NONE', ( #5296, #5176, #333, #3743 ) ) ;
#5527 = CARTESIAN_POINT ( 'NONE',  ( 5.110519251556474102E-13, 0.5000000000000000000, 3.599999999999999645 ) ) ;
#5528 = VECTOR ( 'NONE', #1070, 39.37007874015748143 ) ;
#5529 = VERTEX_POINT ( 'NONE', #1084 ) ;
#5530 = EDGE_LOOP ( 'NONE', ( #6887, #2760, #5083, #406 ) ) ;
#5531 = DIRECTION ( 'NONE',  ( -0.8660254037844385966, 0.000000000000000000, -0.5000000000000002220 ) ) ;
#5532 = DIRECTION ( 'NONE',  ( 0.000000000000000000, 1.000000000000000000, -0.000000000000000000 ) ) ;
#5533 = ADVANCED_FACE ( 'NONE', ( #1654 ), #5919, .F. ) ;
#5534 = DIRECTION ( 'NONE',  ( 0.000000000000000000, 0.000000000000000000, 1.000000000000000000 ) ) ;
#5535 = CIRCLE ( 'NONE', #1193, 0.1999999999999999833 ) ;
#5536 = ADVANCED_FACE ( 'NONE', ( #4204 ), #5319, .F. ) ;
#5537 = CARTESIAN_POINT ( 'NONE',  ( -0.2170073712743767758, -0.3499999999999999778, 0.2999999999999999334 ) ) ;
#5538 = FACE_OUTER_BOUND ( 'NONE', #6517, .T. ) ;
#5539 = ORIENTED_EDGE ( 'NONE', *, *, #4066, .F. ) ;
#5540 = PRODUCT ( 'CoilUnitAssembly', 'CoilUnitAssembly', '', ( #6122 ) ) ;
#5541 = EDGE_LOOP ( 'NONE', ( #2483, #2508, #5988, #4386 ) ) ;
#5542 = EDGE_LOOP ( 'NONE', ( #3759, #4659 ) ) ;
#5543 = VECTOR ( 'NONE', #4266, 39.37007874015748143 ) ;
#5544 = CYLINDRICAL_SURFACE ( 'NONE', #2222, 0.2000000000000000389 ) ;
#5545 = CARTESIAN_POINT ( 'NONE',  ( -1.632050807568750539, 0.2500000000000000000, -1.173205080756665186 ) ) ;
#5546 = ORIENTED_EDGE ( 'NONE', *, *, #1105, .F. ) ;
#5547 = VECTOR ( 'NONE', #3444, 39.37007874015748143 ) ;
#5548 = FACE_OUTER_BOUND ( 'NONE', #1948, .T. ) ;
#5549 = ORIENTED_EDGE ( 'NONE', *, *, #4532, .F. ) ;
#5550 = DIRECTION ( 'NONE',  ( 0.000000000000000000, 0.000000000000000000, -1.000000000000000000 ) ) ;
#5551 = CARTESIAN_POINT ( 'NONE',  ( -2.314035394871508888, 0.000000000000000000, -2.757759995228349581 ) ) ;
#5552 = EDGE_CURVE ( 'NONE', #6109, #2945, #3558, .T. ) ;
#5553 = AXIS2_PLACEMENT_3D ( 'NONE', #2347, #797, #2978 ) ;
#5554 = EDGE_CURVE ( 'NONE', #6146, #6716, #486, .T. ) ;
#5555 = DIRECTION ( 'NONE',  ( 0.000000000000000000, 1.000000000000000000, -0.000000000000000000 ) ) ;
#5556 = LINE ( 'NONE', #6579, #5801 ) ;
#5557 = ORIENTED_EDGE ( 'NONE', *, *, #1574, .T. ) ;
#5558 = LINE ( 'NONE', #2458, #4420 ) ;
#5559 = LENGTH_MEASURE_WITH_UNIT ( LENGTH_MEASURE( 0.02539999999999999897 ), #1168 );
#5560 = ORIENTED_EDGE ( 'NONE', *, *, #2837, .F. ) ;
#5561 = LINE ( 'NONE', #2985, #4881 ) ;
#5562 = EDGE_CURVE ( 'NONE', #2558, #5199, #2642, .T. ) ;
#5563 = FACE_OUTER_BOUND ( 'NONE', #672, .T. ) ;
#5564 = VECTOR ( 'NONE', #490, 39.37007874015748143 ) ;
#5565 = ORIENTED_EDGE ( 'NONE', *, *, #4739, .T. ) ;
#5566 = VECTOR ( 'NONE', #2853, 39.37007874015748143 ) ;
#5567 = ORIENTED_EDGE ( 'NONE', *, *, #2842, .F. ) ;
#5568 = AXIS2_PLACEMENT_3D ( 'NONE', #2413, #1286, #2453 ) ;
#5569 = LINE ( 'NONE', #2468, #3455 ) ;
#5570 = CARTESIAN_POINT ( 'NONE',  ( -3.233909651142261588, 0.000000000000000000, -1.239406631878953391 ) ) ;
#5571 = DIRECTION ( 'NONE',  ( -0.8660254037844385966, 0.000000000000000000, 0.4999999999999998335 ) ) ;
#5572 = AXIS2_PLACEMENT_3D ( 'NONE', #6809, #1035, #927 ) ;
#5573 = AXIS2_PLACEMENT_3D ( 'NONE', #4277, #4812, #1063 ) ;
#5574 = LINE ( 'NONE', #5059, #2466 ) ;
#5575 = LINE ( 'NONE', #98, #169 ) ;
#5576 = VERTEX_POINT ( 'NONE', #1049 ) ;
#5577 = EDGE_LOOP ( 'NONE', ( #6782, #2424, #5103, #3868 ) ) ;
#5578 = EDGE_LOOP ( 'NONE', ( #2581, #4989, #2103, #6673 ) ) ;
#5579 = ADVANCED_FACE ( 'NONE', ( #6894 ), #4280, .F. ) ;
#5580 = AXIS2_PLACEMENT_3D ( 'NONE', #47, #3277, #5960 ) ;
#5581 = FACE_OUTER_BOUND ( 'NONE', #2481, .T. ) ;
#5582 = DIRECTION ( 'NONE',  ( 0.000000000000000000, 0.000000000000000000, 1.000000000000000000 ) ) ;
#5583 = EDGE_CURVE ( 'NONE', #6529, #6347, #8, .T. ) ;
#5584 = FACE_OUTER_BOUND ( 'NONE', #595, .T. ) ;
#5585 = ORIENTED_EDGE ( 'NONE', *, *, #933, .F. ) ;
#5586 = DIRECTION ( 'NONE',  ( -0.7660444431189772363, 0.000000000000000000, -0.6427876096865403621 ) ) ;
#5587 = ORIENTED_EDGE ( 'NONE', *, *, #1359, .T. ) ;
#5588 = EDGE_CURVE ( 'NONE', #2346, #5353, #5912, .T. ) ;
#5589 = LINE ( 'NONE', #794, #1526 ) ;
#5590 = PLANE ( 'NONE',  #5665 ) ;
#5591 = CARTESIAN_POINT ( 'NONE',  ( 0.4340147425487537736, 0.3500000000000000333, 0.5999999999999999778 ) ) ;
#5592 = DIRECTION ( 'NONE',  ( 0.000000000000000000, 0.000000000000000000, 1.000000000000000000 ) ) ;
#5593 = EDGE_LOOP ( 'NONE', ( #1965, #6301, #1126, #5831 ) ) ;
#5594 = CARTESIAN_POINT ( 'NONE',  ( 0.2000000000005110745, 0.2500000000000000000, 3.599999999999999645 ) ) ;
#5595 = SHAPE_DEFINITION_REPRESENTATION ( #294, #5835 ) ;
#5596 = ADVANCED_FACE ( 'NONE', ( #2713 ), #456, .T. ) ;
#5597 = EDGE_LOOP ( 'NONE', ( #5770, #3093, #2894, #1842 ) ) ;
#5598 = LINE ( 'NONE', #4009, #6888 ) ;
#5599 = EDGE_CURVE ( 'NONE', #6614, #5218, #2215, .T. ) ;
#5600 = LINE ( 'NONE', #282, #3549 ) ;
#5601 = EDGE_CURVE ( 'NONE', #1715, #6430, #4909, .T. ) ;
#5602 = AXIS2_PLACEMENT_3D ( 'NONE', #6859, #520, #5254 ) ;
#5603 = EDGE_CURVE ( 'NONE', #5732, #4510, #2317, .T. ) ;
#5604 = ORIENTED_EDGE ( 'NONE', *, *, #6374, .T. ) ;
#5605 = DIRECTION ( 'NONE',  ( -0.000000000000000000, 1.000000000000000000, -0.000000000000000000 ) ) ;
#5606 = ORIENTED_EDGE ( 'NONE', *, *, #712, .T. ) ;
#5607 = DIRECTION ( 'NONE',  ( -0.8660254037844385966, 0.000000000000000000, 0.4999999999999998890 ) ) ;
#5608 = DIRECTION ( 'NONE',  ( 0.000000000000000000, 0.000000000000000000, -1.000000000000000000 ) ) ;
#5609 = LINE ( 'NONE', #1405, #4083 ) ;
#5610 = EDGE_LOOP ( 'NONE', ( #4444, #3034, #6032, #1655, #4818, #5539, #1071, #2021 ) ) ;
#5611 = ORIENTED_EDGE ( 'NONE', *, *, #1277, .T. ) ;
#5612 = EDGE_LOOP ( 'NONE', ( #2087, #191, #5004, #1914 ) ) ;
#5613 = DIRECTION ( 'NONE',  ( 0.000000000000000000, 0.000000000000000000, 1.000000000000000000 ) ) ;
#5614 = LINE ( 'NONE', #820, #1911 ) ;
#5615 = CARTESIAN_POINT ( 'NONE',  ( -2.020778639052807080, 0.000000000000000000, -0.9966348305782005701 ) ) ;
#5616 = FACE_OUTER_BOUND ( 'NONE', #3856, .T. ) ;
#5617 = ORIENTED_EDGE ( 'NONE', *, *, #3218, .T. ) ;
#5618 = CARTESIAN_POINT ( 'NONE',  ( 1.973205080756921470, 0.2500000000000000000, -3.017691453624107289 ) ) ;
#5619 = EDGE_CURVE ( 'NONE', #3160, #2191, #3686, .T. ) ;
#5620 = LINE ( 'NONE', #6739, #3903 ) ;
#5621 = DIRECTION ( 'NONE',  ( 0.4999999999999998335, 0.000000000000000000, -0.8660254037844388186 ) ) ;
#5622 = VECTOR ( 'NONE', #784, 39.37007874015747433 ) ;
#5623 = DIRECTION ( 'NONE',  ( -0.000000000000000000, 1.000000000000000000, -0.000000000000000000 ) ) ;
#5624 = ORIENTED_EDGE ( 'NONE', *, *, #720, .F. ) ;
#5625 = EDGE_CURVE ( 'NONE', #3691, #1349, #3831, .T. ) ;
#5626 = CARTESIAN_POINT ( 'NONE',  ( 1.626794919243146120, 0.2500000000000000000, -3.217691453624107467 ) ) ;
#5627 = ORIENTED_EDGE ( 'NONE', *, *, #4620, .T. ) ;
#5628 = PLANE ( 'NONE',  #3995 ) ;
#5629 = AXIS2_PLACEMENT_3D ( 'NONE', #2611, #2722, #1094 ) ;
#5630 = LINE ( 'NONE', #5152, #5547 ) ;
#5631 = EDGE_CURVE ( 'NONE', #6529, #1730, #2886, .T. ) ;
#5632 = EDGE_CURVE ( 'NONE', #3833, #2355, #5955, .T. ) ;
#5633 = ORIENTED_EDGE ( 'NONE', *, *, #5552, .T. ) ;
#5634 = DIRECTION ( 'NONE',  ( 0.7660444431189765702, -0.000000000000000000, 0.6427876096865410283 ) ) ;
#5635 = CARTESIAN_POINT ( 'NONE',  ( 2.091211187502687530, 0.000000000000000000, -0.8094470742508508287 ) ) ;
#5636 = PRESENTATION_LAYER_ASSIGNMENT (  '', '', ( #1390 ) ) ;
#5637 = PLANE ( 'NONE',  #4672 ) ;
#5638 = EDGE_CURVE ( 'NONE', #6223, #3116, #6516, .T. ) ;
#5639 = PLANE ( 'NONE',  #2691 ) ;
#5640 = DIRECTION ( 'NONE',  ( -1.000000000000000000, 0.000000000000000000, -0.000000000000000000 ) ) ;
#5641 = VERTEX_POINT ( 'NONE', #3865 ) ;
#5642 = ORIENTED_EDGE ( 'NONE', *, *, #1018, .T. ) ;
#5643 = EDGE_LOOP ( 'NONE', ( #5617, #4885, #218, #3432 ) ) ;
#5644 = CARTESIAN_POINT ( 'NONE',  ( 0.3295073712743768479, -0.3500000000000000333, -0.3000000000000000999 ) ) ;
#5645 = VECTOR ( 'NONE', #703, 39.37007874015748143 ) ;
#5646 = DIRECTION ( 'NONE',  ( 0.8660254037844391517, 0.000000000000000000, 0.4999999999999991673 ) ) ;
#5647 = DIRECTION ( 'NONE',  ( -1.000000000000000000, 0.000000000000000000, 1.573591704294117338E-16 ) ) ;
#5648 = EDGE_LOOP ( 'NONE', ( #3396, #2176, #4712, #2433 ) ) ;
#5649 = CARTESIAN_POINT ( 'NONE',  ( 3.430871201744721155, 1.000000000000000000, -1.274136267412294465 ) ) ;
#5650 = AXIS2_PLACEMENT_3D ( 'NONE', #4828, #1615, #1690 ) ;
#5651 = VERTEX_POINT ( 'NONE', #5523 ) ;
#5652 = DIRECTION ( 'NONE',  ( 0.000000000000000000, 1.000000000000000000, -0.000000000000000000 ) ) ;
#5653 = CARTESIAN_POINT ( 'NONE',  ( 1.515043436294495116, 0.000000000000000000, 1.375867792664189571 ) ) ;
#5654 = DIRECTION ( 'NONE',  ( -1.000000000000000000, 0.000000000000000000, 0.000000000000000000 ) ) ;
#5655 = AXIS2_PLACEMENT_3D ( 'NONE', #5832, #6814, #4131 ) ;
#5656 = DIRECTION ( 'NONE',  ( -0.8660254037844385966, 0.000000000000000000, -0.5000000000000001110 ) ) ;
#5657 = ORIENTED_EDGE ( 'NONE', *, *, #6564, .T. ) ;
#5658 = CARTESIAN_POINT ( 'NONE',  ( -1.285575219373060518, 0.000000000000000000, -1.532088886237972458 ) ) ;
#5659 = VERTEX_POINT ( 'NONE', #3935 ) ;
#5660 = AXIS2_PLACEMENT_3D ( 'NONE', #1055, #5779, #989 ) ;
#5661 = LINE ( 'NONE', #6746, #2202 ) ;
#5662 = FACE_OUTER_BOUND ( 'NONE', #5349, .T. ) ;
#5663 = ADVANCED_BREP_SHAPE_REPRESENTATION ( '', ( #3496, #3479 ), #4259 ) ;
#5664 = LINE ( 'NONE', #3542, #318 ) ;
#5665 = AXIS2_PLACEMENT_3D ( 'NONE', #5551, #3531, #308 ) ;
#5666 = VERTEX_POINT ( 'NONE', #4949 ) ;
#5667 = DIRECTION ( 'NONE',  ( -0.000000000000000000, 1.000000000000000000, -0.000000000000000000 ) ) ;
#5668 = PRODUCT_DEFINITION ( 'UNKNOWN', '', #6390, #1702 ) ;
#5669 = CIRCLE ( 'NONE', #5793, 0.1999999999999997891 ) ;
#5670 = FACE_BOUND ( 'NONE', #1085, .T. ) ;
#5671 = EDGE_CURVE ( 'NONE', #1170, #3658, #4457, .T. ) ;
#5672 = AXIS2_PLACEMENT_3D ( 'NONE', #5833, #1492, #3187 ) ;
#5673 = EDGE_CURVE ( 'NONE', #905, #4718, #6548, .T. ) ;
#5674 = CARTESIAN_POINT ( 'NONE',  ( -0.2170073712743761929, -0.3499999999999999778, 0.3999999999999999667 ) ) ;
#5675 = CARTESIAN_POINT ( 'NONE',  ( -1.949058178843259270, 0.000000000000000000, 0.6241322073357992162 ) ) ;
#5676 = DIRECTION ( 'NONE',  ( -0.000000000000000000, 1.000000000000000000, -0.000000000000000000 ) ) ;
#5677 = VECTOR ( 'NONE', #1961, 39.37007874015748854 ) ;
#5678 = UNCERTAINTY_MEASURE_WITH_UNIT (LENGTH_MEASURE( 1.000000000000000082E-05 ), #434, 'distance_accuracy_value', 'NONE');
#5679 = VECTOR ( 'NONE', #1440, 39.37007874015748143 ) ;
#5680 = ORIENTED_EDGE ( 'NONE', *, *, #6671, .F. ) ;
#5681 = VERTEX_POINT ( 'NONE', #1761 ) ;
#5682 = ORIENTED_EDGE ( 'NONE', *, *, #750, .F. ) ;
#5683 = EDGE_CURVE ( 'NONE', #6311, #900, #5556, .T. ) ;
#5684 = EDGE_CURVE ( 'NONE', #4674, #5332, #2350, .T. ) ;
#5685 = DIRECTION ( 'NONE',  ( -0.8660254037844383745, 0.000000000000000000, 0.5000000000000004441 ) ) ;
#5686 = VECTOR ( 'NONE', #5377, 39.37007874015748854 ) ;
#5687 = CIRCLE ( 'NONE', #5468, 0.2000000000000000389 ) ;
#5688 = CARTESIAN_POINT ( 'NONE',  ( 1.000000000000477174, 0.2500000000000000000, 1.732050807568749295 ) ) ;
#5689 = PLANE ( 'NONE',  #116 ) ;
#5690 = VERTEX_POINT ( 'NONE', #3899 ) ;
#5691 = DIRECTION ( 'NONE',  ( 0.000000000000000000, 0.000000000000000000, 1.000000000000000000 ) ) ;
#5692 = AXIS2_PLACEMENT_3D ( 'NONE', #2766, #4893, #713 ) ;
#5693 = EDGE_LOOP ( 'NONE', ( #4819, #6050, #6499, #1448 ) ) ;
#5694 = CARTESIAN_POINT ( 'NONE',  ( 3.340361252238959189, 0.000000000000000000, 0.9406091814676557084 ) ) ;
#5695 = FACE_OUTER_BOUND ( 'NONE', #4667, .T. ) ;
#5696 = DIRECTION ( 'NONE',  ( -0.000000000000000000, 1.000000000000000000, -0.000000000000000000 ) ) ;
#5697 = AXIS2_PLACEMENT_3D ( 'NONE', #362, #3519, #6760 ) ;
#5698 = LINE ( 'NONE', #4003, #3016 ) ;
#5699 = ORIENTED_EDGE ( 'NONE', *, *, #5017, .T. ) ;
#5700 = CARTESIAN_POINT ( 'NONE',  ( 0.000000000000000000, 0.2500000000000000000, -2.000000000000000000 ) ) ;
#5701 = ORIENTED_EDGE ( 'NONE', *, *, #1581, .F. ) ;
#5702 = VERTEX_POINT ( 'NONE', #3439 ) ;
#5703 = AXIS2_PLACEMENT_3D ( 'NONE', #5265, #4183, #996 ) ;
#5704 = DIRECTION ( 'NONE',  ( 0.000000000000000000, 0.000000000000000000, 1.000000000000000000 ) ) ;
#5705 = CARTESIAN_POINT ( 'NONE',  ( -0.9531006376118713597, 0.000000000000000000, -1.811068185169599776 ) ) ;
#5706 = DIRECTION ( 'NONE',  ( -0.000000000000000000, -1.000000000000000000, -0.000000000000000000 ) ) ;
#5707 = ORIENTED_EDGE ( 'NONE', *, *, #1018, .F. ) ;
#5708 = LINE ( 'NONE', #1908, #117 ) ;
#5709 = DIRECTION ( 'NONE',  ( 0.000000000000000000, 0.000000000000000000, 1.000000000000000000 ) ) ;
#5710 = CARTESIAN_POINT ( 'NONE',  ( 0.000000000000000000, 0.2500000000000000000, 0.000000000000000000 ) ) ;
#5711 = LINE ( 'NONE', #5821, #1441 ) ;
#5712 = LINE ( 'NONE', #2995, #2633 ) ;
#5713 = ORIENTED_EDGE ( 'NONE', *, *, #1498, .T. ) ;
#5714 = PRODUCT_DEFINITION_SHAPE ( 'NONE', 'NONE',  #6927 ) ;
#5715 = CARTESIAN_POINT ( 'NONE',  ( -0.2612101882711792000, 2.928964839118206598, 1.434747626381270402 ) ) ;
#5716 = ORIENTED_EDGE ( 'NONE', *, *, #4437, .T. ) ;
#5717 = ORIENTED_EDGE ( 'NONE', *, *, #2799, .F. ) ;
#5718 = PRODUCT_DEFINITION_FORMATION_WITH_SPECIFIED_SOURCE ( 'ANY', '', #2591, .NOT_KNOWN. ) ;
#5719 = SURFACE_STYLE_FILL_AREA ( #1034 ) ;
#5720 = EDGE_CURVE ( 'NONE', #2751, #6223, #213, .T. ) ;
#5721 = CARTESIAN_POINT ( 'NONE',  ( 0.2761998357659666281, 0.000000000000000000, 2.027827026023796275 ) ) ;
#5722 = VERTEX_POINT ( 'NONE', #4479 ) ;
#5723 = DIRECTION ( 'NONE',  ( 0.1629875097639798265, 0.000000000000000000, 0.9866281324090331317 ) ) ;
#5724 = ORIENTED_EDGE ( 'NONE', *, *, #1589, .F. ) ;
#5725 = DIRECTION ( 'NONE',  ( -0.8660254037844383745, -0.000000000000000000, 0.5000000000000004441 ) ) ;
#5726 = CARTESIAN_POINT ( 'NONE',  ( 3.600000000000254996, 0.2500000000000000000, -2.555259625778237051E-13 ) ) ;
#5727 = LINE ( 'NONE', #5277, #4359 ) ;
#5728 = EDGE_CURVE ( 'NONE', #2455, #1703, #3377, .T. ) ;
#5729 = EDGE_CURVE ( 'NONE', #17, #1480, #5426, .T. ) ;
#5730 = ADVANCED_FACE ( 'NONE', ( #4981 ), #700, .F. ) ;
#5731 = LINE ( 'NONE', #3081, #5022 ) ;
#5732 = VERTEX_POINT ( 'NONE', #3405 ) ;
#5733 = CARTESIAN_POINT ( 'NONE',  ( -3.017691453623594811, 0.2500000000000000000, 1.973205080757110208 ) ) ;
#5734 = ORIENTED_EDGE ( 'NONE', *, *, #1429, .T. ) ;
#5735 = EDGE_LOOP ( 'NONE', ( #1593, #4546, #1915, #4666 ) ) ;
#5736 = DIRECTION ( 'NONE',  ( -0.1736481776669414889, 0.000000000000000000, 0.9848077530122060219 ) ) ;
#5737 = CARTESIAN_POINT ( 'NONE',  ( -0.8555891799356180050, 0.000000000000000000, -3.363142292989961035 ) ) ;
#5738 = DIRECTION ( 'NONE',  ( 0.000000000000000000, 0.000000000000000000, 1.000000000000000000 ) ) ;
#5739 = CIRCLE ( 'NONE', #2869, 0.2000000000000003164 ) ;
#5740 = EDGE_LOOP ( 'NONE', ( #5480, #102, #1753, #4934 ) ) ;
#5741 = CARTESIAN_POINT ( 'NONE',  ( 2.788184082349592696, 0.000000000000000000, 2.370723508515693911 ) ) ;
#5742 = LINE ( 'NONE', #5847, #190 ) ;
#5743 = CARTESIAN_POINT ( 'NONE',  ( -0.9999999999999668043, 0.5000000000000000000, -1.732050807568749073 ) ) ;
#5744 = VECTOR ( 'NONE', #2647, 39.37007874015748854 ) ;
#5745 = PLANE ( 'NONE',  #1686 ) ;
#5746 = CARTESIAN_POINT ( 'NONE',  ( 3.340361252238959189, 0.000000000000000000, 0.9406091814676557084 ) ) ;
#5747 = UNCERTAINTY_MEASURE_WITH_UNIT (LENGTH_MEASURE( 1.000000000000000082E-05 ), #1785, 'distance_accuracy_value', 'NONE');
#5748 = VERTEX_POINT ( 'NONE', #733 ) ;
#5749 = CARTESIAN_POINT ( 'NONE',  ( 1.138789811728841972, 2.928964839118206598, 6.659618756977695675 ) ) ;
#5750 = ADVANCED_FACE ( 'NONE', ( #6613 ), #1826, .F. ) ;
#5751 = ORIENTED_EDGE ( 'NONE', *, *, #6062, .F. ) ;
#5752 = VERTEX_POINT ( 'NONE', #244 ) ;
#5753 = VECTOR ( 'NONE', #975, 39.37007874015748143 ) ;
#5754 = LINE ( 'NONE', #3108, #4922 ) ;
#5755 = EDGE_CURVE ( 'NONE', #2052, #5061, #215, .T. ) ;
#5756 =( CONVERSION_BASED_UNIT ( 'INCH', #3721 ) LENGTH_UNIT ( ) NAMED_UNIT ( #2819 ) );
#5757 = AXIS2_PLACEMENT_3D ( 'NONE', #6483, #3311, #5432 ) ;
#5758 = DIRECTION ( 'NONE',  ( -0.9828721869343218787, 0.000000000000000000, -0.1842885350501852204 ) ) ;
#5759 = EDGE_LOOP ( 'NONE', ( #513, #1117, #4982, #2546, #4505, #544, #6643, #5604, #2838 ) ) ;
#5760 = DIRECTION ( 'NONE',  ( 0.7660444431189857850, 0.000000000000000000, -0.6427876096865301481 ) ) ;
#5761 = ORIENTED_EDGE ( 'NONE', *, *, #1402, .T. ) ;
#5762 = CYLINDRICAL_SURFACE ( 'NONE', #6559, 0.2000000000000003164 ) ;
#5763 = PRODUCT_DEFINITION ( 'UNKNOWN', '', #357, #2541 ) ;
#5764 = CARTESIAN_POINT ( 'NONE',  ( -0.6840402866513518587, 1.000000000000000000, 1.879385241571811749 ) ) ;
#5765 = CARTESIAN_POINT ( 'NONE',  ( -1.782139777869485187, 0.000000000000000000, 2.969558593971822091 ) ) ;
#5766 = DIRECTION ( 'NONE',  ( 0.1629875097639928716, 0.000000000000000000, -0.9866281324090309113 ) ) ;
#5767 = ORIENTED_EDGE ( 'NONE', *, *, #3645, .T. ) ;
#5768 = VECTOR ( 'NONE', #2816, 39.37007874015748854 ) ;
#5769 = CARTESIAN_POINT ( 'NONE',  ( 0.000000000000000000, 0.000000000000000000, 0.000000000000000000 ) ) ;
#5770 = ORIENTED_EDGE ( 'NONE', *, *, #4873, .F. ) ;
#5771 = CARTESIAN_POINT ( 'NONE',  ( -0.3795073712743768368, 0.3499999999999999778, -0.4438888888888888884 ) ) ;
#5772 = ADVANCED_FACE ( 'NONE', ( #2454 ), #3050, .F. ) ;
#5773 = DIRECTION ( 'NONE',  ( 0.000000000000000000, 0.000000000000000000, 1.000000000000000000 ) ) ;
#5774 = AXIS2_PLACEMENT_3D ( 'NONE', #1438, #4112, #4081 ) ;
#5775 = CARTESIAN_POINT ( 'NONE',  ( 0.4340147425487537736, 0.3500000000000000333, 0.5999999999999999778 ) ) ;
#5776 = CIRCLE ( 'NONE', #1302, 0.1000000000000000194 ) ;
#5777 = ORIENTED_EDGE ( 'NONE', *, *, #6038, .T. ) ;
#5778 = CARTESIAN_POINT ( 'NONE',  ( -1.332398236215194931, 0.000000000000000000, 1.817014648731372528 ) ) ;
#5779 = DIRECTION ( 'NONE',  ( -0.000000000000000000, -1.000000000000000000, -0.000000000000000000 ) ) ;
#5780 = DIRECTION ( 'NONE',  ( -0.000000000000000000, 1.000000000000000000, -0.000000000000000000 ) ) ;
#5781 = AXIS2_PLACEMENT_3D ( 'NONE', #5726, #2136, #6257 ) ;
#5782 = FACE_OUTER_BOUND ( 'NONE', #2615, .T. ) ;
#5783 = CARTESIAN_POINT ( 'NONE',  ( 0.000000000000000000, 1.000000000000000000, 0.000000000000000000 ) ) ;
#5784 = ORIENTED_EDGE ( 'NONE', *, *, #2824, .F. ) ;
#5785 = DIRECTION ( 'NONE',  ( -0.8660254037844345998, 0.000000000000000000, 0.5000000000000071054 ) ) ;
#5786 = VECTOR ( 'NONE', #6278, 39.37007874015748143 ) ;
#5787 = ORIENTED_EDGE ( 'NONE', *, *, #4286, .T. ) ;
#5788 = AXIS2_PLACEMENT_3D ( 'NONE', #4340, #5343, #143 ) ;
#5789 = ORIENTED_EDGE ( 'NONE', *, *, #1661, .T. ) ;
#5790 = LINE ( 'NONE', #4156, #3118 ) ;
#5791 = CARTESIAN_POINT ( 'NONE',  ( -1.832050807568493589, 0.5000000000000000000, 0.8267949192433343697 ) ) ;
#5792 = ADVANCED_FACE ( 'NONE', ( #4545 ), #937, .T. ) ;
#5793 = AXIS2_PLACEMENT_3D ( 'NONE', #5775, #1542, #1619 ) ;
#5794 = AXIS2_PLACEMENT_3D ( 'NONE', #4930, #5857, #2162 ) ;
#5795 = CYLINDRICAL_SURFACE ( 'NONE', #5572, 4.000000000000000000 ) ;
#5796 = CARTESIAN_POINT ( 'NONE',  ( 1.746607323071575735, 0.000000000000000000, -1.406318475930117273 ) ) ;
#5797 = EDGE_CURVE ( 'NONE', #5322, #889, #904, .T. ) ;
#5798 = ADVANCED_FACE ( 'NONE', ( #2415 ), #4099, .F. ) ;
#5799 = ORIENTED_EDGE ( 'NONE', *, *, #2708, .F. ) ;
#5800 = MANIFOLD_SOLID_BREP ( 'Boss-Extrude1', #4972 ) ;
#5801 = VECTOR ( 'NONE', #6642, 39.37007874015748143 ) ;
#5802 = CARTESIAN_POINT ( 'NONE',  ( -0.4340147425487533850, 0.5000000000000000000, 0.7999999999999999334 ) ) ;
#5803 = CARTESIAN_POINT ( 'NONE',  ( -2.614979001592735219, 0.000000000000000000, 2.470723508515658029 ) ) ;
#5804 = CARTESIAN_POINT ( 'NONE',  ( -2.020778639052807080, 1.000000000000000000, -0.9966348305782005701 ) ) ;
#5805 = ORIENTED_EDGE ( 'NONE', *, *, #4938, .T. ) ;
#5806 = CIRCLE ( 'NONE', #774, 0.5000000000000000000 ) ;
#5807 = VECTOR ( 'NONE', #6131, 39.37007874015748854 ) ;
#5808 = LINE ( 'NONE', #5658, #6422 ) ;
#5809 = EDGE_CURVE ( 'NONE', #3493, #1898, #5698, .T. ) ;
#5810 = ORIENTED_EDGE ( 'NONE', *, *, #4375, .T. ) ;
#5811 = CONTEXT_DEPENDENT_SHAPE_REPRESENTATION ( #1415, #6662 ) ;
#5812 = CARTESIAN_POINT ( 'NONE',  ( -3.017691453623852826, 0.2500000000000000000, -1.973205080756663898 ) ) ;
#5813 = VECTOR ( 'NONE', #1742, 39.37007874015748143 ) ;
#5814 = LINE ( 'NONE', #2004, #3780 ) ;
#5815 = CYLINDRICAL_SURFACE ( 'NONE', #5465, 0.2000000000000000389 ) ;
#5816 = ADVANCED_FACE ( 'NONE', ( #799 ), #2951, .T. ) ;
#5817 = ADVANCED_FACE ( 'NONE', ( #4134 ), #1355, .F. ) ;
#5818 = VERTEX_POINT ( 'NONE', #5074 ) ;
#5819 = DIRECTION ( 'NONE',  ( 0.000000000000000000, 1.000000000000000000, -0.000000000000000000 ) ) ;
#5820 = EDGE_CURVE ( 'NONE', #5332, #1043, #275, .T. ) ;
#5821 = CARTESIAN_POINT ( 'NONE',  ( -2.788184082349624671, 0.000000000000000000, 2.370723508515655276 ) ) ;
#5822 = LINE ( 'NONE', #3100, #4628 ) ;
#5823 = EDGE_CURVE ( 'NONE', #2854, #4324, #5731, .T. ) ;
#5824 = ORIENTED_EDGE ( 'NONE', *, *, #3984, .T. ) ;
#5825 = EDGE_LOOP ( 'NONE', ( #1605, #4467, #3592, #1697 ) ) ;
#5826 = ORIENTED_EDGE ( 'NONE', *, *, #985, .T. ) ;
#5827 = CARTESIAN_POINT ( 'NONE',  ( 0.6305891799356182492, 0.000000000000000000, -2.163142292989963966 ) ) ;
#5828 = DIRECTION ( 'NONE',  ( 0.1842885350501851371, 0.000000000000000000, -0.9828721869343218787 ) ) ;
#5829 = DIRECTION ( 'NONE',  ( 0.000000000000000000, 0.000000000000000000, -1.000000000000000000 ) ) ;
#5830 = LENGTH_MEASURE_WITH_UNIT ( LENGTH_MEASURE( 0.02539999999999999897 ), #5410 );
#5831 = ORIENTED_EDGE ( 'NONE', *, *, #5848, .T. ) ;
#5832 = CARTESIAN_POINT ( 'NONE',  ( 0.000000000000000000, 0.2500000000000000000, 0.000000000000000000 ) ) ;
#5833 = CARTESIAN_POINT ( 'NONE',  ( 2.614979001592705021, 0.000000000000000000, 2.270723508515694267 ) ) ;
#5834 = CARTESIAN_POINT ( 'NONE',  ( 3.462783069340739317, 0.000000000000000000, 0.05859902374380376172 ) ) ;
#5835 = SHAPE_REPRESENTATION ( 'CoilUnitAssembly', ( #5255, #1122, #1691 ), #4045 ) ;
#5836 = DIRECTION ( 'NONE',  ( -0.4999999999999918954, 0.000000000000000000, -0.8660254037844431485 ) ) ;
#5837 = EDGE_LOOP ( 'NONE', ( #4800, #6592, #4548, #4702 ) ) ;
#5838 = FACE_OUTER_BOUND ( 'NONE', #5007, .T. ) ;
#5839 = VERTEX_POINT ( 'NONE', #2557 ) ;
#5840 = DIRECTION ( 'NONE',  ( 0.000000000000000000, 0.000000000000000000, -1.000000000000000000 ) ) ;
#5841 = DIRECTION ( 'NONE',  ( -0.000000000000000000, 1.000000000000000000, -0.000000000000000000 ) ) ;
#5842 = DIRECTION ( 'NONE',  ( -0.000000000000000000, 1.000000000000000000, -0.000000000000000000 ) ) ;
#5843 = ORIENTED_EDGE ( 'NONE', *, *, #2533, .F. ) ;
#5844 = APPLICATION_CONTEXT ( 'automotive_design' ) ;
#5845 = ORIENTED_EDGE ( 'NONE', *, *, #2625, .F. ) ;
#5846 = DIRECTION ( 'NONE',  ( 0.000000000000000000, 0.000000000000000000, 1.000000000000000000 ) ) ;
#5847 = CARTESIAN_POINT ( 'NONE',  ( 0.2170073712743761651, -0.3499999999999999778, 0.3999999999999999667 ) ) ;
#5848 = EDGE_CURVE ( 'NONE', #1212, #4913, #4787, .T. ) ;
#5849 = FACE_OUTER_BOUND ( 'NONE', #2875, .T. ) ;
#5850 = DIRECTION ( 'NONE',  ( 0.000000000000000000, 0.000000000000000000, 1.000000000000000000 ) ) ;
#5851 = VERTEX_POINT ( 'NONE', #5869 ) ;
#5852 = DIRECTION ( 'NONE',  ( 0.000000000000000000, 0.000000000000000000, 1.000000000000000000 ) ) ;
#5853 = ORIENTED_EDGE ( 'NONE', *, *, #5809, .T. ) ;
#5854 = VERTEX_POINT ( 'NONE', #4270 ) ;
#5855 = CARTESIAN_POINT ( 'NONE',  ( -0.3152945899678091246, 0.3499999999999999778, 0.3184288535050179836 ) ) ;
#5856 = EDGE_CURVE ( 'NONE', #6729, #1159, #1077, .T. ) ;
#5857 = DIRECTION ( 'NONE',  ( -0.000000000000000000, 0.000000000000000000, 1.000000000000000000 ) ) ;
#5858 = CARTESIAN_POINT ( 'NONE',  ( 0.6654413372431871032, 0.7297802601328619021, 0.7460367302016308599 ) ) ;
#5859 = CARTESIAN_POINT ( 'NONE',  ( 0.4340147425487537736, -0.5000000000000000000, 0.5999999999999999778 ) ) ;
#5860 = DIRECTION ( 'NONE',  ( 0.4999999999999998335, 0.000000000000000000, -0.8660254037844388186 ) ) ;
#5861 = CIRCLE ( 'NONE', #2520, 4.000000000000000000 ) ;
#5862 = CARTESIAN_POINT ( 'NONE',  ( -0.6305891799356182492, 0.000000000000000000, -2.163142292989964410 ) ) ;
#5863 = ORIENTED_EDGE ( 'NONE', *, *, #872, .T. ) ;
#5864 = ORIENTED_EDGE ( 'NONE', *, *, #4762, .T. ) ;
#5865 = FACE_BOUND ( 'NONE', #1144, .T. ) ;
#5866 = CARTESIAN_POINT ( 'NONE',  ( -1.558041587762036162, 0.000000000000000000, 1.627677395670809268 ) ) ;
#5867 = AXIS2_PLACEMENT_3D ( 'NONE', #3708, #1037, #3183 ) ;
#5868 = CARTESIAN_POINT ( 'NONE',  ( -0.3295073712743767369, -0.3500000000000000333, -0.3000000000000000444 ) ) ;
#5869 = CARTESIAN_POINT ( 'NONE',  ( 6.123233995736766036E-17, 0.5000000000000000000, -0.5000000000000000000 ) ) ;
#5870 = ORIENTED_EDGE ( 'NONE', *, *, #6405, .T. ) ;
#5871 = LINE ( 'NONE', #4904, #278 ) ;
#5872 = AXIS2_PLACEMENT_3D ( 'NONE', #6159, #3443, #4484 ) ;
#5873 = ORIENTED_EDGE ( 'NONE', *, *, #5081, .F. ) ;
#5874 = FACE_BOUND ( 'NONE', #5405, .T. ) ;
#5875 = DIRECTION ( 'NONE',  ( 0.000000000000000000, 1.000000000000000000, 0.000000000000000000 ) ) ;
#5876 = VECTOR ( 'NONE', #5736, 39.37007874015748854 ) ;
#5877 = DIRECTION ( 'NONE',  ( -0.000000000000000000, 1.000000000000000000, -0.000000000000000000 ) ) ;
#5878 = VERTEX_POINT ( 'NONE', #6360 ) ;
#5879 =( LENGTH_UNIT ( ) NAMED_UNIT ( * ) SI_UNIT ( $, .METRE. ) );
#5880 = ORIENTED_EDGE ( 'NONE', *, *, #1239, .T. ) ;
#5881 = ORIENTED_EDGE ( 'NONE', *, *, #4077, .T. ) ;
#5882 = AXIS2_PLACEMENT_3D ( 'NONE', #5635, #2935, #5709 ) ;
#5883 = DIRECTION ( 'NONE',  ( 0.000000000000000000, 1.000000000000000000, 0.000000000000000000 ) ) ;
#5884 = DIRECTION ( 'NONE',  ( -0.7660444431189858960, -0.000000000000000000, 0.6427876096865298150 ) ) ;
#5885 = AXIS2_PLACEMENT_3D ( 'NONE', #4551, #1864, #6685 ) ;
#5886 = LINE ( 'NONE', #2187, #6259 ) ;
#5887 = CARTESIAN_POINT ( 'NONE',  ( -2.614979001592735219, 0.000000000000000000, 2.270723508515657851 ) ) ;
#5888 = PRODUCT_DEFINITION_CONTEXT ( 'detailed design', #796, 'design' ) ;
#5889 = EDGE_LOOP ( 'NONE', ( #3112, #2616, #5891, #306 ) ) ;
#5890 = ORIENTED_EDGE ( 'NONE', *, *, #6847, .F. ) ;
#5891 = ORIENTED_EDGE ( 'NONE', *, *, #2278, .F. ) ;
#5892 = LINE ( 'NONE', #2726, #3366 ) ;
#5893 = AXIS2_PLACEMENT_3D ( 'NONE', #1191, #6052, #5461 ) ;
#5894 = LINE ( 'NONE', #5375, #4459 ) ;
#5895 = DIRECTION ( 'NONE',  ( 0.1736481776669137611, -3.239521767463302742E-17, 0.9848077530122112400 ) ) ;
#5896 = ADVANCED_FACE ( 'NONE', ( #6429 ), #1610, .F. ) ;
#5897 = ADVANCED_FACE ( 'NONE', ( #4717 ), #2737, .F. ) ;
#5898 = DIRECTION ( 'NONE',  ( -0.5000000000000004441, 0.000000000000000000, -0.8660254037844383745 ) ) ;
#5899 = DIRECTION ( 'NONE',  ( 0.000000000000000000, 0.000000000000000000, -1.000000000000000000 ) ) ;
#5900 = VECTOR ( 'NONE', #6702, 39.37007874015748854 ) ;
#5901 = EDGE_CURVE ( 'NONE', #6347, #4392, #3714, .T. ) ;
#5902 = ORIENTED_EDGE ( 'NONE', *, *, #5259, .T. ) ;
#5903 = ORIENTED_EDGE ( 'NONE', *, *, #2064, .F. ) ;
#5904 = EDGE_CURVE ( 'NONE', #6109, #3839, #3637, .T. ) ;
#5905 = LENGTH_MEASURE_WITH_UNIT ( LENGTH_MEASURE( 0.02539999999999999897 ), #4407 );
#5906 = AXIS2_PLACEMENT_3D ( 'NONE', #3614, #2152, #3060 ) ;
#5907 = AXIS2_PLACEMENT_3D ( 'NONE', #4960, #228, #6625 ) ;
#5908 = CARTESIAN_POINT ( 'NONE',  ( -0.8267949192430791294, 0.5000000000000000000, -1.832050807568749162 ) ) ;
#5909 = DIRECTION ( 'NONE',  ( -0.5000000000000002220, 0.000000000000000000, -0.8660254037844385966 ) ) ;
#5910 = VERTEX_POINT ( 'NONE', #5244 ) ;
#5911 = CARTESIAN_POINT ( 'NONE',  ( 1.954253247882794753, 1.000000000000000000, 2.867691261426206673 ) ) ;
#5912 = CIRCLE ( 'NONE', #1899, 0.2000000000000000389 ) ;
#5913 = VECTOR ( 'NONE', #668, 39.37007874015748143 ) ;
#5914 = ORIENTED_EDGE ( 'NONE', *, *, #3052, .T. ) ;
#5915 = DIRECTION ( 'NONE',  ( 0.000000000000000000, -0.000000000000000000, 1.000000000000000000 ) ) ;
#5916 = DIRECTION ( 'NONE',  ( -0.000000000000000000, 1.000000000000000000, -0.000000000000000000 ) ) ;
#5917 = LINE ( 'NONE', #1794, #6587 ) ;
#5918 = CIRCLE ( 'NONE', #5469, 0.1000000000000000194 ) ;
#5919 = PLANE ( 'NONE',  #1547 ) ;
#5920 = ORIENTED_EDGE ( 'NONE', *, *, #4850, .T. ) ;
#5921 = ORIENTED_EDGE ( 'NONE', *, *, #3269, .T. ) ;
#5922 = VECTOR ( 'NONE', #1513, 39.37007874015748854 ) ;
#5923 = CYLINDRICAL_SURFACE ( 'NONE', #5112, 0.2000000000000000389 ) ;
#5924 = VECTOR ( 'NONE', #5035, 39.37007874015748854 ) ;
#5925 = PLANE ( 'NONE',  #5580 ) ;
#5926 = CARTESIAN_POINT ( 'NONE',  ( 3.340361252238959189, 0.000000000000000000, 0.9406091814676557084 ) ) ;
#5927 = ORIENTED_EDGE ( 'NONE', *, *, #4599, .T. ) ;
#5928 = APPLICATION_PROTOCOL_DEFINITION ( 'draft international standard', 'automotive_design', 1998, #3362 ) ;
#5929 = VERTEX_POINT ( 'NONE', #3224 ) ;
#5930 = ORIENTED_EDGE ( 'NONE', *, *, #2064, .T. ) ;
#5931 = CARTESIAN_POINT ( 'NONE',  ( 3.217691453624362374, 0.5000000000000000000, 1.626794919242890547 ) ) ;
#5932 = LINE ( 'NONE', #5998, #4354 ) ;
#5933 = DIRECTION ( 'NONE',  ( -0.5000000000000159872, -3.239521767463302742E-17, 0.8660254037844297148 ) ) ;
#5934 = EDGE_CURVE ( 'NONE', #6263, #3146, #4305, .T. ) ;
#5935 = FACE_OUTER_BOUND ( 'NONE', #4256, .T. ) ;
#5936 = DIRECTION ( 'NONE',  ( 1.000000000000000000, 0.000000000000000000, -4.268512490100412511E-17 ) ) ;
#5937 = DIRECTION ( 'NONE',  ( -0.000000000000000000, 1.000000000000000000, -0.000000000000000000 ) ) ;
#5938 = ORIENTED_EDGE ( 'NONE', *, *, #4878, .T. ) ;
#5939 = VERTEX_POINT ( 'NONE', #3781 ) ;
#5940 = DIRECTION ( 'NONE',  ( 0.000000000000000000, 0.000000000000000000, -1.000000000000000000 ) ) ;
#5941 = ADVANCED_FACE ( 'NONE', ( #249 ), #583, .F. ) ;
#5942 = DIRECTION ( 'NONE',  ( -0.5093366627282011061, 0.000000000000000000, 0.8605673500667443410 ) ) ;
#5943 =( REPRESENTATION_RELATIONSHIP ('NONE','NONE', #3481, #5835 ) REPRESENTATION_RELATIONSHIP_WITH_TRANSFORMATION ( #2072 )SHAPE_REPRESENTATION_RELATIONSHIP( ) );
#5944 = DIRECTION ( 'NONE',  ( 0.8660254037844385966, 0.000000000000000000, 0.5000000000000001110 ) ) ;
#5945 = ORIENTED_EDGE ( 'NONE', *, *, #1095, .T. ) ;
#5946 = CARTESIAN_POINT ( 'NONE',  ( 0.2000000000000000111, 0.2500000000000000000, -3.599999999999999645 ) ) ;
#5947 = ORIENTED_EDGE ( 'NONE', *, *, #2602, .F. ) ;
#5948 = DIRECTION ( 'NONE',  ( 0.000000000000000000, 1.000000000000000000, 0.000000000000000000 ) ) ;
#5949 = AXIS2_PLACEMENT_3D ( 'NONE', #3620, #5852, #956 ) ;
#5950 = ADVANCED_FACE ( 'NONE', ( #4751 ), #4198, .F. ) ;
#5951 = PLANE ( 'NONE',  #752 ) ;
#5952 = ADVANCED_FACE ( 'NONE', ( #6328 ), #2139, .F. ) ;
#5953 = CARTESIAN_POINT ( 'NONE',  ( -0.3295073712743768479, -0.3499999999999999778, -0.3000000000000000999 ) ) ;
#5954 = EDGE_CURVE ( 'NONE', #4567, #51, #5348, .T. ) ;
#5955 = LINE ( 'NONE', #4390, #4357 ) ;
#5956 = VERTEX_POINT ( 'NONE', #5804 ) ;
#5957 = ORIENTED_EDGE ( 'NONE', *, *, #455, .F. ) ;
#5958 = DIRECTION ( 'NONE',  ( 0.7660444431189765702, 0.000000000000000000, 0.6427876096865410283 ) ) ;
#5959 = CARTESIAN_POINT ( 'NONE',  ( -0.3486279233011425061, -0.3499999999999999778, 0.3634288535050185787 ) ) ;
#5960 = DIRECTION ( 'NONE',  ( -0.5000000000000001110, 0.000000000000000000, -0.8660254037844385966 ) ) ;
#5961 = LINE ( 'NONE', #2791, #6532 ) ;
#5962 = EDGE_LOOP ( 'NONE', ( #2055, #4254, #957, #3344 ) ) ;
#5963 = APPLICATION_PROTOCOL_DEFINITION ( 'draft international standard', 'automotive_design', 1998, #796 ) ;
#5964 = ORIENTED_EDGE ( 'NONE', *, *, #4494, .T. ) ;
#5965 = VERTEX_POINT ( 'NONE', #1013 ) ;
#5966 = DIRECTION ( 'NONE',  ( 0.4999999999999995559, 0.000000000000000000, -0.8660254037844388186 ) ) ;
#5967 = DIRECTION ( 'NONE',  ( 1.000000000000000000, 0.000000000000000000, -1.573591704294117338E-16 ) ) ;
#5968 = DIRECTION ( 'NONE',  ( -0.8660254037844297148, 2.216514893527523383E-17, -0.5000000000000159872 ) ) ;
#5969 = DIRECTION ( 'NONE',  ( -0.8660254037844383745, 0.000000000000000000, 0.5000000000000004441 ) ) ;
#5970 = PLANE ( 'NONE',  #3308 ) ;
#5971 = ORIENTED_EDGE ( 'NONE', *, *, #2832, .F. ) ;
#5972 = DIMENSIONAL_EXPONENTS ( 1.000000000000000000, 0.000000000000000000, 0.000000000000000000, 0.000000000000000000, 0.000000000000000000, 0.000000000000000000, 0.000000000000000000 ) ;
#5973 = ORIENTED_EDGE ( 'NONE', *, *, #2665, .T. ) ;
#5974 = CIRCLE ( 'NONE', #1966, 0.2000000000000000389 ) ;
#5975 = DIRECTION ( 'NONE',  ( -0.8660254037844385966, 0.000000000000000000, 0.5000000000000001110 ) ) ;
#5976 = CARTESIAN_POINT ( 'NONE',  ( 1.954253247882794753, 0.000000000000000000, 2.867691261426206673 ) ) ;
#5977 = AXIS2_PLACEMENT_3D ( 'NONE', #5926, #5262, #4765 ) ;
#5978 = FACE_OUTER_BOUND ( 'NONE', #2318, .T. ) ;
#5979 = EDGE_LOOP ( 'NONE', ( #5824, #3415, #3591, #1072 ) ) ;
#5980 = DIRECTION ( 'NONE',  ( -0.5000000000000005551, 0.000000000000000000, -0.8660254037844382635 ) ) ;
#5981 = EDGE_LOOP ( 'NONE', ( #1356, #5381, #6822, #2966 ) ) ;
#5982 = EDGE_CURVE ( 'NONE', #551, #4913, #2173, .T. ) ;
#5983 = FACE_OUTER_BOUND ( 'NONE', #3622, .T. ) ;
#5984 = AXIS2_PLACEMENT_3D ( 'NONE', #277, #2418, #6155 ) ;
#5985 = DIRECTION ( 'NONE',  ( 1.000000000000000000, 0.000000000000000000, -1.364065023876727600E-16 ) ) ;
#5986 = DIRECTION ( 'NONE',  ( 0.000000000000000000, 0.000000000000000000, -1.000000000000000000 ) ) ;
#5987 = CARTESIAN_POINT ( 'NONE',  ( 1.332398236215170284, 0.000000000000000000, 1.817014648731390958 ) ) ;
#5988 = ORIENTED_EDGE ( 'NONE', *, *, #5684, .F. ) ;
#5989 = AXIS2_PLACEMENT_3D ( 'NONE', #3372, #6080, #3962 ) ;
#5990 = ADVANCED_FACE ( 'NONE', ( #480 ), #1116, .F. ) ;
#5991 = ORIENTED_EDGE ( 'NONE', *, *, #5245, .F. ) ;
#5992 = EDGE_CURVE ( 'NONE', #5854, #6602, #4916, .T. ) ;
#5993 = DIRECTION ( 'NONE',  ( -0.000000000000000000, -1.000000000000000000, -0.000000000000000000 ) ) ;
#5994 = AXIS2_PLACEMENT_3D ( 'NONE', #210, #2976, #4065 ) ;
#5995 = EDGE_LOOP ( 'NONE', ( #1030, #3858, #2878, #3630, #5363, #4984, #2676, #5682, #1143 ) ) ;
#5996 = VERTEX_POINT ( 'NONE', #2812 ) ;
#5997 = DIRECTION ( 'NONE',  ( -0.8660254037844388186, 0.000000000000000000, -0.4999999999999997224 ) ) ;
#5998 = CARTESIAN_POINT ( 'NONE',  ( 1.800000000000477440, 0.2500000000000000000, 3.117691453623850695 ) ) ;
#5999 = VECTOR ( 'NONE', #4557, 39.37007874015748143 ) ;
#6000 = LINE ( 'NONE', #1812, #892 ) ;
#6001 = LINE ( 'NONE', #3952, #6526 ) ;
#6002 = ORIENTED_EDGE ( 'NONE', *, *, #1787, .T. ) ;
#6003 = ORIENTED_EDGE ( 'NONE', *, *, #2478, .F. ) ;
#6004 = VECTOR ( 'NONE', #5993, 39.37007874015748143 ) ;
#6005 = ORIENTED_EDGE ( 'NONE', *, *, #5856, .F. ) ;
#6006 = DIRECTION ( 'NONE',  ( 0.000000000000000000, 0.000000000000000000, 1.000000000000000000 ) ) ;
#6007 = CARTESIAN_POINT ( 'NONE',  ( -0.2000000000000000111, 0.2500000000000000000, -3.599999999999999645 ) ) ;
#6008 = CIRCLE ( 'NONE', #5553, 0.2000000000000000389 ) ;
#6009 = LINE ( 'NONE', #6077, #3467 ) ;
#6010 = VERTEX_POINT ( 'NONE', #4472 ) ;
#6011 = EDGE_CURVE ( 'NONE', #3399, #1730, #438, .T. ) ;
#6012 = FACE_OUTER_BOUND ( 'NONE', #4049, .T. ) ;
#6013 = EDGE_LOOP ( 'NONE', ( #5713, #2725, #2635, #6397 ) ) ;
#6014 = CIRCLE ( 'NONE', #6120, 0.1999999999999997891 ) ;
#6015 = CIRCLE ( 'NONE', #5788, 0.1000000000000000194 ) ;
#6016 = FACE_OUTER_BOUND ( 'NONE', #5023, .T. ) ;
#6017 = DIMENSIONAL_EXPONENTS ( 1.000000000000000000, 0.000000000000000000, 0.000000000000000000, 0.000000000000000000, 0.000000000000000000, 0.000000000000000000, 0.000000000000000000 ) ;
#6018 = DIRECTION ( 'NONE',  ( -0.000000000000000000, -1.000000000000000000, -0.000000000000000000 ) ) ;
#6019 = CARTESIAN_POINT ( 'NONE',  ( 1.954253247882794753, 0.000000000000000000, 2.867691261426206673 ) ) ;
#6020 = ORIENTED_EDGE ( 'NONE', *, *, #1978, .T. ) ;
#6021 = VECTOR ( 'NONE', #1504, 39.37007874015748854 ) ;
#6022 = CIRCLE ( 'NONE', #5234, 0.2000000000000003164 ) ;
#6023 = ADVANCED_FACE ( 'NONE', ( #145 ), #2845, .F. ) ;
#6024 = ORIENTED_EDGE ( 'NONE', *, *, #3690, .F. ) ;
#6025 = CARTESIAN_POINT ( 'NONE',  ( -0.6305891799356175831, 0.5000000000000000000, 0.6368577070100371884 ) ) ;
#6026 =( GEOMETRIC_REPRESENTATION_CONTEXT ( 3 ) GLOBAL_UNCERTAINTY_ASSIGNED_CONTEXT ( ( #1478 ) ) GLOBAL_UNIT_ASSIGNED_CONTEXT ( ( #378, #4647, #1858 ) ) REPRESENTATION_CONTEXT ( 'NONE', 'WORKASPACE' ) );
#6027 = DIRECTION ( 'NONE',  ( -0.000000000000000000, 1.000000000000000000, -0.000000000000000000 ) ) ;
#6028 = EDGE_CURVE ( 'NONE', #4396, #2474, #5418, .T. ) ;
#6029 = MANIFOLD_SOLID_BREP ( 'Cut-Extrude2', #2511 ) ;
#6030 = VECTOR ( 'NONE', #6844, 39.37007874015748143 ) ;
#6031 = VERTEX_POINT ( 'NONE', #2205 ) ;
#6032 = ORIENTED_EDGE ( 'NONE', *, *, #3165, .F. ) ;
#6033 = LINE ( 'NONE', #6593, #2788 ) ;
#6034 = ADVANCED_FACE ( 'NONE', ( #5978 ), #109, .T. ) ;
#6035 = ADVANCED_FACE ( 'NONE', ( #1752 ), #5513, .T. ) ;
#6036 = FACE_BOUND ( 'NONE', #563, .T. ) ;
#6037 = AXIS2_PLACEMENT_3D ( 'NONE', #4879, #3837, #2790 ) ;
#6038 = EDGE_CURVE ( 'NONE', #1329, #6055, #6249, .T. ) ;
#6039 =( CONVERSION_BASED_UNIT ( 'INCH', #4961 ) LENGTH_UNIT ( ) NAMED_UNIT ( #1541 ) );
#6040 = CARTESIAN_POINT ( 'NONE',  ( -0.2170073712743766925, 0.3500000000000000333, 0.3000000000000000999 ) ) ;
#6041 = DIRECTION ( 'NONE',  ( 1.000000000000000000, 0.000000000000000000, -1.036337966848352934E-16 ) ) ;
#6042 = VERTEX_POINT ( 'NONE', #660 ) ;
#6043 = VECTOR ( 'NONE', #126, 39.37007874015747433 ) ;
#6044 = ORIENTED_EDGE ( 'NONE', *, *, #1684, .T. ) ;
#6045 = ORIENTED_EDGE ( 'NONE', *, *, #6533, .T. ) ;
#6046 = CYLINDRICAL_SURFACE ( 'NONE', #419, 0.2000000000000000389 ) ;
#6047 = CARTESIAN_POINT ( 'NONE',  ( -0.2000000000000000111, 0.2500000000000000000, -3.599999999999999645 ) ) ;
#6048 = ORIENTED_EDGE ( 'NONE', *, *, #1185, .T. ) ;
#6049 = DIRECTION ( 'NONE',  ( 0.000000000000000000, 0.000000000000000000, 1.000000000000000000 ) ) ;
#6050 = ORIENTED_EDGE ( 'NONE', *, *, #3820, .F. ) ;
#6051 = CARTESIAN_POINT ( 'NONE',  ( 0.2170073712743769700, -0.3500000000000000333, 0.4000000000000000777 ) ) ;
#6052 = DIRECTION ( 'NONE',  ( 0.000000000000000000, 1.000000000000000000, 0.000000000000000000 ) ) ;
#6053 = CARTESIAN_POINT ( 'NONE',  ( -0.2170073712743767758, -0.3499999999999999778, 0.2999999999999999334 ) ) ;
#6054 = DIRECTION ( 'NONE',  ( 0.000000000000000000, 0.000000000000000000, 1.000000000000000000 ) ) ;
#6055 = VERTEX_POINT ( 'NONE', #3890 ) ;
#6056 = ORIENTED_EDGE ( 'NONE', *, *, #3155, .F. ) ;
#6057 = PRODUCT_DEFINITION_FORMATION_WITH_SPECIFIED_SOURCE ( 'ANY', '', #4541, .NOT_KNOWN. ) ;
#6058 = FACE_OUTER_BOUND ( 'NONE', #4734, .T. ) ;
#6059 = EDGE_CURVE ( 'NONE', #679, #3491, #6009, .T. ) ;
#6060 = CARTESIAN_POINT ( 'NONE',  ( -0.4340147425487525523, 0.000000000000000000, -2.000000000000000444 ) ) ;
#6061 = ORIENTED_EDGE ( 'NONE', *, *, #5140, .F. ) ;
#6062 = EDGE_CURVE ( 'NONE', #1147, #4975, #5806, .T. ) ;
#6063 = ORIENTED_EDGE ( 'NONE', *, *, #6292, .T. ) ;
#6064 = LINE ( 'NONE', #4328, #650 ) ;
#6065 = PRODUCT_RELATED_PRODUCT_CATEGORY ( 'part', '', ( #4541 ) ) ;
#6066 = FACE_OUTER_BOUND ( 'NONE', #2227, .T. ) ;
#6067 = DIRECTION ( 'NONE',  ( -0.000000000000000000, 1.000000000000000000, -0.000000000000000000 ) ) ;
#6068 = DIRECTION ( 'NONE',  ( 0.000000000000000000, 0.000000000000000000, 1.000000000000000000 ) ) ;
#6069 = FACE_OUTER_BOUND ( 'NONE', #6848, .T. ) ;
#6070 = ORIENTED_EDGE ( 'NONE', *, *, #559, .T. ) ;
#6071 = EDGE_CURVE ( 'NONE', #3833, #1745, #4440, .T. ) ;
#6072 = ORIENTED_EDGE ( 'NONE', *, *, #338, .F. ) ;
#6073 = VERTEX_POINT ( 'NONE', #66 ) ;
#6074 = ADVANCED_FACE ( 'NONE', ( #6468 ), #1312, .F. ) ;
#6075 = DIRECTION ( 'NONE',  ( 0.000000000000000000, 0.000000000000000000, -1.000000000000000000 ) ) ;
#6076 = CARTESIAN_POINT ( 'NONE',  ( -2.818869976334469563, 1.000000000000000000, -2.334153484117253097 ) ) ;
#6077 = CARTESIAN_POINT ( 'NONE',  ( -3.460620106547134700, 0.000000000000000000, 0.2585873273816295947 ) ) ;
#6078 = VERTEX_POINT ( 'NONE', #3528 ) ;
#6079 = VECTOR ( 'NONE', #2767, 39.37007874015748143 ) ;
#6080 = DIRECTION ( 'NONE',  ( 0.8660254037844385966, 0.000000000000000000, -0.5000000000000001110 ) ) ;
#6081 = EDGE_CURVE ( 'NONE', #4874, #1195, #1886, .T. ) ;
#6082 = ORIENTED_EDGE ( 'NONE', *, *, #2740, .T. ) ;
#6083 = DIRECTION ( 'NONE',  ( -0.5000000000000002220, 0.000000000000000000, -0.8660254037844385966 ) ) ;
#6084 = AXIS2_PLACEMENT_3D ( 'NONE', #5887, #5328, #1591 ) ;
#6085 = CARTESIAN_POINT ( 'NONE',  ( -3.599999999999744738, 0.2500000000000000000, -0.1999999999997440769 ) ) ;
#6086 = DIRECTION ( 'NONE',  ( -0.000000000000000000, 0.000000000000000000, -1.000000000000000000 ) ) ;
#6087 = ORIENTED_EDGE ( 'NONE', *, *, #2297, .F. ) ;
#6088 = DIRECTION ( 'NONE',  ( -0.000000000000000000, 1.000000000000000000, -0.000000000000000000 ) ) ;
#6089 = AXIS2_PLACEMENT_3D ( 'NONE', #5350, #68, #5980 ) ;
#6090 = APPLICATION_PROTOCOL_DEFINITION ( 'draft international standard', 'automotive_design', 1998, #4771 ) ;
#6091 = ORIENTED_EDGE ( 'NONE', *, *, #4039, .F. ) ;
#6092 = LINE ( 'NONE', #5282, #6099 ) ;
#6093 = DIRECTION ( 'NONE',  ( 0.000000000000000000, -0.000000000000000000, 1.000000000000000000 ) ) ;
#6094 = EDGE_CURVE ( 'NONE', #1869, #5839, #2514, .T. ) ;
#6095 = VERTEX_POINT ( 'NONE', #6251 ) ;
#6096 = EDGE_LOOP ( 'NONE', ( #786, #44, #6438, #1060 ) ) ;
#6097 = CARTESIAN_POINT ( 'NONE',  ( -2.020778639052807080, 0.000000000000000000, -0.9966348305782005701 ) ) ;
#6098 = DIRECTION ( 'NONE',  ( 0.000000000000000000, 0.000000000000000000, 1.000000000000000000 ) ) ;
#6099 = VECTOR ( 'NONE', #5840, 39.37007874015748143 ) ;
#6100 = DIRECTION ( 'NONE',  ( -0.000000000000000000, 1.000000000000000000, -0.000000000000000000 ) ) ;
#6101 = LINE ( 'NONE', #4466, #6189 ) ;
#6102 = EDGE_LOOP ( 'NONE', ( #4129, #5067, #457, #4242 ) ) ;
#6103 = ORIENTED_EDGE ( 'NONE', *, *, #2495, .T. ) ;
#6104 = ORIENTED_EDGE ( 'NONE', *, *, #3636, .T. ) ;
#6105 = VECTOR ( 'NONE', #5725, 39.37007874015748143 ) ;
#6106 = LINE ( 'NONE', #2371, #2555 ) ;
#6107 = EDGE_CURVE ( 'NONE', #2294, #4456, #1453, .T. ) ;
#6108 = DIRECTION ( 'NONE',  ( -0.000000000000000000, 1.000000000000000000, -0.000000000000000000 ) ) ;
#6109 = VERTEX_POINT ( 'NONE', #3561 ) ;
#6110 = CARTESIAN_POINT ( 'NONE',  ( -1.558041587762036162, 1.000000000000000000, 1.627677395670809268 ) ) ;
#6111 = ORIENTED_EDGE ( 'NONE', *, *, #689, .F. ) ;
#6112 = LINE ( 'NONE', #4506, #189 ) ;
#6113 = DIRECTION ( 'NONE',  ( 0.000000000000000000, 0.000000000000000000, -1.000000000000000000 ) ) ;
#6114 = AXIS2_PLACEMENT_3D ( 'NONE', #5203, #805, #478 ) ;
#6115 = CARTESIAN_POINT ( 'NONE',  ( 0.8555891799356177829, 1.000000000000000000, -3.363142292989961035 ) ) ;
#6116 = ADVANCED_FACE ( 'NONE', ( #4090 ), #4061, .F. ) ;
#6117 = DIRECTION ( 'NONE',  ( 0.5000000000000001110, 0.000000000000000000, -0.8660254037844385966 ) ) ;
#6118 = ORIENTED_EDGE ( 'NONE', *, *, #1280, .T. ) ;
#6119 = CARTESIAN_POINT ( 'NONE',  ( -3.163477102692390464, 1.000000000000000000, -1.426594388206274822 ) ) ;
#6120 = AXIS2_PLACEMENT_3D ( 'NONE', #3416, #5406, #4846 ) ;
#6121 = VECTOR ( 'NONE', #4900, 39.37007874015748143 ) ;
#6122 = PRODUCT_CONTEXT ( 'NONE', #5138, 'mechanical' ) ;
#6123 = ORIENTED_EDGE ( 'NONE', *, *, #1937, .T. ) ;
#6124 = DIRECTION ( 'NONE',  ( -0.000000000000000000, -1.000000000000000000, -0.000000000000000000 ) ) ;
#6125 = VECTOR ( 'NONE', #878, 39.37007874015748143 ) ;
#6126 = VECTOR ( 'NONE', #5607, 39.37007874015748854 ) ;
#6127 = EDGE_CURVE ( 'NONE', #4578, #34, #669, .T. ) ;
#6128 = ORIENTED_EDGE ( 'NONE', *, *, #2844, .F. ) ;
#6129 = AXIS2_PLACEMENT_3D ( 'NONE', #1931, #6117, #5656 ) ;
#6130 = VECTOR ( 'NONE', #3188, 39.37007874015748143 ) ;
#6131 = DIRECTION ( 'NONE',  ( -0.1736481776669273891, 0.000000000000000000, -0.9848077530122085754 ) ) ;
#6132 = DIRECTION ( 'NONE',  ( 0.000000000000000000, 1.000000000000000000, -0.000000000000000000 ) ) ;
#6133 = PLANE ( 'NONE',  #1432 ) ;
#6134 = AXIS2_PLACEMENT_3D ( 'NONE', #4502, #3990, #5647 ) ;
#6135 = VECTOR ( 'NONE', #3486, 39.37007874015748143 ) ;
#6136 = FACE_OUTER_BOUND ( 'NONE', #3475, .T. ) ;
#6137 = DIRECTION ( 'NONE',  ( 0.000000000000000000, 0.000000000000000000, 1.000000000000000000 ) ) ;
#6138 = EDGE_LOOP ( 'NONE', ( #2705, #1407, #4376, #5902 ) ) ;
#6139 = ORIENTED_EDGE ( 'NONE', *, *, #1449, .F. ) ;
#6140 = EDGE_LOOP ( 'NONE', ( #5458, #3205, #6400, #6871 ) ) ;
#6141 = CIRCLE ( 'NONE', #224, 0.2000000000000005940 ) ;
#6142 = ADVANCED_FACE ( 'NONE', ( #856 ), #5689, .F. ) ;
#6143 = CARTESIAN_POINT ( 'NONE',  ( 2.239779962957425319, 0.000000000000000000, 0.2453833961542413455 ) ) ;
#6144 = SHAPE_REPRESENTATION_RELATIONSHIP ( 'NONE' , 'NONE' ,  #2532, #833 ) ;
#6145 = CARTESIAN_POINT ( 'NONE',  ( -1.626794919242634752, 0.2500000000000000000, 3.217691453624107467 ) ) ;
#6146 = VERTEX_POINT ( 'NONE', #2406 ) ;
#6147 = DIRECTION ( 'NONE',  ( 0.000000000000000000, 0.000000000000000000, 1.000000000000000000 ) ) ;
#6148 = ORIENTED_EDGE ( 'NONE', *, *, #3483, .F. ) ;
#6149 = CARTESIAN_POINT ( 'NONE',  ( -0.2000000000000001221, 0.2500000000000000000, -0.8000000000000000444 ) ) ;
#6150 = EDGE_CURVE ( 'NONE', #1212, #6404, #2569, .T. ) ;
#6151 = CARTESIAN_POINT ( 'NONE',  ( 0.6590147425487534738, -0.3500000000000000333, -0.5999999999999999778 ) ) ;
#6152 = ADVANCED_FACE ( 'NONE', ( #6668 ), #2972, .T. ) ;
#6153 = CARTESIAN_POINT ( 'NONE',  ( -1.081658159549176546, 1.000000000000000000, -1.964277073793397665 ) ) ;
#6154 = ORIENTED_EDGE ( 'NONE', *, *, #1186, .T. ) ;
#6155 = DIRECTION ( 'NONE',  ( 0.000000000000000000, 0.000000000000000000, -1.000000000000000000 ) ) ;
#6156 = CONTEXT_DEPENDENT_SHAPE_REPRESENTATION ( #1972, #5162 ) ;
#6157 = ORIENTED_EDGE ( 'NONE', *, *, #1633, .F. ) ;
#6158 = EDGE_CURVE ( 'NONE', #6276, #818, #266, .T. ) ;
#6159 = CARTESIAN_POINT ( 'NONE',  ( 2.241942925751030824, 0.000000000000000000, 0.04539509251636979215 ) ) ;
#6160 = ADVANCED_FACE ( 'NONE', ( #5584 ), #5136, .F. ) ;
#6161 = FACE_BOUND ( 'NONE', #1342, .T. ) ;
#6162 = EDGE_CURVE ( 'NONE', #2351, #4863, #6733, .T. ) ;
#6163 = PRODUCT_DEFINITION_SHAPE ( 'NONE', 'NONE',  #6904 ) ;
#6164 = APPLICATION_CONTEXT ( 'automotive_design' ) ;
#6165 = VERTEX_POINT ( 'NONE', #5721 ) ;
#6166 = CARTESIAN_POINT ( 'NONE',  ( -2.818869976334469563, 0.000000000000000000, -2.334153484117253097 ) ) ;
#6167 = CYLINDRICAL_SURFACE ( 'NONE', #4002, 0.2000000000000000389 ) ;
#6168 = DIRECTION ( 'NONE',  ( -0.000000000000000000, 1.000000000000000000, -0.000000000000000000 ) ) ;
#6169 = CARTESIAN_POINT ( 'NONE',  ( 0.3486279233011423395, 0.3499999999999999778, 0.3634288535050185232 ) ) ;
#6170 = DIRECTION ( 'NONE',  ( -0.000000000000000000, 1.000000000000000000, -0.000000000000000000 ) ) ;
#6171 = VERTEX_POINT ( 'NONE', #821 ) ;
#6172 = ORIENTED_EDGE ( 'NONE', *, *, #1929, .F. ) ;
#6173 = VERTEX_POINT ( 'NONE', #6145 ) ;
#6174 = CARTESIAN_POINT ( 'NONE',  ( -0.6305891799356175831, 0.5000000000000000000, 0.6368577070100371884 ) ) ;
#6175 = LENGTH_MEASURE_WITH_UNIT ( LENGTH_MEASURE( 0.02539999999999999897 ), #6634 );
#6176 = CARTESIAN_POINT ( 'NONE',  ( -0.4277945899678088915, -0.3499999999999999778, -0.2815711464949807175 ) ) ;
#6177 = ORIENTED_EDGE ( 'NONE', *, *, #5820, .T. ) ;
#6178 = CARTESIAN_POINT ( 'NONE',  ( -0.6305891799356175831, 0.5000000000000000000, 0.6368577070100371884 ) ) ;
#6179 = EDGE_CURVE ( 'NONE', #2455, #1028, #369, .T. ) ;
#6180 = EDGE_LOOP ( 'NONE', ( #3885, #2732, #3562, #6230 ) ) ;
#6181 = DIRECTION ( 'NONE',  ( -0.000000000000000000, -1.000000000000000000, -0.000000000000000000 ) ) ;
#6182 = FACE_OUTER_BOUND ( 'NONE', #3513, .T. ) ;
#6183 = LINE ( 'NONE', #864, #2457 ) ;
#6184 =( LENGTH_UNIT ( ) NAMED_UNIT ( * ) SI_UNIT ( $, .METRE. ) );
#6185 = ORIENTED_EDGE ( 'NONE', *, *, #1196, .T. ) ;
#6186 = DIRECTION ( 'NONE',  ( 0.4999999999999921729, 0.000000000000000000, 0.8660254037844431485 ) ) ;
#6187 = VERTEX_POINT ( 'NONE', #5036 ) ;
#6188 = DIRECTION ( 'NONE',  ( 0.000000000000000000, 1.000000000000000000, 0.000000000000000000 ) ) ;
#6189 = VECTOR ( 'NONE', #3454, 39.37007874015747433 ) ;
#6190 = DIRECTION ( 'NONE',  ( -1.280553747030123075E-16, -0.000000000000000000, -1.000000000000000000 ) ) ;
#6191 = EDGE_CURVE ( 'NONE', #4608, #6603, #4683, .T. ) ;
#6192 = LINE ( 'NONE', #1396, #106 ) ;
#6193 = AXIS2_PLACEMENT_3D ( 'NONE', #5733, #4719, #2102 ) ;
#6194 = EDGE_CURVE ( 'NONE', #2738, #5956, #2944, .T. ) ;
#6195 = EDGE_CURVE ( 'NONE', #1898, #4567, #6704, .T. ) ;
#6196 = ORIENTED_EDGE ( 'NONE', *, *, #1033, .F. ) ;
#6197 = DIRECTION ( 'NONE',  ( 0.000000000000000000, 1.000000000000000000, 0.000000000000000000 ) ) ;
#6198 = CARTESIAN_POINT ( 'NONE',  ( 1.832050807569260753, 0.5000000000000000000, 0.8267949192428909466 ) ) ;
#6199 = AXIS2_PLACEMENT_3D ( 'NONE', #1923, #4128, #3041 ) ;
#6200 = LINE ( 'NONE', #5674, #4130 ) ;
#6201 = EDGE_CURVE ( 'NONE', #1745, #3677, #3151, .T. ) ;
#6202 = DIRECTION ( 'NONE',  ( -0.000000000000000000, 1.000000000000000000, -0.000000000000000000 ) ) ;
#6203 = DIRECTION ( 'NONE',  ( 0.000000000000000000, 0.000000000000000000, 1.000000000000000000 ) ) ;
#6204 = ORIENTED_EDGE ( 'NONE', *, *, #460, .F. ) ;
#6205 = EDGE_LOOP ( 'NONE', ( #3904, #930, #2849, #822 ) ) ;
#6206 = VERTEX_POINT ( 'NONE', #4815 ) ;
#6207 = AXIS2_PLACEMENT_3D ( 'NONE', #5354, #3, #71 ) ;
#6208 = DIRECTION ( 'NONE',  ( -0.4999999999999991673, 0.000000000000000000, 0.8660254037844391517 ) ) ;
#6209 = CARTESIAN_POINT ( 'NONE',  ( 0.000000000000000000, 0.2500000000000000000, 0.000000000000000000 ) ) ;
#6210 = ORIENTED_EDGE ( 'NONE', *, *, #1929, .T. ) ;
#6211 = CARTESIAN_POINT ( 'NONE',  ( 0.1472782379492916793, 0.000000000000000000, 2.248363052133775852 ) ) ;
#6212 = VECTOR ( 'NONE', #255, 39.37007874015748143 ) ;
#6213 = VERTEX_POINT ( 'NONE', #3180 ) ;
#6214 = DIRECTION ( 'NONE',  ( 0.000000000000000000, 1.000000000000000000, 0.000000000000000000 ) ) ;
#6215 = PRODUCT_DEFINITION_SHAPE ( 'NONE', 'NONE',  #6494 ) ;
#6216 = FACE_OUTER_BOUND ( 'NONE', #5101, .T. ) ;
#6217 = DIRECTION ( 'NONE',  ( 0.000000000000000000, 0.000000000000000000, -1.000000000000000000 ) ) ;
#6218 = EDGE_CURVE ( 'NONE', #1730, #4392, #3740, .T. ) ;
#6219 = VECTOR ( 'NONE', #1473, 39.37007874015748143 ) ;
#6220 = VERTEX_POINT ( 'NONE', #3773 ) ;
#6221 = LINE ( 'NONE', #6820, #827 ) ;
#6222 = VERTEX_POINT ( 'NONE', #3495 ) ;
#6223 = VERTEX_POINT ( 'NONE', #1486 ) ;
#6224 = VECTOR ( 'NONE', #5144, 39.37007874015748143 ) ;
#6225 = CARTESIAN_POINT ( 'NONE',  ( 1.832050807569004736, 0.2500000000000000000, -0.8267949192433337036 ) ) ;
#6226 = FACE_OUTER_BOUND ( 'NONE', #6784, .T. ) ;
#6227 = ADVANCED_FACE ( 'NONE', ( #1601 ), #2656, .F. ) ;
#6228 = CARTESIAN_POINT ( 'NONE',  ( -0.4277945899678089470, -0.3500000000000000333, -0.2815711464949814946 ) ) ;
#6229 = VECTOR ( 'NONE', #5213, 39.37007874015748143 ) ;
#6230 = ORIENTED_EDGE ( 'NONE', *, *, #1395, .T. ) ;
#6231 = CARTESIAN_POINT ( 'NONE',  ( 0.5435971967450640152, 0.000000000000000000, 3.620351227372345715 ) ) ;
#6232 = VECTOR ( 'NONE', #2464, 39.37007874015748143 ) ;
#6233 = CARTESIAN_POINT ( 'NONE',  ( -0.4277945899678088915, -0.3499999999999999778, -0.2815711464949807175 ) ) ;
#6234 = VECTOR ( 'NONE', #400, 39.37007874015747433 ) ;
#6235 = ADVANCED_FACE ( 'NONE', ( #5336 ), #5795, .T. ) ;
#6236 = DIRECTION ( 'NONE',  ( 0.000000000000000000, 1.000000000000000000, 0.000000000000000000 ) ) ;
#6237 = ADVANCED_FACE ( 'NONE', ( #2027 ), #4775, .F. ) ;
#6238 = DIRECTION ( 'NONE',  ( -0.000000000000000000, -1.000000000000000000, -0.000000000000000000 ) ) ;
#6239 = CARTESIAN_POINT ( 'NONE',  ( 1.850543806534576285, 0.000000000000000000, 3.157497118129029445 ) ) ;
#6240 = AXIS2_PLACEMENT_3D ( 'NONE', #3967, #6086, #1287 ) ;
#6241 = UNCERTAINTY_MEASURE_WITH_UNIT (LENGTH_MEASURE( 1.000000000000000082E-05 ), #646, 'distance_accuracy_value', 'NONE');
#6242 = VECTOR ( 'NONE', #4627, 39.37007874015748143 ) ;
#6243 = ORIENTED_EDGE ( 'NONE', *, *, #420, .T. ) ;
#6244 = ORIENTED_EDGE ( 'NONE', *, *, #643, .F. ) ;
#6245 = ORIENTED_EDGE ( 'NONE', *, *, #4072, .F. ) ;
#6246 = EDGE_CURVE ( 'NONE', #225, #6736, #5235, .T. ) ;
#6247 = EDGE_CURVE ( 'NONE', #1045, #4426, #6387, .T. ) ;
#6248 = DIRECTION ( 'NONE',  ( -0.000000000000000000, 1.000000000000000000, -0.000000000000000000 ) ) ;
#6249 = CIRCLE ( 'NONE', #4362, 0.2000000000000001776 ) ;
#6250 = AXIS2_PLACEMENT_3D ( 'NONE', #2315, #2884, #4389 ) ;
#6251 = CARTESIAN_POINT ( 'NONE',  ( 0.6120012254101984128, 1.000000000000000000, 3.608289751529527578 ) ) ;
#6252 = VERTEX_POINT ( 'NONE', #5196 ) ;
#6253 = PLANE ( 'NONE',  #2411 ) ;
#6254 = AXIS2_PLACEMENT_3D ( 'NONE', #3315, #2756, #3797 ) ;
#6255 = VERTEX_POINT ( 'NONE', #5303 ) ;
#6256 = LINE ( 'NONE', #3710, #1079 ) ;
#6257 = DIRECTION ( 'NONE',  ( 0.000000000000000000, 0.000000000000000000, -1.000000000000000000 ) ) ;
#6258 = DIRECTION ( 'NONE',  ( -0.000000000000000000, 1.000000000000000000, -0.000000000000000000 ) ) ;
#6259 = VECTOR ( 'NONE', #3241, 39.37007874015748143 ) ;
#6260 = DIRECTION ( 'NONE',  ( -0.8660254037844385966, 0.000000000000000000, 0.5000000000000002220 ) ) ;
#6261 = CARTESIAN_POINT ( 'NONE',  ( -0.8555891799356177829, 0.5000000000000000000, -0.5631422929899626562 ) ) ;
#6262 = ITEM_DEFINED_TRANSFORMATION ( 'NONE', 'NONE', #5165,  #3479 ) ;
#6263 = VERTEX_POINT ( 'NONE', #1004 ) ;
#6264 = LINE ( 'NONE', #1466, #5876 ) ;
#6265 = LINE ( 'NONE', #944, #1537 ) ;
#6266 = DIRECTION ( 'NONE',  ( -0.8660254037844385966, 0.000000000000000000, 0.5000000000000002220 ) ) ;
#6267 = ORIENTED_EDGE ( 'NONE', *, *, #1687, .T. ) ;
#6268 = DIRECTION ( 'NONE',  ( -0.000000000000000000, 1.000000000000000000, -0.000000000000000000 ) ) ;
#6269 = CARTESIAN_POINT ( 'NONE',  ( -2.122263259600148722, 1.000000000000000000, 0.7241322073357965294 ) ) ;
#6270 = CYLINDRICAL_SURFACE ( 'NONE', #4240, 0.2000000000000000389 ) ;
#6271 = CARTESIAN_POINT ( 'NONE',  ( 2.239779962957425319, 1.000000000000000000, 0.2453833961542413455 ) ) ;
#6272 = LINE ( 'NONE', #3618, #1380 ) ;
#6273 = PRODUCT_DEFINITION ( 'UNKNOWN', '', #5272, #5888 ) ;
#6274 = ORIENTED_EDGE ( 'NONE', *, *, #6596, .T. ) ;
#6275 = DIRECTION ( 'NONE',  ( 0.000000000000000000, 0.000000000000000000, 1.000000000000000000 ) ) ;
#6276 = VERTEX_POINT ( 'NONE', #1523 ) ;
#6277 = VERTEX_POINT ( 'NONE', #402 ) ;
#6278 = DIRECTION ( 'NONE',  ( -0.4999999999999996114, 0.000000000000000000, 0.8660254037844388186 ) ) ;
#6279 = CYLINDRICAL_SURFACE ( 'NONE', #6417, 4.000000000000000000 ) ;
#6280 = LINE ( 'NONE', #6843, #2335 ) ;
#6281 =( LENGTH_UNIT ( ) NAMED_UNIT ( * ) SI_UNIT ( $, .METRE. ) );
#6282 = EDGE_CURVE ( 'NONE', #3987, #2351, #5918, .T. ) ;
#6283 = DIRECTION ( 'NONE',  ( 0.1842885350501853869, 0.000000000000000000, -0.9828721869343218787 ) ) ;
#6284 = ORIENTED_EDGE ( 'NONE', *, *, #2625, .T. ) ;
#6285 = ADVANCED_FACE ( 'NONE', ( #4160 ), #502, .T. ) ;
#6286 = EDGE_CURVE ( 'NONE', #3478, #6462, #2059, .T. ) ;
#6287 = CARTESIAN_POINT ( 'NONE',  ( -0.4340147425487533850, 0.5000000000000000000, 0.7999999999999999334 ) ) ;
#6288 = EDGE_LOOP ( 'NONE', ( #2265, #177, #997, #5448 ) ) ;
#6289 = DIRECTION ( 'NONE',  ( -0.5000000000000004441, -0.000000000000000000, -0.8660254037844383745 ) ) ;
#6290 = LINE ( 'NONE', #1010, #2217 ) ;
#6291 = LINE ( 'NONE', #479, #1326 ) ;
#6292 = EDGE_CURVE ( 'NONE', #498, #297, #3020, .T. ) ;
#6293 = CARTESIAN_POINT ( 'NONE',  ( -2.690312454397164821, 0.000000000000000000, -2.180944595493454763 ) ) ;
#6294 = ORIENTED_EDGE ( 'NONE', *, *, #173, .T. ) ;
#6295 = CARTESIAN_POINT ( 'NONE',  ( -0.1999999999999998168, 0.2500000000000000000, -2.000000000000000000 ) ) ;
#6296 = ITEM_DEFINED_TRANSFORMATION ( 'NONE', 'NONE', #1354,  #3479 ) ;
#6297 =( REPRESENTATION_RELATIONSHIP ('NONE','NONE', #3481, #5835 ) REPRESENTATION_RELATIONSHIP_WITH_TRANSFORMATION ( #3753 )SHAPE_REPRESENTATION_RELATIONSHIP( ) );
#6298 = CARTESIAN_POINT ( 'NONE',  ( -0.3295073712743768479, -0.3499999999999999778, -0.4000000000000000777 ) ) ;
#6299 = CARTESIAN_POINT ( 'NONE',  ( -3.462783069340739317, 1.000000000000000000, 0.05859902374375813849 ) ) ;
#6300 = CARTESIAN_POINT ( 'NONE',  ( -0.6305891799356182492, 0.000000000000000000, -2.163142292989964410 ) ) ;
#6301 = ORIENTED_EDGE ( 'NONE', *, *, #3291, .F. ) ;
#6302 = CARTESIAN_POINT ( 'NONE',  ( 1.173205080756921648, 0.2500000000000000000, -1.632050807569005002 ) ) ;
#6303 = DIRECTION ( 'NONE',  ( -0.000000000000000000, -1.000000000000000000, -0.000000000000000000 ) ) ;
#6304 = DIRECTION ( 'NONE',  ( 0.1842885350501850261, -0.000000000000000000, -0.9828721869343218787 ) ) ;
#6305 = CIRCLE ( 'NONE', #1051, 0.5000000000000000000 ) ;
#6306 = EDGE_CURVE ( 'NONE', #1008, #6631, #3213, .T. ) ;
#6307 = DIRECTION ( 'NONE',  ( 0.000000000000000000, 0.000000000000000000, -1.000000000000000000 ) ) ;
#6308 = FACE_OUTER_BOUND ( 'NONE', #2126, .T. ) ;
#6309 = EDGE_LOOP ( 'NONE', ( #4768, #5050, #3607, #5109 ) ) ;
#6310 = DIRECTION ( 'NONE',  ( -0.5000000000000041078, 0.000000000000000000, -0.8660254037844364872 ) ) ;
#6311 = VERTEX_POINT ( 'NONE', #3071 ) ;
#6312 = ORIENTED_EDGE ( 'NONE', *, *, #5299, .T. ) ;
#6313 = VECTOR ( 'NONE', #1188, 39.37007874015748854 ) ;
#6314 = CARTESIAN_POINT ( 'NONE',  ( -3.659744619943180677, 1.000000000000000000, 0.02386938821036836689 ) ) ;
#6315 = COLOUR_RGB ( '',0.7921568627450980005, 0.8196078431372548767, 0.9333333333333333481 ) ;
#6316 = ADVANCED_FACE ( 'NONE', ( #473 ), #4741, .F. ) ;
#6317 = DIRECTION ( 'NONE',  ( 0.000000000000000000, 1.000000000000000000, -0.000000000000000000 ) ) ;
#6318 = CARTESIAN_POINT ( 'NONE',  ( 3.017691453624106845, 0.5000000000000000000, -1.973205080757108876 ) ) ;
#6319 = DIRECTION ( 'NONE',  ( 0.1629875097639798265, 0.000000000000000000, 0.9866281324090331317 ) ) ;
#6320 = ORIENTED_EDGE ( 'NONE', *, *, #3438, .T. ) ;
#6321 = CARTESIAN_POINT ( 'NONE',  ( 1.746607323071575735, 0.000000000000000000, -1.406318475930117273 ) ) ;
#6322 = VECTOR ( 'NONE', #353, 39.37007874015748143 ) ;
#6323 = LINE ( 'NONE', #509, #755 ) ;
#6324 = ADVANCED_FACE ( 'NONE', ( #441 ), #2092, .F. ) ;
#6325 = ADVANCED_FACE ( 'NONE', ( #609 ), #196, .F. ) ;
#6326 = DIRECTION ( 'NONE',  ( 0.7729512718726181397, 0.000000000000000000, 0.6344653901597012702 ) ) ;
#6327 = EDGE_CURVE ( 'NONE', #6146, #335, #6598, .T. ) ;
#6328 = FACE_OUTER_BOUND ( 'NONE', #3349, .T. ) ;
#6329 = ORIENTED_EDGE ( 'NONE', *, *, #2487, .T. ) ;
#6330 = CARTESIAN_POINT ( 'NONE',  ( -3.430871201744703392, 1.000000000000000000, -1.274136267412339762 ) ) ;
#6331 = ORIENTED_EDGE ( 'NONE', *, *, #1641, .F. ) ;
#6332 = ADVANCED_FACE ( 'NONE', ( #97 ), #6561, .T. ) ;
#6333 = LINE ( 'NONE', #1540, #309 ) ;
#6334 = ADVANCED_FACE ( 'NONE', ( #4334 ), #5446, .F. ) ;
#6335 = EDGE_CURVE ( 'NONE', #4337, #6220, #684, .T. ) ;
#6336 = DIRECTION ( 'NONE',  ( 0.000000000000000000, 0.000000000000000000, 1.000000000000000000 ) ) ;
#6337 = VECTOR ( 'NONE', #2787, 39.37007874015748143 ) ;
#6338 = ORIENTED_EDGE ( 'NONE', *, *, #3049, .T. ) ;
#6339 = CARTESIAN_POINT ( 'NONE',  ( 1.894249636900245948, 0.000000000000000000, -0.7747174387174642352 ) ) ;
#6340 = LINE ( 'NONE', #5289, #6219 ) ;
#6341 = VECTOR ( 'NONE', #409, 39.37007874015748143 ) ;
#6342 = CARTESIAN_POINT ( 'NONE',  ( 1.969615506024417151, 0.000000000000000000, -0.3472963553338550002 ) ) ;
#6343 = PLANE ( 'NONE',  #5977 ) ;
#6344 = VERTEX_POINT ( 'NONE', #2865 ) ;
#6345 = DIRECTION ( 'NONE',  ( -6.982962677686266711E-15, 0.000000000000000000, -1.000000000000000000 ) ) ;
#6346 = VECTOR ( 'NONE', #4166, 39.37007874015748143 ) ;
#6347 = VERTEX_POINT ( 'NONE', #648 ) ;
#6348 = AXIS2_PLACEMENT_3D ( 'NONE', #4471, #853, #754 ) ;
#6349 = ORIENTED_EDGE ( 'NONE', *, *, #3293, .F. ) ;
#6350 = DIRECTION ( 'NONE',  ( -2.561107494060247137E-16, 0.000000000000000000, -1.000000000000000000 ) ) ;
#6351 = LINE ( 'NONE', #4123, #4347 ) ;
#6352 = CARTESIAN_POINT ( 'NONE',  ( 0.4277945899678088915, -0.3499999999999999778, -0.2815711464949807175 ) ) ;
#6353 = DIRECTION ( 'NONE',  ( 0.000000000000000000, 1.000000000000000000, -0.000000000000000000 ) ) ;
#6354 = VERTEX_POINT ( 'NONE', #6495 ) ;
#6355 = VECTOR ( 'NONE', #512, 39.37007874015748143 ) ;
#6356 = AXIS2_PLACEMENT_3D ( 'NONE', #5311, #3221, #3675 ) ;
#6357 = CARTESIAN_POINT ( 'NONE',  ( 0.4340147425487538291, -0.3500000000000000333, 0.7999999999999999334 ) ) ;
#6358 = DIRECTION ( 'NONE',  ( -0.9396926207859057634, 0.000000000000000000, -0.3420201433256755408 ) ) ;
#6359 = CARTESIAN_POINT ( 'NONE',  ( 0.3152945899678092356, -0.3500000000000000333, 0.3184288535050185942 ) ) ;
#6360 = CARTESIAN_POINT ( 'NONE',  ( -0.1999999999999999278, 0.2500000000000000000, 0.8000000000000001554 ) ) ;
#6361 = ORIENTED_EDGE ( 'NONE', *, *, #3940, .F. ) ;
#6362 =( GEOMETRIC_REPRESENTATION_CONTEXT ( 3 ) GLOBAL_UNCERTAINTY_ASSIGNED_CONTEXT ( ( #5747 ) ) GLOBAL_UNIT_ASSIGNED_CONTEXT ( ( #1785, #2874, #6538 ) ) REPRESENTATION_CONTEXT ( 'NONE', 'WORKASPACE' ) );
#6363 = VECTOR ( 'NONE', #4186, 39.37007874015748854 ) ;
#6364 = CARTESIAN_POINT ( 'NONE',  ( 3.017691453624362197, 0.2500000000000000000, 1.973205080756666119 ) ) ;
#6365 = ORIENTED_EDGE ( 'NONE', *, *, #4383, .T. ) ;
#6366 = ITEM_DEFINED_TRANSFORMATION ( 'NONE', 'NONE', #124,  #5255 ) ;
#6367 = EDGE_CURVE ( 'NONE', #1159, #2592, #4136, .T. ) ;
#6368 = DIRECTION ( 'NONE',  ( 0.000000000000000000, 1.000000000000000000, 0.000000000000000000 ) ) ;
#6369 = AXIS2_PLACEMENT_3D ( 'NONE', #4839, #600, #1165 ) ;
#6370 = DIRECTION ( 'NONE',  ( -0.000000000000000000, 1.000000000000000000, -0.000000000000000000 ) ) ;
#6371 = DIRECTION ( 'NONE',  ( 0.1842885350501851371, 0.000000000000000000, -0.9828721869343218787 ) ) ;
#6372 = VERTEX_POINT ( 'NONE', #4932 ) ;
#6373 = AXIS2_PLACEMENT_3D ( 'NONE', #1003, #4333, #3391 ) ;
#6374 = EDGE_CURVE ( 'NONE', #5464, #3530, #4805, .T. ) ;
#6375 = ORIENTED_EDGE ( 'NONE', *, *, #2150, .T. ) ;
#6376 = CARTESIAN_POINT ( 'NONE',  ( 0.5435971967450640152, 1.000000000000000000, 3.620351227372345715 ) ) ;
#6377 = FACE_OUTER_BOUND ( 'NONE', #5264, .T. ) ;
#6378 = FACE_OUTER_BOUND ( 'NONE', #2568, .T. ) ;
#6379 = CARTESIAN_POINT ( 'NONE',  ( 0.6840402866513261015, 0.000000000000000000, 1.879385241571821297 ) ) ;
#6380 = EDGE_LOOP ( 'NONE', ( #6734, #3485, #2731, #1722 ) ) ;
#6381 = DIRECTION ( 'NONE',  ( 0.5000000000000101030, 0.000000000000000000, 0.8660254037844328234 ) ) ;
#6382 = ORIENTED_EDGE ( 'NONE', *, *, #3757, .F. ) ;
#6383 = ORIENTED_EDGE ( 'NONE', *, *, #6497, .T. ) ;
#6384 = CARTESIAN_POINT ( 'NONE',  ( -0.3795073712743768368, 0.3499999999999999778, -0.4438888888888888884 ) ) ;
#6385 = CARTESIAN_POINT ( 'NONE',  ( 1.782139777869445219, 1.000000000000000000, 2.969558593971846516 ) ) ;
#6386 =( NAMED_UNIT ( * ) SI_UNIT ( $, .STERADIAN. ) SOLID_ANGLE_UNIT ( ) );
#6387 = LINE ( 'NONE', #6878, #328 ) ;
#6388 = CARTESIAN_POINT ( 'NONE',  ( 0.000000000000000000, 1.000000000000000000, -3.599999999999999645 ) ) ;
#6389 = CARTESIAN_POINT ( 'NONE',  ( -2.614979001592735219, 1.000000000000000000, 2.270723508515657851 ) ) ;
#6390 = PRODUCT_DEFINITION_FORMATION_WITH_SPECIFIED_SOURCE ( 'ANY', '', #5540, .NOT_KNOWN. ) ;
#6391 = EDGE_LOOP ( 'NONE', ( #29, #4758, #5456, #5810 ) ) ;
#6392 = ORIENTED_EDGE ( 'NONE', *, *, #5430, .T. ) ;
#6393 = CARTESIAN_POINT ( 'NONE',  ( -1.746607323071556861, 1.000000000000000000, -1.206318475930141298 ) ) ;
#6394 = CARTESIAN_POINT ( 'NONE',  ( 0.6590147425487519195, 0.000000000000000000, -3.599999999999999645 ) ) ;
#6395 = DIRECTION ( 'NONE',  ( 0.1842885350501851371, 0.000000000000000000, -0.9828721869343218787 ) ) ;
#6396 = CARTESIAN_POINT ( 'NONE',  ( -1.999999999999744649, 0.2500000000000000000, 0.2000000000002555012 ) ) ;
#6397 = ORIENTED_EDGE ( 'NONE', *, *, #6286, .T. ) ;
#6398 = EDGE_CURVE ( 'NONE', #1829, #4503, #1905, .T. ) ;
#6399 = CARTESIAN_POINT ( 'NONE',  ( -1.973205080756855079, 0.5000000000000000000, -3.017691453623849718 ) ) ;
#6400 = ORIENTED_EDGE ( 'NONE', *, *, #725, .T. ) ;
#6401 = DIRECTION ( 'NONE',  ( -1.000000000000000000, 0.000000000000000000, 1.707404996040164265E-16 ) ) ;
#6402 = LINE ( 'NONE', #453, #4342 ) ;
#6403 = DIRECTION ( 'NONE',  ( -0.6427876096865410283, 0.000000000000000000, 0.7660444431189765702 ) ) ;
#6404 = VERTEX_POINT ( 'NONE', #4962 ) ;
#6405 = EDGE_CURVE ( 'NONE', #5752, #4367, #6000, .T. ) ;
#6406 = ORIENTED_EDGE ( 'NONE', *, *, #5934, .T. ) ;
#6407 = DIRECTION ( 'NONE',  ( -0.000000000000000000, 1.000000000000000000, -0.000000000000000000 ) ) ;
#6408 = CARTESIAN_POINT ( 'NONE',  ( -0.1999999999994891697, 0.2500000000000000000, 2.000000000000000000 ) ) ;
#6409 = EDGE_CURVE ( 'NONE', #3425, #3658, #1106, .T. ) ;
#6410 = EDGE_CURVE ( 'NONE', #5411, #279, #4931, .T. ) ;
#6411 = PLANE ( 'NONE',  #6037 ) ;
#6412 = DIRECTION ( 'NONE',  ( 0.000000000000000000, 1.000000000000000000, -0.000000000000000000 ) ) ;
#6413 = ORIENTED_EDGE ( 'NONE', *, *, #5283, .F. ) ;
#6414 = EDGE_LOOP ( 'NONE', ( #4710, #4695, #6480, #4257 ) ) ;
#6415 = VERTEX_POINT ( 'NONE', #135 ) ;
#6416 = CARTESIAN_POINT ( 'NONE',  ( 0.2000000000005110745, 0.2500000000000000000, 3.599999999999999645 ) ) ;
#6417 = AXIS2_PLACEMENT_3D ( 'NONE', #5783, #3242, #529 ) ;
#6418 = CARTESIAN_POINT ( 'NONE',  ( 3.600000000000254996, 0.5000000000000000000, -2.555259625778237051E-13 ) ) ;
#6419 =( LENGTH_UNIT ( ) NAMED_UNIT ( * ) SI_UNIT ( $, .METRE. ) );
#6420 = CARTESIAN_POINT ( 'NONE',  ( 2.239779962957425319, 0.000000000000000000, 0.2453833961542413455 ) ) ;
#6421 = DIRECTION ( 'NONE',  ( 0.000000000000000000, 1.000000000000000000, -0.000000000000000000 ) ) ;
#6422 = VECTOR ( 'NONE', #6854, 39.37007874015748854 ) ;
#6423 = DIRECTION ( 'NONE',  ( 0.1842885350501851371, 0.000000000000000000, -0.9828721869343218787 ) ) ;
#6424 = ORIENTED_EDGE ( 'NONE', *, *, #2840, .F. ) ;
#6425 = ORIENTED_EDGE ( 'NONE', *, *, #4928, .T. ) ;
#6426 = CYLINDRICAL_SURFACE ( 'NONE', #1296, 0.1000000000000000194 ) ;
#6427 = VECTOR ( 'NONE', #5586, 39.37007874015748143 ) ;
#6428 = CARTESIAN_POINT ( 'NONE',  ( -0.9531006376118713597, 0.000000000000000000, -1.811068185169599776 ) ) ;
#6429 = FACE_OUTER_BOUND ( 'NONE', #968, .T. ) ;
#6430 = VERTEX_POINT ( 'NONE', #1209 ) ;
#6431 = DIRECTION ( 'NONE',  ( 0.000000000000000000, 1.000000000000000000, 0.000000000000000000 ) ) ;
#6432 = ORIENTED_EDGE ( 'NONE', *, *, #4655, .F. ) ;
#6433 = PLANE ( 'NONE',  #1075 ) ;
#6434 = LINE ( 'NONE', #114, #2435 ) ;
#6435 = DIRECTION ( 'NONE',  ( -0.000000000000000000, 1.000000000000000000, -0.000000000000000000 ) ) ;
#6436 = AXIS2_PLACEMENT_3D ( 'NONE', #589, #1757, #4276 ) ;
#6437 = DIRECTION ( 'NONE',  ( -0.000000000000000000, 1.000000000000000000, -0.000000000000000000 ) ) ;
#6438 = ORIENTED_EDGE ( 'NONE', *, *, #2443, .F. ) ;
#6439 = ORIENTED_EDGE ( 'NONE', *, *, #2847, .T. ) ;
#6440 = CIRCLE ( 'NONE', #2207, 0.1999999999999999278 ) ;
#6441 = DIRECTION ( 'NONE',  ( -0.000000000000000000, 1.000000000000000000, -0.000000000000000000 ) ) ;
#6442 = DIRECTION ( 'NONE',  ( 0.000000000000000000, 0.000000000000000000, 1.000000000000000000 ) ) ;
#6443 = VECTOR ( 'NONE', #4285, 39.37007874015748143 ) ;
#6444 = CARTESIAN_POINT ( 'NONE',  ( 1.969615506024417151, 1.000000000000000000, -0.3472963553338550002 ) ) ;
#6445 = CARTESIAN_POINT ( 'NONE',  ( 0.5435971967450640152, 0.000000000000000000, 3.420351227372345981 ) ) ;
#6446 = ORIENTED_EDGE ( 'NONE', *, *, #3470, .F. ) ;
#6447 = APPLICATION_PROTOCOL_DEFINITION ( 'draft international standard', 'automotive_design', 1998, #2736 ) ;
#6448 = ORIENTED_EDGE ( 'NONE', *, *, #3052, .F. ) ;
#6449 = ORIENTED_EDGE ( 'NONE', *, *, #2196, .F. ) ;
#6450 = DIRECTION ( 'NONE',  ( 1.000000000000000000, -0.000000000000000000, -1.573591704294117338E-16 ) ) ;
#6451 = EDGE_CURVE ( 'NONE', #69, #4274, #6482, .T. ) ;
#6452 = AXIS2_PLACEMENT_3D ( 'NONE', #6151, #6708, #6113 ) ;
#6453 = EDGE_CURVE ( 'NONE', #481, #6073, #4401, .T. ) ;
#6454 = DIRECTION ( 'NONE',  ( -0.9359387816366123714, 0.000000000000000000, 0.3521627422493376902 ) ) ;
#6455 = CARTESIAN_POINT ( 'NONE',  ( 1.681204301067777962, 2.541577051517184938, 3.836579569120386335 ) ) ;
#6456 = DIRECTION ( 'NONE',  ( 0.000000000000000000, 1.000000000000000000, 0.000000000000000000 ) ) ;
#6457 = FACE_OUTER_BOUND ( 'NONE', #6518, .T. ) ;
#6458 = AXIS2_PLACEMENT_3D ( 'NONE', #1040, #4679, #6851 ) ;
#6459 = CARTESIAN_POINT ( 'NONE',  ( 3.163477102692409115, 0.000000000000000000, -1.426594388206232855 ) ) ;
#6460 = EDGE_CURVE ( 'NONE', #2355, #3677, #3392, .T. ) ;
#6461 = ORIENTED_EDGE ( 'NONE', *, *, #3132, .T. ) ;
#6462 = VERTEX_POINT ( 'NONE', #3813 ) ;
#6463 = EDGE_CURVE ( 'NONE', #2289, #5111, #6141, .T. ) ;
#6464 = FACE_BOUND ( 'NONE', #4519, .T. ) ;
#6465 = PRESENTATION_STYLE_ASSIGNMENT (( #31 ) ) ;
#6466 = MECHANICAL_DESIGN_GEOMETRIC_PRESENTATION_REPRESENTATION (  '', ( #5127 ), #107 ) ;
#6467 = DIRECTION ( 'NONE',  ( -0.000000000000000000, 1.000000000000000000, -0.000000000000000000 ) ) ;
#6468 = FACE_OUTER_BOUND ( 'NONE', #3803, .T. ) ;
#6469 = ORIENTED_EDGE ( 'NONE', *, *, #2585, .F. ) ;
#6470 = DIRECTION ( 'NONE',  ( 0.4999999999999916733, -0.000000000000000000, 0.8660254037844434816 ) ) ;
#6471 = VECTOR ( 'NONE', #5909, 39.37007874015747433 ) ;
#6472 = VECTOR ( 'NONE', #1323, 39.37007874015748143 ) ;
#6473 = ORIENTED_EDGE ( 'NONE', *, *, #252, .F. ) ;
#6474 = FACE_OUTER_BOUND ( 'NONE', #1490, .T. ) ;
#6475 = FACE_OUTER_BOUND ( 'NONE', #3327, .T. ) ;
#6476 = DIRECTION ( 'NONE',  ( 0.000000000000000000, 0.000000000000000000, 1.000000000000000000 ) ) ;
#6477 = AXIS2_PLACEMENT_3D ( 'NONE', #6570, #3855, #5944 ) ;
#6478 = AXIS2_PLACEMENT_3D ( 'NONE', #4941, #1146, #6536 ) ;
#6479 = CARTESIAN_POINT ( 'NONE',  ( 0.3486279233011423395, 0.3499999999999999778, 0.3634288535050185232 ) ) ;
#6480 = ORIENTED_EDGE ( 'NONE', *, *, #454, .F. ) ;
#6481 = EDGE_LOOP ( 'NONE', ( #5890, #5799, #3059, #1940 ) ) ;
#6482 = CIRCLE ( 'NONE', #336, 4.000000000000000000 ) ;
#6483 = CARTESIAN_POINT ( 'NONE',  ( -3.462783069340739317, 0.000000000000000000, 0.05859902374375813849 ) ) ;
#6484 = CARTESIAN_POINT ( 'NONE',  ( 1.832050807569260531, 0.2500000000000000000, 0.8267949192428909466 ) ) ;
#6485 = AXIS2_PLACEMENT_3D ( 'NONE', #1138, #2299, #2692 ) ;
#6486 = FACE_OUTER_BOUND ( 'NONE', #3597, .T. ) ;
#6487 = CARTESIAN_POINT ( 'NONE',  ( 0.8267949192435893879, 0.2500000000000000000, 1.832050807568749384 ) ) ;
#6488 = ADVANCED_FACE ( 'NONE', ( #5935 ), #1139, .F. ) ;
#6489 = ORIENTED_EDGE ( 'NONE', *, *, #4066, .T. ) ;
#6490 = ORIENTED_EDGE ( 'NONE', *, *, #3024, .F. ) ;
#6491 = ORIENTED_EDGE ( 'NONE', *, *, #6513, .T. ) ;
#6492 = CARTESIAN_POINT ( 'NONE',  ( 2.817205532429130521, 0.000000000000000000, -2.026354341118891345 ) ) ;
#6493 = LINE ( 'NONE', #3845, #2228 ) ;
#6494 = PRODUCT_DEFINITION ( 'UNKNOWN', '', #5495, #495 ) ;
#6495 = CARTESIAN_POINT ( 'NONE',  ( 0.2170073712743761651, 0.3499999999999999778, 0.3999999999999999667 ) ) ;
#6496 = CARTESIAN_POINT ( 'NONE',  ( -1.746607323071556861, 0.000000000000000000, -1.206318475930141298 ) ) ;
#6497 = EDGE_CURVE ( 'NONE', #2903, #2001, #4561, .T. ) ;
#6498 =( CONVERSION_BASED_UNIT ( 'INCH', #5830 ) LENGTH_UNIT ( ) NAMED_UNIT ( #4223 ) );
#6499 = ORIENTED_EDGE ( 'NONE', *, *, #4762, .F. ) ;
#6500 = FACE_BOUND ( 'NONE', #6522, .T. ) ;
#6501 = FILL_AREA_STYLE_COLOUR ( '', #1544 ) ;
#6502 = ADVANCED_FACE ( 'NONE', ( #5124 ), #1912, .F. ) ;
#6503 = ADVANCED_FACE ( 'NONE', ( #6136 ), #3420, .F. ) ;
#6504 = CARTESIAN_POINT ( 'NONE',  ( 0.000000000000000000, 0.2500000000000000000, 0.000000000000000000 ) ) ;
#6505 = ORIENTED_EDGE ( 'NONE', *, *, #5671, .F. ) ;
#6506 = EDGE_CURVE ( 'NONE', #2216, #6736, #3251, .T. ) ;
#6507 = EDGE_CURVE ( 'NONE', #2284, #6729, #4251, .T. ) ;
#6508 = LINE ( 'NONE', #3190, #6313 ) ;
#6509 = ORIENTED_EDGE ( 'NONE', *, *, #4, .T. ) ;
#6510 = FACE_OUTER_BOUND ( 'NONE', #532, .T. ) ;
#6511 = CARTESIAN_POINT ( 'NONE',  ( 3.217691453624106579, 0.2500000000000000000, -1.626794919243333526 ) ) ;
#6512 = DIMENSIONAL_EXPONENTS ( 1.000000000000000000, 0.000000000000000000, 0.000000000000000000, 0.000000000000000000, 0.000000000000000000, 0.000000000000000000, 0.000000000000000000 ) ;
#6513 = EDGE_CURVE ( 'NONE', #4874, #4674, #4525, .T. ) ;
#6514 = LINE ( 'NONE', #3376, #112 ) ;
#6515 = ADVANCED_FACE ( 'NONE', ( #3981 ), #5639, .F. ) ;
#6516 = LINE ( 'NONE', #5987, #6800 ) ;
#6517 = EDGE_LOOP ( 'NONE', ( #1081, #4824, #5266, #2515 ) ) ;
#6518 = EDGE_LOOP ( 'NONE', ( #4091, #603, #1204, #36 ) ) ;
#6519 = LINE ( 'NONE', #3274, #3322 ) ;
#6520 = DIRECTION ( 'NONE',  ( -0.000000000000000000, 1.000000000000000000, -0.000000000000000000 ) ) ;
#6521 = EDGE_LOOP ( 'NONE', ( #6196, #767, #5419, #1479, #3494, #4231, #4041, #995, #1198 ) ) ;
#6522 = EDGE_LOOP ( 'NONE', ( #4265, #159, #2054, #3246, #6804, #5211, #6365, #3457, #958 ) ) ;
#6523 = LINE ( 'NONE', #2295, #4014 ) ;
#6524 = EDGE_CURVE ( 'NONE', #6222, #4852, #3550, .T. ) ;
#6525 = DIRECTION ( 'NONE',  ( 0.5000000000000003331, 0.000000000000000000, 0.8660254037844383745 ) ) ;
#6526 = VECTOR ( 'NONE', #2938, 39.37007874015747433 ) ;
#6527 = DIRECTION ( 'NONE',  ( 0.000000000000000000, 1.000000000000000000, -0.000000000000000000 ) ) ;
#6528 = FACE_OUTER_BOUND ( 'NONE', #6140, .T. ) ;
#6529 = VERTEX_POINT ( 'NONE', #4017 ) ;
#6530 = ORIENTED_EDGE ( 'NONE', *, *, #5603, .T. ) ;
#6531 = EDGE_LOOP ( 'NONE', ( #4004, #4592, #4832, #6123 ) ) ;
#6532 = VECTOR ( 'NONE', #3506, 39.37007874015748854 ) ;
#6533 = EDGE_CURVE ( 'NONE', #3102, #2941, #1840, .T. ) ;
#6534 = FACE_OUTER_BOUND ( 'NONE', #3850, .T. ) ;
#6535 = EDGE_CURVE ( 'NONE', #3042, #6173, #814, .T. ) ;
#6536 = DIRECTION ( 'NONE',  ( -1.000000000000000000, 0.000000000000000000, 1.364065023876727600E-16 ) ) ;
#6537 = AXIS2_PLACEMENT_3D ( 'NONE', #349, #379, #2036 ) ;
#6538 =( NAMED_UNIT ( * ) SI_UNIT ( $, .STERADIAN. ) SOLID_ANGLE_UNIT ( ) );
#6539 = ORIENTED_EDGE ( 'NONE', *, *, #6632, .F. ) ;
#6540 = CARTESIAN_POINT ( 'NONE',  ( 2.817205532429130521, 1.000000000000000000, -2.026354341118891345 ) ) ;
#6541 = EDGE_LOOP ( 'NONE', ( #2605, #6813, #2030, #311 ) ) ;
#6542 = LINE ( 'NONE', #3754, #5768 ) ;
#6543 = AXIS2_PLACEMENT_3D ( 'NONE', #5796, #6706, #3599 ) ;
#6544 = EDGE_CURVE ( 'NONE', #4213, #6187, #6590, .T. ) ;
#6545 = DIRECTION ( 'NONE',  ( -0.8660254037844434816, 0.000000000000000000, 0.4999999999999916733 ) ) ;
#6546 = EDGE_CURVE ( 'NONE', #5965, #2868, #229, .T. ) ;
#6547 = CYLINDRICAL_SURFACE ( 'NONE', #3463, 0.1000000000000000194 ) ;
#6548 = LINE ( 'NONE', #4509, #2234 ) ;
#6549 = ORIENTED_EDGE ( 'NONE', *, *, #1896, .T. ) ;
#6550 = ORIENTED_EDGE ( 'NONE', *, *, #321, .T. ) ;
#6551 = ADVANCED_FACE ( 'NONE', ( #2994 ), #330, .F. ) ;
#6552 = DIRECTION ( 'NONE',  ( 0.000000000000000000, 0.000000000000000000, 1.000000000000000000 ) ) ;
#6553 = SHAPE_REPRESENTATION ( 'PermanentMagnet', ( #3479 ), #1235 ) ;
#6554 = AXIS2_PLACEMENT_3D ( 'NONE', #2496, #2928, #6619 ) ;
#6555 = ORIENTED_EDGE ( 'NONE', *, *, #74, .T. ) ;
#6556 = ORIENTED_EDGE ( 'NONE', *, *, #1395, .F. ) ;
#6557 = CARTESIAN_POINT ( 'NONE',  ( -0.3152945899678091246, -0.3499999999999999778, 0.3184288535050179836 ) ) ;
#6558 = FACE_BOUND ( 'NONE', #5542, .T. ) ;
#6559 = AXIS2_PLACEMENT_3D ( 'NONE', #6321, #1957, #1528 ) ;
#6560 = DIRECTION ( 'NONE',  ( -0.9396926207859153113, -3.239521767463302742E-17, 0.3420201433256502277 ) ) ;
#6561 = PLANE ( 'NONE',  #3571 ) ;
#6562 = DIRECTION ( 'NONE',  ( 1.036337966848352934E-16, -0.000000000000000000, 1.000000000000000000 ) ) ;
#6563 = VERTEX_POINT ( 'NONE', #3453 ) ;
#6564 = EDGE_CURVE ( 'NONE', #3133, #6839, #5574, .T. ) ;
#6565 = ORIENTED_EDGE ( 'NONE', *, *, #1364, .F. ) ;
#6566 = AXIS2_PLACEMENT_3D ( 'NONE', #5399, #3312, #5433 ) ;
#6567 = ORIENTED_EDGE ( 'NONE', *, *, #2918, .T. ) ;
#6568 = DIRECTION ( 'NONE',  ( 1.000000000000000000, 0.000000000000000000, -1.573591704294117338E-16 ) ) ;
#6569 = VECTOR ( 'NONE', #2285, 39.37007874015748143 ) ;
#6570 = CARTESIAN_POINT ( 'NONE',  ( 1.000000000000033973, 0.2500000000000000000, -1.732050807569005091 ) ) ;
#6571 = ORIENTED_EDGE ( 'NONE', *, *, #4366, .F. ) ;
#6572 = DIRECTION ( 'NONE',  ( -0.000000000000000000, 1.000000000000000000, -0.000000000000000000 ) ) ;
#6573 = ADVANCED_FACE ( 'NONE', ( #1371 ), #2506, .F. ) ;
#6574 = ORIENTED_EDGE ( 'NONE', *, *, #305, .T. ) ;
#6575 = VECTOR ( 'NONE', #1546, 39.37007874015748143 ) ;
#6576 = VECTOR ( 'NONE', #1558, 39.37007874015747433 ) ;
#6577 = DIRECTION ( 'NONE',  ( -0.000000000000000000, -1.000000000000000000, -0.000000000000000000 ) ) ;
#6578 = FACE_OUTER_BOUND ( 'NONE', #6591, .T. ) ;
#6579 = CARTESIAN_POINT ( 'NONE',  ( 1.626794919243589765, 0.2500000000000000000, 3.217691453623850339 ) ) ;
#6580 = VERTEX_POINT ( 'NONE', #1404 ) ;
#6581 = AXIS2_PLACEMENT_3D ( 'NONE', #5157, #4312, #1400 ) ;
#6582 = PRODUCT_RELATED_PRODUCT_CATEGORY ( 'part', '', ( #2591 ) ) ;
#6583 = ORIENTED_EDGE ( 'NONE', *, *, #6158, .T. ) ;
#6584 = CARTESIAN_POINT ( 'NONE',  ( 0.3152945899678091246, -0.3499999999999999778, 0.3184288535050179281 ) ) ;
#6585 = VECTOR ( 'NONE', #5168, 39.37007874015748143 ) ;
#6586 = CARTESIAN_POINT ( 'NONE',  ( 0.2000000000005110745, 0.5000000000000000000, 3.599999999999999645 ) ) ;
#6587 = VECTOR ( 'NONE', #1728, 39.37007874015748143 ) ;
#6588 = EDGE_CURVE ( 'NONE', #3176, #2887, #4582, .T. ) ;
#6589 = EDGE_CURVE ( 'NONE', #4863, #4122, #552, .T. ) ;
#6590 = CIRCLE ( 'NONE', #6812, 0.2000000000000000389 ) ;
#6591 = EDGE_LOOP ( 'NONE', ( #1087, #3842, #6895, #1584 ) ) ;
#6592 = ORIENTED_EDGE ( 'NONE', *, *, #5009, .F. ) ;
#6593 = CARTESIAN_POINT ( 'NONE',  ( -0.2000000000000000111, 0.2500000000000000000, -3.599999999999999645 ) ) ;
#6594 = CARTESIAN_POINT ( 'NONE',  ( 3.017691453624106845, 0.2500000000000000000, -1.973205080757108876 ) ) ;
#6595 = VECTOR ( 'NONE', #6238, 39.37007874015748143 ) ;
#6596 = EDGE_CURVE ( 'NONE', #6631, #3408, #4664, .T. ) ;
#6597 = LINE ( 'NONE', #1810, #1316 ) ;
#6598 = LINE ( 'NONE', #3881, #5686 ) ;
#6599 = LINE ( 'NONE', #649, #485 ) ;
#6600 = ORIENTED_EDGE ( 'NONE', *, *, #6059, .T. ) ;
#6601 = AXIS2_PLACEMENT_3D ( 'NONE', #2158, #4731, #922 ) ;
#6602 = VERTEX_POINT ( 'NONE', #1549 ) ;
#6603 = VERTEX_POINT ( 'NONE', #3099 ) ;
#6604 = DIRECTION ( 'NONE',  ( -0.000000000000000000, 1.000000000000000000, -0.000000000000000000 ) ) ;
#6605 = CARTESIAN_POINT ( 'NONE',  ( -3.462783069340739317, 0.000000000000000000, 0.05859902374375813849 ) ) ;
#6606 = ORIENTED_EDGE ( 'NONE', *, *, #2401, .F. ) ;
#6607 = CYLINDRICAL_SURFACE ( 'NONE', #1631, 0.5000000000000000000 ) ;
#6608 = ORIENTED_EDGE ( 'NONE', *, *, #428, .F. ) ;
#6609 = DIRECTION ( 'NONE',  ( 0.5000000000000001110, 0.000000000000000000, -0.8660254037844385966 ) ) ;
#6610 = PRODUCT ( 'StatorAssembly', 'StatorAssembly', '', ( #4924 ) ) ;
#6611 = DIRECTION ( 'NONE',  ( 0.000000000000000000, 0.000000000000000000, 1.000000000000000000 ) ) ;
#6612 = CARTESIAN_POINT ( 'NONE',  ( 0.000000000000000000, 0.000000000000000000, -3.599999999999999645 ) ) ;
#6613 = FACE_OUTER_BOUND ( 'NONE', #1916, .T. ) ;
#6614 = VERTEX_POINT ( 'NONE', #4806 ) ;
#6615 = CARTESIAN_POINT ( 'NONE',  ( 0.3295073712743768479, 0.3500000000000000333, -0.3000000000000000999 ) ) ;
#6616 = SHAPE_DEFINITION_REPRESENTATION ( #4998, #125 ) ;
#6617 = ORIENTED_EDGE ( 'NONE', *, *, #1769, .F. ) ;
#6618 = CARTESIAN_POINT ( 'NONE',  ( -0.3462715702633038517, 0.000000000000000000, 3.452948729325134636 ) ) ;
#6619 = DIRECTION ( 'NONE',  ( 0.8660254037844385966, 0.000000000000000000, -0.5000000000000001110 ) ) ;
#6620 = CARTESIAN_POINT ( 'NONE',  ( 1.949058178843251055, 0.000000000000000000, 0.6241322073358265277 ) ) ;
#6621 = ORIENTED_EDGE ( 'NONE', *, *, #5562, .F. ) ;
#6622 = ORIENTED_EDGE ( 'NONE', *, *, #1105, .T. ) ;
#6623 = PLANE ( 'NONE',  #6792 ) ;
#6624 = EDGE_CURVE ( 'NONE', #4724, #5229, #1980, .T. ) ;
#6625 = DIRECTION ( 'NONE',  ( 0.000000000000000000, 0.000000000000000000, 1.000000000000000000 ) ) ;
#6626 = EDGE_CURVE ( 'NONE', #818, #3042, #4700, .T. ) ;
#6627 = DIRECTION ( 'NONE',  ( 0.000000000000000000, 0.000000000000000000, 1.000000000000000000 ) ) ;
#6628 = CARTESIAN_POINT ( 'NONE',  ( -2.091211187502675983, 0.000000000000000000, -0.8094470742508785843 ) ) ;
#6629 = ORIENTED_EDGE ( 'NONE', *, *, #4486, .F. ) ;
#6630 = VERTEX_POINT ( 'NONE', #4117 ) ;
#6631 = VERTEX_POINT ( 'NONE', #2016 ) ;
#6632 = EDGE_CURVE ( 'NONE', #4073, #4884, #1442, .T. ) ;
#6633 = PLANE ( 'NONE',  #6348 ) ;
#6634 =( LENGTH_UNIT ( ) NAMED_UNIT ( * ) SI_UNIT ( $, .METRE. ) );
#6635 = DIRECTION ( 'NONE',  ( -0.5000000000000005551, 0.000000000000000000, -0.8660254037844382635 ) ) ;
#6636 = ORIENTED_EDGE ( 'NONE', *, *, #5193, .T. ) ;
#6637 = DIRECTION ( 'NONE',  ( -0.4999999999999993894, -0.000000000000000000, 0.8660254037844389297 ) ) ;
#6638 = VERTEX_POINT ( 'NONE', #2083 ) ;
#6639 = DIRECTION ( 'NONE',  ( -0.000000000000000000, 1.000000000000000000, -0.000000000000000000 ) ) ;
#6640 = LINE ( 'NONE', #1856, #4552 ) ;
#6641 = CARTESIAN_POINT ( 'NONE',  ( -0.4340147425487525523, 1.000000000000000000, -2.000000000000000444 ) ) ;
#6642 = DIRECTION ( 'NONE',  ( -0.000000000000000000, 1.000000000000000000, -0.000000000000000000 ) ) ;
#6643 = ORIENTED_EDGE ( 'NONE', *, *, #5096, .T. ) ;
#6644 = CARTESIAN_POINT ( 'NONE',  ( -2.484772072303366830, 1.000000000000000000, 2.422533111522297666 ) ) ;
#6645 = AXIS2_PLACEMENT_3D ( 'NONE', #515, #3857, #662 ) ;
#6646 = PRODUCT_CONTEXT ( 'NONE', #352, 'mechanical' ) ;
#6647 = ORIENTED_EDGE ( 'NONE', *, *, #137, .T. ) ;
#6648 = CARTESIAN_POINT ( 'NONE',  ( -0.1999999999999999278, 0.2500000000000000000, 0.8000000000000001554 ) ) ;
#6649 = DIRECTION ( 'NONE',  ( 0.4999999999999998335, 0.000000000000000000, -0.8660254037844388186 ) ) ;
#6650 = VECTOR ( 'NONE', #3815, 39.37007874015748143 ) ;
#6651 =( REPRESENTATION_RELATIONSHIP ('NONE','NONE', #3481, #5835 ) REPRESENTATION_RELATIONSHIP_WITH_TRANSFORMATION ( #517 )SHAPE_REPRESENTATION_RELATIONSHIP( ) );
#6652 = ORIENTED_EDGE ( 'NONE', *, *, #4187, .T. ) ;
#6653 = CARTESIAN_POINT ( 'NONE',  ( 3.117691453623971043, 0.000000000000000000, 1.800000000000014699 ) ) ;
#6654 = EDGE_CURVE ( 'NONE', #1412, #248, #953, .T. ) ;
#6655 = CARTESIAN_POINT ( 'NONE',  ( 2.314035394871545748, 1.000000000000000000, -2.757759995228317607 ) ) ;
#6656 = CARTESIAN_POINT ( 'NONE',  ( -1.746607323071556861, 0.000000000000000000, -1.406318475930141476 ) ) ;
#6657 = AXIS2_PLACEMENT_3D ( 'NONE', #556, #4413, #5460 ) ;
#6658 = CARTESIAN_POINT ( 'NONE',  ( -3.273993744141478590, 1.000000000000000000, 1.129276491484287215 ) ) ;
#6659 = DIRECTION ( 'NONE',  ( 0.1736481776669411559, -0.000000000000000000, -0.9848077530122060219 ) ) ;
#6660 = ADVANCED_FACE ( 'NONE', ( #5782 ), #528, .T. ) ;
#6661 = ORIENTED_EDGE ( 'NONE', *, *, #5391, .T. ) ;
#6662 = PRODUCT_DEFINITION_SHAPE ( 'NONE', 'NONE',  #6923 ) ;
#6663 = ORIENTED_EDGE ( 'NONE', *, *, #6460, .F. ) ;
#6664 = VERTEX_POINT ( 'NONE', #3654 ) ;
#6665 = VECTOR ( 'NONE', #2392, 39.37007874015748143 ) ;
#6666 = CARTESIAN_POINT ( 'NONE',  ( -3.599999999999744738, 0.5000000000000000000, 0.2000000000002559453 ) ) ;
#6667 = FACE_OUTER_BOUND ( 'NONE', #5577, .T. ) ;
#6668 = FACE_OUTER_BOUND ( 'NONE', #5643, .T. ) ;
#6669 = ORIENTED_EDGE ( 'NONE', *, *, #3779, .F. ) ;
#6670 = CIRCLE ( 'NONE', #4772, 0.2000000000000003164 ) ;
#6671 = EDGE_CURVE ( 'NONE', #5659, #1376, #5711, .T. ) ;
#6672 = DIRECTION ( 'NONE',  ( 0.000000000000000000, -0.000000000000000000, 1.000000000000000000 ) ) ;
#6673 = ORIENTED_EDGE ( 'NONE', *, *, #3957, .F. ) ;
#6674 = LINE ( 'NONE', #3930, #3649 ) ;
#6675 = CARTESIAN_POINT ( 'NONE',  ( 3.462783069340739317, 0.000000000000000000, 0.05859902374380376172 ) ) ;
#6676 = AXIS2_PLACEMENT_3D ( 'NONE', #902, #3711, #2631 ) ;
#6677 = LINE ( 'NONE', #1895, #2236 ) ;
#6678 = SURFACE_STYLE_USAGE ( .BOTH. , #412 ) ;
#6679 = ORIENTED_EDGE ( 'NONE', *, *, #173, .F. ) ;
#6680 = LINE ( 'NONE', #86, #3755 ) ;
#6681 = VECTOR ( 'NONE', #5966, 39.37007874015748854 ) ;
#6682 = CONTEXT_DEPENDENT_SHAPE_REPRESENTATION ( #2149, #3384 ) ;
#6683 = ORIENTED_EDGE ( 'NONE', *, *, #2824, .T. ) ;
#6684 = CARTESIAN_POINT ( 'NONE',  ( 2.044981375148588576, 0.000000000000000000, 0.08012472804975413754 ) ) ;
#6685 = DIRECTION ( 'NONE',  ( 0.000000000000000000, 0.000000000000000000, 1.000000000000000000 ) ) ;
#6686 = VECTOR ( 'NONE', #6437, 39.37007874015748143 ) ;
#6687 = VECTOR ( 'NONE', #2801, 39.37007874015748854 ) ;
#6688 = ORIENTED_EDGE ( 'NONE', *, *, #3500, .F. ) ;
#6689 = AXIS2_PLACEMENT_3D ( 'NONE', #5312, #33, #3748 ) ;
#6690 = CIRCLE ( 'NONE', #545, 0.2000000000000001776 ) ;
#6691 = CARTESIAN_POINT ( 'NONE',  ( 3.545307910843950694, 0.000000000000000000, -0.6251334396009387007 ) ) ;
#6692 = CARTESIAN_POINT ( 'NONE',  ( -0.5435971967451100895, 0.000000000000000000, 3.620351227372337721 ) ) ;
#6693 = DIRECTION ( 'NONE',  ( -0.000000000000000000, 1.000000000000000000, -0.000000000000000000 ) ) ;
#6694 = VECTOR ( 'NONE', #2130, 39.37007874015748854 ) ;
#6695 = AXIS2_PLACEMENT_3D ( 'NONE', #2172, #1719, #549 ) ;
#6696 = DIRECTION ( 'NONE',  ( -0.8660254037844385966, 0.000000000000000000, -0.5000000000000002220 ) ) ;
#6697 = CARTESIAN_POINT ( 'NONE',  ( -1.809200813408548214, 0.000000000000000000, -3.181366506339445621 ) ) ;
#6698 = ORIENTED_EDGE ( 'NONE', *, *, #3261, .F. ) ;
#6699 = ORIENTED_EDGE ( 'NONE', *, *, #5982, .F. ) ;
#6700 = ORIENTED_EDGE ( 'NONE', *, *, #4938, .F. ) ;
#6701 = VECTOR ( 'NONE', #1874, 39.37007874015748143 ) ;
#6702 = DIRECTION ( 'NONE',  ( 0.9999415181893571702, 0.000000000000000000, 0.01081481396803214701 ) ) ;
#6703 = PRODUCT_DEFINITION ( 'UNKNOWN', '', #2373, #3244 ) ;
#6704 = LINE ( 'NONE', #1378, #6694 ) ;
#6705 = AXIS2_PLACEMENT_3D ( 'NONE', #3252, #5968, #5933 ) ;
#6706 = DIRECTION ( 'NONE',  ( 0.000000000000000000, 1.000000000000000000, -0.000000000000000000 ) ) ;
#6707 = ORIENTED_EDGE ( 'NONE', *, *, #3750, .T. ) ;
#6708 = DIRECTION ( 'NONE',  ( 0.000000000000000000, 1.000000000000000000, -0.000000000000000000 ) ) ;
#6709 = EDGE_CURVE ( 'NONE', #1387, #2807, #1026, .T. ) ;
#6710 = CARTESIAN_POINT ( 'NONE',  ( 0.4777945899678088248, -0.3499999999999999778, -0.3254600353838704163 ) ) ;
#6711 = ADVANCED_FACE ( 'NONE', ( #2610 ), #2681, .F. ) ;
#6712 = CARTESIAN_POINT ( 'NONE',  ( -0.2503407046077100739, -0.3499999999999999778, 0.3450000000000000844 ) ) ;
#6713 = ORIENTED_EDGE ( 'NONE', *, *, #1388, .F. ) ;
#6714 = DIRECTION ( 'NONE',  ( 1.000000000000000000, 0.000000000000000000, 0.000000000000000000 ) ) ;
#6715 = ITEM_DEFINED_TRANSFORMATION ( 'NONE', 'NONE', #5703,  #3479 ) ;
#6716 = VERTEX_POINT ( 'NONE', #4180 ) ;
#6717 = ADVANCED_FACE ( 'NONE', ( #5849 ), #5745, .F. ) ;
#6718 = CYLINDRICAL_SURFACE ( 'NONE', #5885, 0.2000000000000000389 ) ;
#6719 = LINE ( 'NONE', #2531, #5126 ) ;
#6720 = VECTOR ( 'NONE', #4612, 39.37007874015748854 ) ;
#6721 = ORIENTED_EDGE ( 'NONE', *, *, #4532, .T. ) ;
#6722 = DIRECTION ( 'NONE',  ( -0.5000000000000004441, 0.000000000000000000, -0.8660254037844383745 ) ) ;
#6723 = DIRECTION ( 'NONE',  ( 0.000000000000000000, 1.000000000000000000, -0.000000000000000000 ) ) ;
#6724 = LINE ( 'NONE', #2712, #5240 ) ;
#6725 = DIRECTION ( 'NONE',  ( 0.000000000000000000, 0.000000000000000000, -1.000000000000000000 ) ) ;
#6726 = PLANE ( 'NONE',  #718 ) ;
#6727 = EDGE_LOOP ( 'NONE', ( #3198, #3429, #6382, #1236 ) ) ;
#6728 = VERTEX_POINT ( 'NONE', #5261 ) ;
#6729 = VERTEX_POINT ( 'NONE', #6618 ) ;
#6730 = ADVANCED_FACE ( 'NONE', ( #3063 ), #1475, .F. ) ;
#6731 = CYLINDRICAL_SURFACE ( 'NONE', #2896, 0.2000000000000000389 ) ;
#6732 = CARTESIAN_POINT ( 'NONE',  ( 0.6590147425487534738, -0.3500000000000000333, -0.7999999999999999334 ) ) ;
#6733 = LINE ( 'NONE', #6176, #3365 ) ;
#6734 = ORIENTED_EDGE ( 'NONE', *, *, #3155, .T. ) ;
#6735 = CARTESIAN_POINT ( 'NONE',  ( 0.6840402866513261015, 1.000000000000000000, 1.879385241571821297 ) ) ;
#6736 = VERTEX_POINT ( 'NONE', #4727 ) ;
#6737 = ADVANCED_FACE ( 'NONE', ( #6865 ), #4210, .F. ) ;
#6738 = LINE ( 'NONE', #3156, #3437 ) ;
#6739 = CARTESIAN_POINT ( 'NONE',  ( -0.2000000000000001221, 0.2500000000000000000, -0.8000000000000000444 ) ) ;
#6740 = CARTESIAN_POINT ( 'NONE',  ( 2.614979001592705021, 1.000000000000000000, 2.270723508515694267 ) ) ;
#6741 = VECTOR ( 'NONE', #1005, 39.37007874015748143 ) ;
#6742 = DIRECTION ( 'NONE',  ( 0.000000000000000000, 0.000000000000000000, -1.000000000000000000 ) ) ;
#6743 = DIRECTION ( 'NONE',  ( 0.000000000000000000, 0.000000000000000000, 1.000000000000000000 ) ) ;
#6744 = EDGE_CURVE ( 'NONE', #3991, #5666, #1057, .T. ) ;
#6745 = ORIENTED_EDGE ( 'NONE', *, *, #4786, .F. ) ;
#6746 = CARTESIAN_POINT ( 'NONE',  ( 3.600000000000254996, 0.2500000000000000000, -0.2000000000002555012 ) ) ;
#6747 = AXIS2_PLACEMENT_3D ( 'NONE', #2271, #1176, #3982 ) ;
#6748 = ADVANCED_FACE ( 'NONE', ( #6378 ), #3202, .F. ) ;
#6749 = CARTESIAN_POINT ( 'NONE',  ( 3.117691453623971043, 1.000000000000000000, 1.800000000000014699 ) ) ;
#6750 = FACE_OUTER_BOUND ( 'NONE', #5740, .T. ) ;
#6751 = CIRCLE ( 'NONE', #3079, 0.2000000000000000389 ) ;
#6752 = ADVANCED_FACE ( 'NONE', ( #567 ), #5400, .F. ) ;
#6753 = ORIENTED_EDGE ( 'NONE', *, *, #1767, .F. ) ;
#6754 = ADVANCED_FACE ( 'NONE', ( #4287 ), #6411, .F. ) ;
#6755 = LINE ( 'NONE', #1336, #1333 ) ;
#6756 = CYLINDRICAL_SURFACE ( 'NONE', #3098, 0.2000000000000003164 ) ;
#6757 = CIRCLE ( 'NONE', #2643, 0.1000000000000000611 ) ;
#6758 = AXIS2_PLACEMENT_3D ( 'NONE', #474, #541, #2093 ) ;
#6759 = DIRECTION ( 'NONE',  ( -0.000000000000000000, 1.000000000000000000, -0.000000000000000000 ) ) ;
#6760 = DIRECTION ( 'NONE',  ( 0.000000000000000000, 0.000000000000000000, -1.000000000000000000 ) ) ;
#6761 = LINE ( 'NONE', #6239, #6864 ) ;
#6762 = ORIENTED_EDGE ( 'NONE', *, *, #6535, .T. ) ;
#6763 = EDGE_LOOP ( 'NONE', ( #3600, #6473 ) ) ;
#6764 = EDGE_LOOP ( 'NONE', ( #2542, #1843, #6139, #4845 ) ) ;
#6765 = DIRECTION ( 'NONE',  ( -1.000000000000000000, 0.000000000000000000, 1.707404996040164265E-16 ) ) ;
#6766 = VECTOR ( 'NONE', #2039, 39.37007874015748143 ) ;
#6767 = CARTESIAN_POINT ( 'NONE',  ( 2.000000000000255351, 0.5000000000000000000, -2.554279908338918867E-13 ) ) ;
#6768 = ORIENTED_EDGE ( 'NONE', *, *, #3261, .T. ) ;
#6769 = SHAPE_REPRESENTATION ( 'CoilWindingUnit', ( #3479 ), #3256 ) ;
#6770 = FACE_OUTER_BOUND ( 'NONE', #2241, .T. ) ;
#6771 = AXIS2_PLACEMENT_3D ( 'NONE', #3028, #6132, #915 ) ;
#6772 = ORIENTED_EDGE ( 'NONE', *, *, #5552, .F. ) ;
#6773 = PRODUCT_DEFINITION_SHAPE ( 'NONE', 'NONE',  #6920 ) ;
#6774 = DIRECTION ( 'NONE',  ( 1.000000000000000000, 0.000000000000000000, -1.036337966848352934E-16 ) ) ;
#6775 = CARTESIAN_POINT ( 'NONE',  ( 1.746607323071575735, 0.000000000000000000, -1.406318475930117273 ) ) ;
#6776 = EDGE_CURVE ( 'NONE', #2912, #6213, #4321, .T. ) ;
#6777 = VECTOR ( 'NONE', #1735, 39.37007874015748143 ) ;
#6778 = DIRECTION ( 'NONE',  ( 0.5000000000000002220, 0.000000000000000000, 0.8660254037844385966 ) ) ;
#6779 = ORIENTED_EDGE ( 'NONE', *, *, #163, .F. ) ;
#6780 = CARTESIAN_POINT ( 'NONE',  ( -3.117691453623995912, 0.000000000000000000, 1.799999999999970957 ) ) ;
#6781 = EDGE_CURVE ( 'NONE', #5111, #4173, #1700, .T. ) ;
#6782 = ORIENTED_EDGE ( 'NONE', *, *, #6781, .F. ) ;
#6783 = ITEM_DEFINED_TRANSFORMATION ( 'NONE', 'NONE', #2489,  #3479 ) ;
#6784 = EDGE_LOOP ( 'NONE', ( #5361, #2375 ) ) ;
#6785 = VECTOR ( 'NONE', #3896, 39.37007874015748143 ) ;
#6786 = CARTESIAN_POINT ( 'NONE',  ( 0.8267949192435893879, 0.5000000000000000000, 1.832050807568749384 ) ) ;
#6787 = CARTESIAN_POINT ( 'NONE',  ( 0.3795073712743766148, 0.3499999999999999778, -0.4438888888888889439 ) ) ;
#6788 = PRODUCT_RELATED_PRODUCT_CATEGORY ( 'part', '', ( #739 ) ) ;
#6789 = CARTESIAN_POINT ( 'NONE',  ( 0.6590147425487534738, 0.5000000000000000000, -0.5999999999999999778 ) ) ;
#6790 = VERTEX_POINT ( 'NONE', #2223 ) ;
#6791 = DIRECTION ( 'NONE',  ( -0.000000000000000000, 1.000000000000000000, -0.000000000000000000 ) ) ;
#6792 = AXIS2_PLACEMENT_3D ( 'NONE', #2425, #1837, #6722 ) ;
#6793 = FACE_OUTER_BOUND ( 'NONE', #5297, .T. ) ;
#6794 = VECTOR ( 'NONE', #560, 39.37007874015747433 ) ;
#6795 = CARTESIAN_POINT ( 'NONE',  ( 0.4340147425487538291, 0.3500000000000000333, 0.7999999999999999334 ) ) ;
#6796 = EDGE_CURVE ( 'NONE', #4073, #1611, #5362, .T. ) ;
#6797 = ADVANCED_FACE ( 'NONE', ( #6486 ), #5925, .F. ) ;
#6798 = DIRECTION ( 'NONE',  ( -0.000000000000000000, 1.000000000000000000, -0.000000000000000000 ) ) ;
#6799 = PLANE ( 'NONE',  #2962 ) ;
#6800 = VECTOR ( 'NONE', #1729, 39.37007874015748143 ) ;
#6801 = VECTOR ( 'NONE', #2488, 39.37007874015748143 ) ;
#6802 = EDGE_LOOP ( 'NONE', ( #2940, #3886, #2815, #1705 ) ) ;
#6803 = CARTESIAN_POINT ( 'NONE',  ( 2.402103586750209185, 2.438477365435683275, 3.526215246371390055 ) ) ;
#6804 = ORIENTED_EDGE ( 'NONE', *, *, #1834, .T. ) ;
#6805 = ORIENTED_EDGE ( 'NONE', *, *, #2749, .T. ) ;
#6806 = LINE ( 'NONE', #959, #6363 ) ;
#6807 = LINE ( 'NONE', #5194, #6576 ) ;
#6808 = AXIS2_PLACEMENT_3D ( 'NONE', #6007, #108, #5484 ) ;
#6809 = CARTESIAN_POINT ( 'NONE',  ( 0.000000000000000000, 0.5000000000000000000, 0.000000000000000000 ) ) ;
#6810 = ORIENTED_EDGE ( 'NONE', *, *, #4494, .F. ) ;
#6811 = DIRECTION ( 'NONE',  ( -0.9866281324090331317, 0.000000000000000000, 0.1629875097639798265 ) ) ;
#6812 = AXIS2_PLACEMENT_3D ( 'NONE', #5089, #2937, #847 ) ;
#6813 = ORIENTED_EDGE ( 'NONE', *, *, #6246, .F. ) ;
#6814 = DIRECTION ( 'NONE',  ( 0.000000000000000000, 1.000000000000000000, -0.000000000000000000 ) ) ;
#6815 = DIRECTION ( 'NONE',  ( 0.000000000000000000, 0.000000000000000000, -1.000000000000000000 ) ) ;
#6816 = LINE ( 'NONE', #2033, #6346 ) ;
#6817 = AXIS2_PLACEMENT_3D ( 'NONE', #1103, #3880, #6560 ) ;
#6818 = DIRECTION ( 'NONE',  ( -0.000000000000000000, 1.000000000000000000, -0.000000000000000000 ) ) ;
#6819 = VERTEX_POINT ( 'NONE', #2721 ) ;
#6820 = CARTESIAN_POINT ( 'NONE',  ( 0.6305891799356178051, 0.5000000000000000000, 0.6368577070100370774 ) ) ;
#6821 = ORIENTED_EDGE ( 'NONE', *, *, #3163, .F. ) ;
#6822 = ORIENTED_EDGE ( 'NONE', *, *, #4346, .F. ) ;
#6823 = LINE ( 'NONE', #5250, #1398 ) ;
#6824 = EDGE_CURVE ( 'NONE', #1935, #6222, #636, .T. ) ;
#6825 = PLANE ( 'NONE',  #2325 ) ;
#6826 = DIRECTION ( 'NONE',  ( -0.000000000000000000, -1.000000000000000000, -0.000000000000000000 ) ) ;
#6827 = ADVANCED_FACE ( 'NONE', ( #5367 ), #14, .F. ) ;
#6828 = APPLICATION_CONTEXT ( 'automotive_design' ) ;
#6829 = EDGE_LOOP ( 'NONE', ( #4171, #67, #1806, #1604 ) ) ;
#6830 = DIRECTION ( 'NONE',  ( 0.000000000000000000, 0.000000000000000000, -1.000000000000000000 ) ) ;
#6831 = EDGE_CURVE ( 'NONE', #3929, #4874, #5886, .T. ) ;
#6832 = DIRECTION ( 'NONE',  ( -0.000000000000000000, 1.000000000000000000, -0.000000000000000000 ) ) ;
#6833 = LINE ( 'NONE', #2015, #6794 ) ;
#6834 = CARTESIAN_POINT ( 'NONE',  ( -1.173205080756410723, 0.2500000000000000000, 1.632050807569005224 ) ) ;
#6835 = DIRECTION ( 'NONE',  ( 0.000000000000000000, 0.000000000000000000, -1.000000000000000000 ) ) ;
#6836 = ORIENTED_EDGE ( 'NONE', *, *, #137, .F. ) ;
#6837 = DIRECTION ( 'NONE',  ( 0.000000000000000000, 0.000000000000000000, 1.000000000000000000 ) ) ;
#6838 = EDGE_LOOP ( 'NONE', ( #938, #5440, #113, #5197 ) ) ;
#6839 = VERTEX_POINT ( 'NONE', #1410 ) ;
#6840 = DIRECTION ( 'NONE',  ( -1.000000000000000000, 0.000000000000000000, 1.493979371535144410E-16 ) ) ;
#6841 = EDGE_CURVE ( 'NONE', #1159, #4355, #1920, .T. ) ;
#6842 = CARTESIAN_POINT ( 'NONE',  ( 0.5435971967450640152, 1.000000000000000000, 3.420351227372345981 ) ) ;
#6843 = CARTESIAN_POINT ( 'NONE',  ( -0.2761998357659943282, 0.000000000000000000, 2.027827026023792278 ) ) ;
#6844 = DIRECTION ( 'NONE',  ( -0.000000000000000000, 1.000000000000000000, -0.000000000000000000 ) ) ;
#6845 = ORIENTED_EDGE ( 'NONE', *, *, #5631, .F. ) ;
#6846 = PLANE ( 'NONE',  #4089 ) ;
#6847 = EDGE_CURVE ( 'NONE', #2284, #3817, #2479, .T. ) ;
#6848 = EDGE_LOOP ( 'NONE', ( #4145, #4058, #5701, #3555 ) ) ;
#6849 = ADVANCED_FACE ( 'NONE', ( #6667 ), #2440, .F. ) ;
#6850 = CARTESIAN_POINT ( 'NONE',  ( 1.894249636900245948, 0.000000000000000000, -0.7747174387174642352 ) ) ;
#6851 = DIRECTION ( 'NONE',  ( 0.000000000000000000, 0.000000000000000000, 1.000000000000000000 ) ) ;
#6852 = CARTESIAN_POINT ( 'NONE',  ( -2.484772072303366830, 0.000000000000000000, 2.422533111522297666 ) ) ;
#6853 = CARTESIAN_POINT ( 'NONE',  ( 2.241942925751030824, 0.000000000000000000, 0.04539509251636979215 ) ) ;
#6854 = DIRECTION ( 'NONE',  ( 0.7660444431189862291, -0.000000000000000000, -0.6427876096865294819 ) ) ;
#6855 = ORIENTED_EDGE ( 'NONE', *, *, #5554, .F. ) ;
#6856 = ITEM_DEFINED_TRANSFORMATION ( 'NONE', 'NONE', #2023,  #5255 ) ;
#6857 = CARTESIAN_POINT ( 'NONE',  ( -1.732050807568750406, 0.2500000000000000000, -0.9999999999997772893 ) ) ;
#6858 = DIRECTION ( 'NONE',  ( 0.000000000000000000, 1.000000000000000000, -0.000000000000000000 ) ) ;
#6859 = CARTESIAN_POINT ( 'NONE',  ( 0.6840402866513261015, 0.000000000000000000, 1.879385241571821297 ) ) ;
#6860 = AXIS2_PLACEMENT_3D ( 'NONE', #4253, #3699, #2578 ) ;
#6861 = VERTEX_POINT ( 'NONE', #3959 ) ;
#6862 = CARTESIAN_POINT ( 'NONE',  ( -0.6840402866513518587, 0.000000000000000000, 1.879385241571811749 ) ) ;
#6863 = LINE ( 'NONE', #6408, #5326 ) ;
#6864 = VECTOR ( 'NONE', #6170, 39.37007874015748143 ) ;
#6865 = FACE_OUTER_BOUND ( 'NONE', #628, .T. ) ;
#6866 = CARTESIAN_POINT ( 'NONE',  ( -3.017691453623594811, 0.5000000000000000000, 1.973205080757110208 ) ) ;
#6867 = UNCERTAINTY_MEASURE_WITH_UNIT (LENGTH_MEASURE( 1.000000000000000082E-05 ), #4303, 'distance_accuracy_value', 'NONE');
#6868 = VERTEX_POINT ( 'NONE', #368 ) ;
#6869 = CARTESIAN_POINT ( 'NONE',  ( 3.938789811728823143, 2.928964839118206598, 3.859618756977668763 ) ) ;
#6870 = ORIENTED_EDGE ( 'NONE', *, *, #4516, .T. ) ;
#6871 = ORIENTED_EDGE ( 'NONE', *, *, #4867, .T. ) ;
#6872 = AXIS2_PLACEMENT_3D ( 'NONE', #4974, #2946, #6672 ) ;
#6873 = CARTESIAN_POINT ( 'NONE',  ( -0.5435971967451100895, 0.000000000000000000, 3.420351227372337988 ) ) ;
#6874 = CARTESIAN_POINT ( 'NONE',  ( 2.818869976334500649, 1.000000000000000000, -2.334153484117214461 ) ) ;
#6875 = DIRECTION ( 'NONE',  ( 1.000000000000000222, 3.081487911019577365E-33, 0.000000000000000000 ) ) ;
#6876 = VECTOR ( 'NONE', #2517, 39.37007874015748143 ) ;
#6877 = ADVANCED_FACE ( 'NONE', ( #5099 ), #5135, .F. ) ;
#6878 = CARTESIAN_POINT ( 'NONE',  ( 1.632050807569260575, 0.2500000000000000000, 1.173205080756666296 ) ) ;
#6879 = CARTESIAN_POINT ( 'NONE',  ( -0.1999999999999999278, 0.2500000000000000000, 0.8000000000000001554 ) ) ;
#6880 = DIRECTION ( 'NONE',  ( -0.000000000000000000, 1.000000000000000000, -0.000000000000000000 ) ) ;
#6881 = ORIENTED_EDGE ( 'NONE', *, *, #1867, .T. ) ;
#6882 = DIRECTION ( 'NONE',  ( 0.1842885350501853869, 0.000000000000000000, -0.9828721869343218787 ) ) ;
#6883 = EDGE_CURVE ( 'NONE', #2474, #4530, #2372, .T. ) ;
#6884 = CYLINDRICAL_SURFACE ( 'NONE', #2808, 0.1000000000000000194 ) ;
#6885 = EDGE_CURVE ( 'NONE', #2400, #2216, #3426, .T. ) ;
#6886 = CARTESIAN_POINT ( 'NONE',  ( 3.117691453624106934, 0.5000000000000000000, -1.800000000000221201 ) ) ;
#6887 = ORIENTED_EDGE ( 'NONE', *, *, #83, .T. ) ;
#6888 = VECTOR ( 'NONE', #4619, 39.37007874015748143 ) ;
#6889 = CARTESIAN_POINT ( 'NONE',  ( -0.6120012254102470406, 0.000000000000000000, 3.608289751529518252 ) ) ;
#6890 = ORIENTED_EDGE ( 'NONE', *, *, #689, .T. ) ;
#6891 = CARTESIAN_POINT ( 'NONE',  ( -0.6590147425487534738, 0.3500000000000000333, -0.5999999999999998668 ) ) ;
#6892 = CARTESIAN_POINT ( 'NONE',  ( 0.000000000000000000, 1.000000000000000000, 0.000000000000000000 ) ) ;
#6893 = AXIS2_PLACEMENT_3D ( 'NONE', #1470, #5451, #2661 ) ;
#6894 = FACE_OUTER_BOUND ( 'NONE', #6096, .T. ) ;
#6895 = ORIENTED_EDGE ( 'NONE', *, *, #6654, .T. ) ;
#6896 = VECTOR ( 'NONE', #3835, 39.37007874015748143 ) ;
#6897 = VERTEX_POINT ( 'NONE', #6076 ) ;
#6898 = CARTESIAN_POINT ( 'NONE',  ( -0.3152945899678091246, -0.3499999999999999778, 0.3184288535050179836 ) ) ;
#6899 = CARTESIAN_POINT ( 'NONE',  ( -2.484772072303366830, 1.000000000000000000, 2.422533111522297666 ) ) ;
#6900 = NEXT_ASSEMBLY_USAGE_OCCURRENCE ( 'NAUO1', ' ', ' ', #888, #6494, $ ) ;
#6901 = NEXT_ASSEMBLY_USAGE_OCCURRENCE ( 'NAUO2', ' ', ' ', #888, #2566, $ ) ;
#6902 = NEXT_ASSEMBLY_USAGE_OCCURRENCE ( 'NAUO3', ' ', ' ', #888, #2566, $ ) ;
#6903 = NEXT_ASSEMBLY_USAGE_OCCURRENCE ( 'NAUO4', ' ', ' ', #2566, #6273, $ ) ;
#6904 = NEXT_ASSEMBLY_USAGE_OCCURRENCE ( 'NAUO5', ' ', ' ', #2566, #5763, $ ) ;
#6905 = NEXT_ASSEMBLY_USAGE_OCCURRENCE ( 'NAUO6', ' ', ' ', #2566, #5763, $ ) ;
#6906 = NEXT_ASSEMBLY_USAGE_OCCURRENCE ( 'NAUO7', ' ', ' ', #2566, #5763, $ ) ;
#6907 = NEXT_ASSEMBLY_USAGE_OCCURRENCE ( 'NAUO8', ' ', ' ', #2566, #5763, $ ) ;
#6908 = NEXT_ASSEMBLY_USAGE_OCCURRENCE ( 'NAUO9', ' ', ' ', #2566, #5763, $ ) ;
#6909 = NEXT_ASSEMBLY_USAGE_OCCURRENCE ( 'NAUO10', ' ', ' ', #2566, #5763, $ ) ;
#6910 = NEXT_ASSEMBLY_USAGE_OCCURRENCE ( 'NAUO11', ' ', ' ', #2566, #5763, $ ) ;
#6911 = NEXT_ASSEMBLY_USAGE_OCCURRENCE ( 'NAUO12', ' ', ' ', #2566, #5763, $ ) ;
#6912 = NEXT_ASSEMBLY_USAGE_OCCURRENCE ( 'NAUO13', ' ', ' ', #2566, #5763, $ ) ;
#6913 = NEXT_ASSEMBLY_USAGE_OCCURRENCE ( 'NAUO14', ' ', ' ', #2566, #5763, $ ) ;
#6914 = NEXT_ASSEMBLY_USAGE_OCCURRENCE ( 'NAUO15', ' ', ' ', #2566, #5763, $ ) ;
#6915 = NEXT_ASSEMBLY_USAGE_OCCURRENCE ( 'NAUO16', ' ', ' ', #2566, #5763, $ ) ;
#6916 = NEXT_ASSEMBLY_USAGE_OCCURRENCE ( 'NAUO17', ' ', ' ', #6494, #6703, $ ) ;
#6917 = NEXT_ASSEMBLY_USAGE_OCCURRENCE ( 'NAUO18', ' ', ' ', #6494, #5668, $ ) ;
#6918 = NEXT_ASSEMBLY_USAGE_OCCURRENCE ( 'NAUO19', ' ', ' ', #6494, #5668, $ ) ;
#6919 = NEXT_ASSEMBLY_USAGE_OCCURRENCE ( 'NAUO20', ' ', ' ', #6494, #5668, $ ) ;
#6920 = NEXT_ASSEMBLY_USAGE_OCCURRENCE ( 'NAUO21', ' ', ' ', #6494, #5668, $ ) ;
#6921 = NEXT_ASSEMBLY_USAGE_OCCURRENCE ( 'NAUO22', ' ', ' ', #6494, #5668, $ ) ;
#6922 = NEXT_ASSEMBLY_USAGE_OCCURRENCE ( 'NAUO23', ' ', ' ', #6494, #5668, $ ) ;
#6923 = NEXT_ASSEMBLY_USAGE_OCCURRENCE ( 'NAUO24', ' ', ' ', #6494, #5668, $ ) ;
#6924 = NEXT_ASSEMBLY_USAGE_OCCURRENCE ( 'NAUO25', ' ', ' ', #6494, #5668, $ ) ;
#6925 = NEXT_ASSEMBLY_USAGE_OCCURRENCE ( 'NAUO26', ' ', ' ', #6494, #5668, $ ) ;
#6926 = NEXT_ASSEMBLY_USAGE_OCCURRENCE ( 'NAUO27', ' ', ' ', #5668, #5253, $ ) ;
#6927 = NEXT_ASSEMBLY_USAGE_OCCURRENCE ( 'NAUO28', ' ', ' ', #5668, #4729, $ ) ;
ENDSEC;
END-ISO-10303-21;
